transaction_description,category
Our Lady of Good Health,Charity & Donations
POS DEBIT AXIRVADACHO KHUTIS,Charity & Donations
UPI-SHRINE OF ST. THOMAS,Charity & Donations
Bhatori Cross PAYMENT,Charity & Donations
NEFT-ST. PAULS ASHRAMAM SHRINE,Charity & Donations
St Gregorios Orthodox Church Kurishadi,Charity & Donations
POS DEBIT DR GEORGE'S HOMOEOPATHY,Charity & Donations
UPI-STI RASHTROLI PRASANNA,Charity & Donations
Nossa Senhora De Natividade PAYMENT,Charity & Donations
"NEFT-ST. JUDE SHRINE, SLEEVAPURAM",Charity & Donations
Small Church Cheeppad,Charity & Donations
"POS DEBIT ST SEBASTIAN,S CHURCH SHRINE",Charity & Donations
UPI-ST. KURIAKOSE CHURCH ENATHU KURISHUMOODU,Charity & Donations
Lamp PAYMENT,Charity & Donations
NEFT-ST. GEORGE SHRINE,Charity & Donations
St George Kurishinmoodu,Charity & Donations
POS DEBIT KUISHADI,Charity & Donations
UPI-DUALYA UDYAR MANDIR,Charity & Donations
Guirim Cross PAYMENT,Charity & Donations
NEFT-T.B. TRAN RASTA,Charity & Donations
Karmayogi Chauraha,Charity & Donations
POS DEBIT MAR GEEVARGHESE MAR GREGORIOS,Charity & Donations
UPI-HAZRAT BAGH NIZAM SHAH MAHAL,Charity & Donations
"St. Baselious Kurishumthotti, Marottikadavu PAYMENT",Charity & Donations
NEFT-DATTATTEYA,Charity & Donations
chortens,Charity & Donations
POS DEBIT PEER BABA,Charity & Donations
UPI-ST. GEORGE ORTHODOX VALIYAPALLI PUDUPPADY,Charity & Donations
Mother Mary Shrine PAYMENT,Charity & Donations
NEFT-KAPPELA,Charity & Donations
cross,Charity & Donations
POS DEBIT TEMPLE,Charity & Donations
UPI-DEATH OF KING,Charity & Donations
St.Jude's Shrine PAYMENT,Charity & Donations
NEFT-MARY OF HEALTH SHRINE,Charity & Donations
Devi Temple,Charity & Donations
POS DEBIT ST. PAUL'S CONVENT SHRINE,Charity & Donations
UPI-AYYAPPA TEMPLE,Charity & Donations
"St. Mary's Kurishumthotti, Nellimolam Pallithazham PAYMENT",Charity & Donations
NEFT-ST.MARY'S ORTHODOX CHURCH SHRINE,Charity & Donations
Saint Sebastian,Charity & Donations
POS DEBIT PARUMALA MAR GREGORIOS CROSS,Charity & Donations
UPI-ST. JOSEPH'S CHURCH KURISADI,Charity & Donations
St. Mary's Cross PAYMENT,Charity & Donations
NEFT-ST.MARY'S CROSS,Charity & Donations
Subrahmanya Swamy,Charity & Donations
POS DEBIT ST. THOMAS JACOBITE CHURCH SHRINE,Charity & Donations
UPI-ST. THOMAS ORTHODOX CHURCH,Charity & Donations
Our Lady Of Veilankanni Wayside Cross PAYMENT,Charity & Donations
NEFT-CHERIYAPANOM KURISUPALLI,Charity & Donations
Vailankanni Cross,Charity & Donations
POS DEBIT SYED SIMNAN,Charity & Donations
"UPI-ST JOSEPH CHAPEL , VEERANCHIRA",Charity & Donations
Guru Nathan Shrine PAYMENT,Charity & Donations
NEFT-MARIYA NAGAR,Charity & Donations
St. Antony's,Charity & Donations
POS DEBIT CHORTEN,Charity & Donations
UPI-PAMALA KURISHU(KURISHU),Charity & Donations
st joseph shrine PAYMENT,Charity & Donations
NEFT-MANGARAJ PUR-5KM,Charity & Donations
Mani wall,Charity & Donations
POS DEBIT ST.JOSEPH CATHOLIC CHURCH,Charity & Donations
UPI-CHEMPERI TOWN KAPPELA,Charity & Donations
Nepal PAYMENT,Charity & Donations
NEFT-ST. GEORGE KURISHADI,Charity & Donations
Sree Narayana Guru Shrine,Charity & Donations
POS DEBIT ST.GEORGE ORTHODOX KURISHUMOODU,Charity & Donations
UPI-SACRED HEART,Charity & Donations
Miracle Cross PAYMENT,Charity & Donations
NEFT-KOVIL KADAVU NAGARAJA KSHETRAN,Charity & Donations
St. George Kurishumthotti,Charity & Donations
POS DEBIT ST JUDE SHIRE,Charity & Donations
UPI-MOOSHIK SHRINE,Charity & Donations
Elakolloor Nandi Prathishta PAYMENT,Charity & Donations
NEFT-KURISHU PALLY,Charity & Donations
Sree Narayana Guru Mandiram,Charity & Donations
POS DEBIT ST MARY'S SHRINE,Charity & Donations
"UPI-ALPHONSANAGAR,IRUMALAKAPPU",Charity & Donations
MD Sha Asadullah Pirsaheb Mazar Sharif PAYMENT,Charity & Donations
NEFT-PADMATAMLI SITALA TEMPLE,Charity & Donations
Ganesh Murthy,Charity & Donations
POS DEBIT MOTHISARGODI CROSS,Charity & Donations
UPI-RAJARAJESWERI DEVI SHRINE,Charity & Donations
St. jacob chapel PAYMENT,Charity & Donations
NEFT-VALLARPADATHAMMA CHAPEL,Charity & Donations
St Antony Shrine,Charity & Donations
POS DEBIT ROADSIDE CROSS,Charity & Donations
UPI-HINDU SHRINE,Charity & Donations
Villagers Cross PAYMENT,Charity & Donations
NEFT-KATTUMUNDA,Charity & Donations
Oloti cross,Charity & Donations
POS DEBIT VENNIKULAM KURISHADI,Charity & Donations
UPI-THRIKKUNNATHU SEMINARY SHRINE,Charity & Donations
CSI PAYMENT,Charity & Donations
NEFT-ST GREGORIOS ORTHODOX CHURCH KURISHADI ALAKUZHY,Charity & Donations
Shiv Mandir,Charity & Donations
POS DEBIT BABA MAST MALANG DIDAR ALI,Charity & Donations
UPI-HOLY SPIRIT CHURCH,Charity & Donations
St. George Orthodox Valiyapally Vadapuram PAYMENT,Charity & Donations
NEFT-SANTOSHI MATA MANDIR,Charity & Donations
St Mary's Chapel,Charity & Donations
POS DEBIT SACRED HEARTS CHURCH KURISHADY,Charity & Donations
UPI-ST. GREGORIOS SHRINE,Charity & Donations
Surrounding Cross PAYMENT,Charity & Donations
NEFT-ST MORE ELIAS SHIRE,Charity & Donations
St. Georges Orthodox Church,Charity & Donations
POS DEBIT OUR LADY OF DOLLORS CHURCH KURUSHADI,Charity & Donations
UPI-CHERIAPALLYTHAZHAM,Charity & Donations
"Baselious Kurishumthotti, Pulikapadi PAYMENT",Charity & Donations
NEFT-PUNITHA VANATTHA CHINNAPPAR AALAYAM,Charity & Donations
Shivling,Charity & Donations
POS DEBIT MATA BHAGVATI,Charity & Donations
UPI-ST.EVUPRASIA BIRTH CHAPEL,Charity & Donations
"St. Antony Shrine, Muttom PAYMENT",Charity & Donations
NEFT-MANI,Charity & Donations
The Pentecostal Mission,Charity & Donations
POS DEBIT ST GREGORIOUS SHRINE,Charity & Donations
UPI-ST MAYS ORTHODOX CHURCH WAYSIDE CROSS,Charity & Donations
Kariya kaliamman temple PAYMENT,Charity & Donations
NEFT-MANI-WALL,Charity & Donations
Shanti ashram,Charity & Donations
POS DEBIT PALLIVETTA ALTHARA MAVILETHU,Charity & Donations
UPI-BINDASS BOYS KATTE,Charity & Donations
shrine PAYMENT,Charity & Donations
NEFT-INDIA,Charity & Donations
kurishupalli,Charity & Donations
POS DEBIT KURISADI,Charity & Donations
UPI-ST. JOHN THE BAPTIST CHURCH SHRINE,Charity & Donations
ayyappa madam PAYMENT,Charity & Donations
NEFT-ST. MICHAEL'S CHURCH,Charity & Donations
Lahansargodi cross,Charity & Donations
POS DEBIT ST. STEPHENS ORTHODOX CHURCH SHRINE,Charity & Donations
"UPI-MOR GEEVARGHESE & MOR BASELIOS SHRINE, NERIAMANGALAM",Charity & Donations
Daspara Durga Mandir PAYMENT,Charity & Donations
NEFT-ST.GEORGE ORTHODOX CHURCH CROSS TOWER,Charity & Donations
10.5 No,Charity & Donations
POS DEBIT ST.GEORGE JACOBITE CHAPPAL THAVALAPPARA,Charity & Donations
UPI-SRI MUNESHWARASWAMY TEMPLE,Charity & Donations
Muttom Church Kurishadi PAYMENT,Charity & Donations
NEFT-PANAMPADY CHURCH SHIRINE,Charity & Donations
road side cross,Charity & Donations
POS DEBIT CHITHARAL JAIN TEMPLE,Charity & Donations
UPI-SWAMI SIVANANDA ASHRAM KARAVADI,Charity & Donations
Sai Baba Board PAYMENT,Charity & Donations
NEFT-JESUS CHRIST CROSS,Charity & Donations
St.mary's cross,Charity & Donations
POS DEBIT SIOLIM CROSS,Charity & Donations
UPI-SERR AARRNNIIS CCC,Charity & Donations
Kurissumthotti PAYMENT,Charity & Donations
NEFT-SUBHASH NAGAR CHAURAHA,Charity & Donations
SNDP yogam - Sree Sharatha Devi Kshethram,Charity & Donations
POS DEBIT ST PETERS CHAPEL,Charity & Donations
UPI-ST. GREGORIOUS CHURCH KURISHADI,Charity & Donations
St. Gregorious kurishupally PAYMENT,Charity & Donations
NEFT-RAMAPURAM CHURCH CROSS,Charity & Donations
Fatima Mata Cross,Charity & Donations
POS DEBIT PULIKOTTUPADY KURISHADI,Charity & Donations
UPI-MANDIR,Charity & Donations
Madhoba Devi PAYMENT,Charity & Donations
NEFT-ST. GREGORIOUS SHRINE,Charity & Donations
Pandua Chowk,Charity & Donations
POS DEBIT CHORTEN,Charity & Donations
UPI-HANUMAN TEMPLE,Charity & Donations
KaliPokhri Shrine PAYMENT,Charity & Donations
NEFT-BHADRAKALI DEVI SHRINE,Charity & Donations
Prayer flags,Charity & Donations
POS DEBIT FENYADI AAYI,Charity & Donations
UPI-ST SEBASTIAN SHRINE,Charity & Donations
Ashoka shrine PAYMENT,Charity & Donations
NEFT-ST THOMAS KUTISHUMTHOTTI,Charity & Donations
Good shepard's cross,Charity & Donations
POS DEBIT GOPI URAWN CHOWK,Charity & Donations
UPI-SAINT ANTONY'S KAPELA,Charity & Donations
Physics PAYMENT,Charity & Donations
NEFT-ST. GEORGE MALANKARA KATHOLIKA CHURCH ENATHU KURISHADI,Charity & Donations
Vidya Ganapathi Alayam,Charity & Donations
POS DEBIT GROTTO OF MOTHER MARY,Charity & Donations
UPI-HAZRAT JAMALUDDIN KAMALUDDIN,Charity & Donations
St.Gregorious Shrine PAYMENT,Charity & Donations
NEFT-JESUS STATUE,Charity & Donations
Allnutt's Celtic Cross,Charity & Donations
POS DEBIT PERUMON AMALOBHAVAMATHA SHRINE,Charity & Donations
"UPI-ST. PETER'S AND ST.PAUL'S KURISHUMTHOTTI, MAROTTI KADAVU",Charity & Donations
Church Shrine PAYMENT,Charity & Donations
NEFT-CROSS,Charity & Donations
Jain temple,Charity & Donations
POS DEBIT KOKKAD KURISHADI,Charity & Donations
UPI-VLAMKULAM WAYSIDE CROSS,Charity & Donations
Cross Land Pulipparakunnu PAYMENT,Charity & Donations
NEFT-HOLY INNOCENT ORTHODOX CHURCH,Charity & Donations
holy cross,Charity & Donations
POS DEBIT KANIKKAMANDAPAM,Charity & Donations
UPI-CHAVARA,Charity & Donations
St. George Salem Jacobite Syrian Church PAYMENT,Charity & Donations
NEFT-PANAMPADY ST . MARYS,Charity & Donations
St. Mary's Church Shrine,Charity & Donations
POS DEBIT KSHETRAPAL MANDIR,Charity & Donations
UPI-DUNGESHWAR TEMPLE,Charity & Donations
Sarvajna Peeta PAYMENT,Charity & Donations
NEFT-CHURCHWARD CROSS,Charity & Donations
St. George's Cross Nedumpaikulam,Charity & Donations
POS DEBIT HOLY INNOCENTS ORTHODOX CHURCH,Charity & Donations
UPI-MAA KALI SHRINE,Charity & Donations
Palayam Kurishadi PAYMENT,Charity & Donations
"NEFT-ST. MARY'S KURISHUMTHOTTI, KURUPPAMPADI",Charity & Donations
Jamaluddin baba,Charity & Donations
POS DEBIT ST.MARY'S SHRINE,Charity & Donations
"UPI-KULAPPURAM SHRINE, (KURISHUPALLI)",Charity & Donations
Mar Bahanan Cross PAYMENT,Charity & Donations
NEFT-LITTLE HINDU TEMPLE,Charity & Donations
Saibaba Mandir,Charity & Donations
POS DEBIT MARY,Charity & Donations
UPI-ST.GEORGE ORTHODOX CHURCH,Charity & Donations
St. George Valiayappally Behanan Sahda Shrine PAYMENT,Charity & Donations
NEFT-ST. JOSEPH CHURCH KURISADI,Charity & Donations
Saint Simon's Church Shrine,Charity & Donations
POS DEBIT SARPPAKKAVU,Charity & Donations
UPI-ST. THOMAS ORTHODOX CHURCH WAYSIDE CROSS,Charity & Donations
"St.Kochu Therese Sherese Shrine,Karoor PAYMENT",Charity & Donations
NEFT-ST THOMAS ORTHODOX CROSS,Charity & Donations
Saint Sebastians Chapel,Charity & Donations
POS DEBIT CALVARY KONDA CROSS,Charity & Donations
UPI-SREE NARAYANA GURU MANDAPAM,Charity & Donations
St Mary's Orthodox Church Amichakary Kurishady PAYMENT,Charity & Donations
NEFT-SRI DEVI SHANTADURGA PRASANNA,Charity & Donations
"Saint Alphonsa Shrine, Cheruvally",Charity & Donations
POS DEBIT SNDP GURU MANDHIRAM,Charity & Donations
UPI-CONCRETE TYPE DONATION BOX,Charity & Donations
Cairn PAYMENT,Charity & Donations
NEFT-GANAPATHY,Charity & Donations
"St. Gregorious Kurishumthotti, Peechanam Mukal",Charity & Donations
POS DEBIT ST JOSEPH'S CHAPEL,Charity & Donations
UPI-ST. GREGOREOS SHRINE,Charity & Donations
Cemetry Shrine PAYMENT,Charity & Donations
NEFT-HARIKE BHAVI,Charity & Donations
Velankanni Matha Kurisu Palli,Charity & Donations
POS DEBIT ST.XAVIER'S SHRINE,Charity & Donations
UPI-MOTHI SARGODI CROSS,Charity & Donations
St. Mary's PAYMENT,Charity & Donations
NEFT-KALATHOOR KAVU,Charity & Donations
Kalpokhri Buddhist Chorten,Charity & Donations
POS DEBIT KURISHADI,Charity & Donations
UPI-PATHANAVILA KURISHADI,Charity & Donations
masjith PAYMENT,Charity & Donations
NEFT-PUTHENPALLY KAPPELA,Charity & Donations
Lato Shrine,Charity & Donations
POS DEBIT ST MARYS CHURCH KURISHADI,Charity & Donations
UPI-MAITI PARA HARI MANDIR,Charity & Donations
Friends Cross Juhu PAYMENT,Charity & Donations
NEFT-ST.JOSEPH'S SHRINE,Charity & Donations
Prayer Flags,Charity & Donations
POS DEBIT TINGLING BOYS CROSS,Charity & Donations
UPI-TO CHANDIGARH,Charity & Donations
Ziyarat Khwaja Masood PAYMENT,Charity & Donations
NEFT-ST.MARY'S CHAPEL AMBIKAMARKET,Charity & Donations
St.Elias Shrine,Charity & Donations
POS DEBIT ST GEORGE SHRINE,Charity & Donations
UPI-MAR GREGORIOUS ORTHODOX WAYSIDE CROSS,Charity & Donations
PUTHANANGADI SHRINE PAYMENT,Charity & Donations
NEFT-ST GREGORIOS KURISHUM SAUDHAM,Charity & Donations
St.Marys chapel,Charity & Donations
POS DEBIT 2NO RANAGHAT RAILWAY CROSS,Charity & Donations
UPI-GIVARGIS PUNYALAN KURISHADI,Charity & Donations
Sri Arulmiga Senkazhuneer Alayam PAYMENT,Charity & Donations
NEFT-KURUSHADI,Charity & Donations
RC Church wayside cross,Charity & Donations
POS DEBIT SHREE GANAPATI PRASSAN,Charity & Donations
UPI-CHAPEL,Charity & Donations
Sagara Thara (Stella Maris) PAYMENT,Charity & Donations
NEFT-OUR LADY OF VELANKANNI,Charity & Donations
Calvary Konda,Charity & Donations
POS DEBIT ST. SIMON'S JACOBITE SYRIAN CHURCH SHRINE,Charity & Donations
UPI-ST MARYS MALANKARA CATHOLIC CHURCH,Charity & Donations
St Jude Shrine PAYMENT,Charity & Donations
NEFT-SAINT ANTONY,Charity & Donations
"Mor Gregorios Kurishupally, Neriamangalam",Charity & Donations
POS DEBIT KAPELA,Charity & Donations
UPI-SAMADHI,Charity & Donations
S T Antony's shrine PAYMENT,Charity & Donations
NEFT-MANI WALL,Charity & Donations
Gurumandapam,Charity & Donations
POS DEBIT OOONUKAL KURISHADI,Charity & Donations
"UPI-ST. ANTONY'S SHRINE, THVALAPPARA",Charity & Donations
Mudiyoorkara PAYMENT,Charity & Donations
NEFT-VANAT CROSS,Charity & Donations
St peter's & St Pauls shrine,Charity & Donations
POS DEBIT TINY SHIVLING,Charity & Donations
UPI-ST JOSRPH CHURCH KURISADI,Charity & Donations
Gofbal Astaan PAYMENT,Charity & Donations
NEFT-FLOWER CHOWK,Charity & Donations
St. Francis Xavier,Charity & Donations
POS DEBIT ST ANTONY'S KAPPELA,Charity & Donations
UPI-HOLY CROSS BRITTO VADDO,Charity & Donations
St. George Jacobite Syrian Church PAYMENT,Charity & Donations
NEFT-DARGAH,Charity & Donations
Groto,Charity & Donations
POS DEBIT ST MARY'S CHURCH GROTTO,Charity & Donations
UPI-S T JOSEPH'S SHRINE,Charity & Donations
Shrine PAYMENT,Charity & Donations
NEFT-MAZAR,Charity & Donations
St. Thomas Orthodox Church Cross,Charity & Donations
POS DEBIT ST THERESA SHRINE,Charity & Donations
UPI-SACRED HEART CHURCH CROSS,Charity & Donations
Kanikka Mandapam Malampaara PAYMENT,Charity & Donations
NEFT-RAM BABU PARK,Entertainment & Recreation
ANU Fellows University Hostel,Entertainment & Recreation
POS DEBIT RAMNA FIELD,Entertainment & Recreation
UPI-MSA INDOOR STADIUM,Entertainment & Recreation
Gruenberg PAYMENT,Entertainment & Recreation
NEFT-BAGHLA SHOOTING RANGE,Entertainment & Recreation
Basapura Lake Park,Entertainment & Recreation
POS DEBIT SHIV PALACE,Entertainment & Recreation
UPI-LOCAL PARK 5,Entertainment & Recreation
JEC Hostel 6 PAYMENT,Entertainment & Recreation
NEFT-PUL,Entertainment & Recreation
Shree Om Dormitory,Entertainment & Recreation
POS DEBIT HOTEL CHENNAI PALACE,Entertainment & Recreation
UPI-NATURE EMBEDDED - THE TREE,Entertainment & Recreation
Karthik Hotel PAYMENT,Entertainment & Recreation
NEFT-HOMELY FOOD,Entertainment & Recreation
Navi Mumbai Sports Association,Entertainment & Recreation
POS DEBIT MOHAN PHOOL BHANDAR,Entertainment & Recreation
UPI-DRONA GYM AND FITNESS CLUB,Entertainment & Recreation
Seapoint Guesthouse PAYMENT,Entertainment & Recreation
NEFT-HOLLYWOOD & BOLLYWOOD THEATRES,Entertainment & Recreation
Hotel Six Season,Entertainment & Recreation
POS DEBIT MAA ANIMA LODGE,Entertainment & Recreation
UPI-KSCA CRICKET GROUND,Entertainment & Recreation
Mullayyanagiri PAYMENT,Entertainment & Recreation
NEFT-DHARMAVEER CHHATRAPATI SHRI SAMBHAJI MAHARAJ STATUE,Entertainment & Recreation
Srikripa tourist home,Entertainment & Recreation
POS DEBIT SHRIRAM CHITRA MANDIR,Entertainment & Recreation
UPI-KALINDI KUNJ PARK,Entertainment & Recreation
Greetings from Malleshwaram PAYMENT,Entertainment & Recreation
NEFT-GOLDEN BELLS LODGE,Entertainment & Recreation
Othallo's Fitness,Entertainment & Recreation
POS DEBIT STREETSCAPE,Entertainment & Recreation
UPI-Q8 HOME,Entertainment & Recreation
"B-Block Park, Sector-52 PAYMENT",Entertainment & Recreation
NEFT-DR FAYRER'S HOUSE,Entertainment & Recreation
Oval Garden,Entertainment & Recreation
POS DEBIT DEVNA BED & BREAKFAST,Entertainment & Recreation
UPI-MAA VAISHNAVI LODGE,Entertainment & Recreation
Kalikadavu Mini Stadium PAYMENT,Entertainment & Recreation
NEFT-TOWNHOUSE HOTEL,Entertainment & Recreation
Sadashivanagar Low Level Park,Entertainment & Recreation
POS DEBIT JUDICIAL OFFICERS GUEST HOUSE,Entertainment & Recreation
UPI-DINABANDHU MANCHA,Entertainment & Recreation
200 years of mission PAYMENT,Entertainment & Recreation
NEFT-COLLEGE WOMENS HOSTEL,Entertainment & Recreation
Hostel O3,Entertainment & Recreation
POS DEBIT MULLAPERIYAR DAM,Entertainment & Recreation
UPI-BOTADVADA DHARMSALA,Entertainment & Recreation
Vyankatesh Nagar Public Park PAYMENT,Entertainment & Recreation
NEFT-HOTEL GREEN VALLEY - OYO,Entertainment & Recreation
ambedkar Statue,Entertainment & Recreation
POS DEBIT SHEPHERDS'CAMP,Entertainment & Recreation
UPI-PREMATRIC TRIBAL GIRLS HOSTEL,Entertainment & Recreation
Maze PAYMENT,Entertainment & Recreation
NEFT-CV RAMAN STATUE,Entertainment & Recreation
Savitri Working Women's Hostel,Entertainment & Recreation
POS DEBIT MADAI FOREST GUESTHOUSE,Entertainment & Recreation
UPI-BAKSHI STREET,Entertainment & Recreation
All Seasons Beach Classic PAYMENT,Entertainment & Recreation
NEFT-CHELUDGAD SEEMA CAMP 01,Entertainment & Recreation
Coffee Museum,Entertainment & Recreation
POS DEBIT PRATIBHA,Entertainment & Recreation
UPI-DR. NANASAHEB DHARMADHIKARI KRIDA SANKUL (MHASOBA MAIDAN),Entertainment & Recreation
N9 Block PAYMENT,Entertainment & Recreation
NEFT-CJ PARK,Entertainment & Recreation
Hotelucho GK President,Entertainment & Recreation
POS DEBIT HOTEL NEW GIRRAJ GRAND PALACE,Entertainment & Recreation
UPI-ANNAMAYYA KALAVEDIKA,Entertainment & Recreation
Pin Parvati Pass PAYMENT,Entertainment & Recreation
NEFT-SOBUJ SANGHA GROUND,Entertainment & Recreation
shiv park gate,Entertainment & Recreation
POS DEBIT YUVARESHMI CLUB PLAY GROUND,Entertainment & Recreation
UPI-JOSHI'S HOMESTAY,Entertainment & Recreation
"Bharananganam Panchayath Volleyball stadium, choondacherry PAYMENT",Entertainment & Recreation
NEFT-MINI KANKRIYA,Entertainment & Recreation
Six Acre Ground Karakkad,Entertainment & Recreation
POS DEBIT ZELA LUXURY HEALTH CLUB,Entertainment & Recreation
UPI-RAJ MOHALLA GARDEN,Entertainment & Recreation
Street art on a wall PAYMENT,Entertainment & Recreation
NEFT-KANHA - MUKKI PERMITS,Entertainment & Recreation
Pancheshwar Park,Entertainment & Recreation
POS DEBIT CLUB MAHINDRA SHERWOOD MAHABALESHWAR,Entertainment & Recreation
UPI-RAKKAR SPORTS GROUND,Entertainment & Recreation
Chothavoor Higher Secondary School Play Ground PAYMENT,Entertainment & Recreation
"NEFT-RIDING SCHOOL, INSTRUCTIONAL LIVESTOCK FARM COMPLEX, COLLEGE OF VETERINARY AND ANIMAL SCIENCES",Entertainment & Recreation
Mavelipuram Park,Entertainment & Recreation
POS DEBIT SWAMI DAYANAND,Entertainment & Recreation
UPI-DRONAGIRI GUEST HOUSE,Entertainment & Recreation
Ground PAYMENT,Entertainment & Recreation
NEFT-PRIYADARSHANI INDIRA GANDHI PARK,Entertainment & Recreation
Tibet viewpoint,Entertainment & Recreation
POS DEBIT HOTEL MILLENIUM INN,Entertainment & Recreation
UPI-HOTEL NEW MADINA,Entertainment & Recreation
MangalMurti Himalayan Homestay PAYMENT,Entertainment & Recreation
NEFT-NEHRU ENCLAVE CLOTHES MARKET,Entertainment & Recreation
Vijayalakshmi PG,Entertainment & Recreation
POS DEBIT GANGA SAGAR SOCIETY PLAYGROUND,Entertainment & Recreation
UPI-HOTEL ATLANTIS - BUILDING - ANCHAL,Entertainment & Recreation
Cottage 3 - Shoveller PAYMENT,Entertainment & Recreation
NEFT-CDRT,Entertainment & Recreation
Total Tribal Literacy Declaration Parambikulam,Entertainment & Recreation
POS DEBIT PUSHKARINI,Entertainment & Recreation
UPI-C COLONY PARK,Entertainment & Recreation
Khuzupili Beach House PAYMENT,Entertainment & Recreation
NEFT-FLEMING MEN'S HOSTEL,Entertainment & Recreation
Platinum,Entertainment & Recreation
POS DEBIT VILLA VISTA,Entertainment & Recreation
UPI-BASAVANNA,Entertainment & Recreation
V K Rajan Memorial School Ground PAYMENT,Entertainment & Recreation
NEFT-THE VYSHAKH,Entertainment & Recreation
Geeta Nagar Garden,Entertainment & Recreation
POS DEBIT SHIVAM TOURIST GUEST HOUSE,Entertainment & Recreation
UPI-PARAMBIKULAM ALIYAR PROJECT MEMORIAL,Entertainment & Recreation
Puzhayoram Guest House PAYMENT,Entertainment & Recreation
NEFT-LAXMIKANT BERDE GARDEN,Entertainment & Recreation
Cinemarc Vihar,Entertainment & Recreation
POS DEBIT DANDELI RESORTS INN,Entertainment & Recreation
UPI-CHANNA REDDY ESTATE,Entertainment & Recreation
Hare Krishna Guest House PAYMENT,Entertainment & Recreation
NEFT-ANJUNA 3BR LUXURY VILLA SARA WITH PRIVATE POOL,Entertainment & Recreation
SOAU Stadium,Entertainment & Recreation
POS DEBIT JYOTHI ENTERPRISES,Entertainment & Recreation
UPI-VAGATOR 3BR LUXURY VILLA AROMA WITH PRIVATE POOL,Entertainment & Recreation
Kristi PAYMENT,Entertainment & Recreation
NEFT-KRISHNARPAN COLONY GARDEN,Entertainment & Recreation
Grotto Mary Statue,Entertainment & Recreation
POS DEBIT SIVA SANKAR,Entertainment & Recreation
UPI-HELINDA,Entertainment & Recreation
DHA PAYMENT,Entertainment & Recreation
NEFT-ATINDRA MULTIPLEX,Entertainment & Recreation
Peruvannamuzhi Reservoir View Point,Entertainment & Recreation
POS DEBIT CROWN CENTRAL PARK,Entertainment & Recreation
UPI-SUDAAMAA KUTTII PREM SROVR,Entertainment & Recreation
PARBEZ HOTEL PAYMENT,Entertainment & Recreation
NEFT-NSS PARK IN JCAS,Entertainment & Recreation
Sant Tukaram Maharaj Garden and jogging track,Entertainment & Recreation
POS DEBIT SIDDHI BEAUTY PARLOUR,Entertainment & Recreation
UPI-JESUS LAID IN THE TOMB,Entertainment & Recreation
Domail BC Tatakuti PAYMENT,Entertainment & Recreation
NEFT-HANUMAN DANDI BHAKT NIVAS,Entertainment & Recreation
Kalpana Chawla Ground,Entertainment & Recreation
POS DEBIT OPEN AIR AUDITORIUM,Entertainment & Recreation
UPI-SUKHDEV NAGAR GARDEN,Entertainment & Recreation
Hafil PAYMENT,Entertainment & Recreation
NEFT-GIRIRAJ ENTERPRISE,Entertainment & Recreation
Dhanashree Gardens,Entertainment & Recreation
POS DEBIT SHIRI LAXMI NARAYAN DHARAMSHALA,Entertainment & Recreation
UPI-SAILABHATT CHILDRENS PARK,Entertainment & Recreation
Aam Adami Ground PAYMENT,Entertainment & Recreation
NEFT-SHUHUL CONTINENTAL,Entertainment & Recreation
Brinthavan Residency,Entertainment & Recreation
"POS DEBIT MARTYR MEMORIAL, RAJGARH",Entertainment & Recreation
UPI-CORONATION GARDEN,Entertainment & Recreation
Kamat Executive Inn PAYMENT,Entertainment & Recreation
NEFT-SISDHU UDDAN PLAYGROUND,Entertainment & Recreation
Banking Museum,Entertainment & Recreation
POS DEBIT DWARKA SECTOR 11 SPORTS COMPLEX,Entertainment & Recreation
UPI-GURU LOGE,Entertainment & Recreation
Shivam Palace PAYMENT,Entertainment & Recreation
NEFT-BODY IMAGE FITNESS CENTER,Entertainment & Recreation
Lasermo,Entertainment & Recreation
POS DEBIT SANKALPA ART JOURNEYS,Entertainment & Recreation
UPI-GIRNAR FARM DELIVERY KAMREJ,Entertainment & Recreation
institute badminton court PAYMENT,Entertainment & Recreation
NEFT-PALACE HOTEL BIKANER HOUSE,Entertainment & Recreation
Mahalekshmi Theatre,Entertainment & Recreation
POS DEBIT HOTEL RATNAWALI,Entertainment & Recreation
UPI-TSAINA,Entertainment & Recreation
PM SECTOR YOJANA PARK PAYMENT,Entertainment & Recreation
NEFT-HOTEL ORIENT REGENCY,Entertainment & Recreation
Panchayath Playground Anikkad,Entertainment & Recreation
POS DEBIT LORD HANUMAN STATUE,Entertainment & Recreation
UPI-SHREE AMBA BHAGAT NI JAGYA DWARKA,Entertainment & Recreation
Childen Park Tekari PAYMENT,Entertainment & Recreation
NEFT-MINI PARK,Entertainment & Recreation
Dargah Rd. Entrance,Entertainment & Recreation
POS DEBIT SUNDARAYYA PARK,Entertainment & Recreation
UPI-VIVEKANANDA MUNCIPAL PARK,Entertainment & Recreation
Topscore Sports PAYMENT,Entertainment & Recreation
NEFT-APSARA VIHAR,Entertainment & Recreation
Pushpanjali Garden,Entertainment & Recreation
POS DEBIT ARAFA HOTEL AND FAMILY,Entertainment & Recreation
UPI-CHENTHARA GROUND,Entertainment & Recreation
hotel durga lunch home PAYMENT,Entertainment & Recreation
NEFT-LAKSHMI THEATER,Entertainment & Recreation
University Womens Hostel,Entertainment & Recreation
POS DEBIT LARSALE,Entertainment & Recreation
UPI-CHHOTODER ASHOR SHISHU UDYAN,Entertainment & Recreation
Bir-Aadri Homestay PAYMENT,Entertainment & Recreation
NEFT-MUNNI LAL FARM HOUSE,Entertainment & Recreation
Trident Hilton,Entertainment & Recreation
POS DEBIT OYO 1117 NEAR JUBILEE HILLS,Entertainment & Recreation
UPI-FLORA AIRPORT HOTEL,Entertainment & Recreation
The Palms Bar PAYMENT,Entertainment & Recreation
NEFT-KUNDANOOR NORTH MINI PARK,Entertainment & Recreation
Pool Villa,Entertainment & Recreation
POS DEBIT SPA BOYS HOSTEL 1,Entertainment & Recreation
UPI-GUWAHATI PLANETARIUM,Entertainment & Recreation
Silver Sand beach resort PAYMENT,Entertainment & Recreation
NEFT-DEVASANDRA LAKE PARK,Entertainment & Recreation
Beeji's Park,Entertainment & Recreation
POS DEBIT AKAL STADIUM,Entertainment & Recreation
UPI-KARBALA MAIDAN,Entertainment & Recreation
Vazhaplethu Kallumkal PAYMENT,Entertainment & Recreation
NEFT-THE ROYAL PALACE HOTEL AND MARRIAGE BANQUET HALL NAUGARH,Entertainment & Recreation
Hotel Snow View,Entertainment & Recreation
POS DEBIT LIG COLONY PARK,Entertainment & Recreation
UPI-MAMA'S KITCHEN AND HOMESTAY,Entertainment & Recreation
Mayura Lodge Residency PAYMENT,Entertainment & Recreation
NEFT-SAPTPURI COMPLEX (BEATLES ACCOMMODATION),Entertainment & Recreation
Body Park,Entertainment & Recreation
POS DEBIT MUTTATHU MELADATHU,Entertainment & Recreation
UPI-BATABARI TOURISM PROPERTY,Entertainment & Recreation
Pillars of Unity PAYMENT,Entertainment & Recreation
NEFT-ASHWINI #1,Entertainment & Recreation
"Hanging bridge, Lolegaon",Entertainment & Recreation
POS DEBIT AL-TORIUM STAGE,Entertainment & Recreation
UPI-GREEN VIEW HOLIDAY INN,Entertainment & Recreation
Thunacadavu Tree House PAYMENT,Entertainment & Recreation
NEFT-TRAVANCORE HERITAGE RESORT,Entertainment & Recreation
Allure Infinite Beauty,Entertainment & Recreation
POS DEBIT FRIENDS CLUB PLAYGROUND,Entertainment & Recreation
UPI-ARGORA FIELD,Entertainment & Recreation
Mounasamy nagar Park PAYMENT,Entertainment & Recreation
NEFT-MILITARY BOYS' HOSTEL KOPARGAON,Entertainment & Recreation
St'Thomas Balikabavan Nambikolly,Entertainment & Recreation
POS DEBIT KHAN MANZIL,Entertainment & Recreation
UPI-NEW HEMA NAGAR COLONY ARCH,Entertainment & Recreation
Parkuni PAYMENT,Entertainment & Recreation
NEFT-RAMA RESORT,Entertainment & Recreation
Lawerence School Grounds,Entertainment & Recreation
POS DEBIT HOTEL SHEHNAI GARDEN SAGAR,Entertainment & Recreation
UPI-SIVA SPORTS HUB,Entertainment & Recreation
Kailas Inn PAYMENT,Entertainment & Recreation
NEFT-SAMTAR YOGMA,Entertainment & Recreation
Prateek Enclave Park,Entertainment & Recreation
POS DEBIT KATRAJ PARK,Entertainment & Recreation
UPI-BALIBANDHA PARK,Entertainment & Recreation
"Medical College, Men's Hostel PAYMENT",Entertainment & Recreation
NEFT-ABHIRUCHI CITY PRIDE,Entertainment & Recreation
Powerstar Community crag,Entertainment & Recreation
POS DEBIT GIRLS' HOSTEL (MBBS),Entertainment & Recreation
UPI-FIGHT2FIT,Entertainment & Recreation
Seshu Mahal PAYMENT,Entertainment & Recreation
NEFT-VIVANTA BY TAJ - SURAJKUND,Entertainment & Recreation
Lokhandwala dharamshala,Entertainment & Recreation
POS DEBIT SIOLIM 4BR PRIVATE POOL VILLA ASPEN,Entertainment & Recreation
UPI-MAPUSA RESIDENCY,Entertainment & Recreation
GOVINDAM HOTEL PAYMENT,Entertainment & Recreation
NEFT-I SHREE HEALTH CLUB,Entertainment & Recreation
EMAX CINEMA,Entertainment & Recreation
POS DEBIT EAGLE FITNESS,Entertainment & Recreation
UPI-VITS HOTEL,Entertainment & Recreation
Kapil Internatinal Hotel PAYMENT,Entertainment & Recreation
NEFT-SHILPA GARDEN,Entertainment & Recreation
Sithargundu View Point 2,Entertainment & Recreation
POS DEBIT PICTURE GALLERY,Entertainment & Recreation
UPI-KALAMBOOR SCHOOL PLAYGROUND,Entertainment & Recreation
Hotel Aroma PAYMENT,Entertainment & Recreation
NEFT-VOLLEYBALL COURT KHANPUR,Entertainment & Recreation
Sri Aurobindo Memorial,Entertainment & Recreation
POS DEBIT RAJ MOON CAFE GUESTHOUSE,Entertainment & Recreation
UPI-NADA YOGA SCHOOL,Entertainment & Recreation
"Aamaghati Wildlife Resort, Ranthambore PAYMENT",Entertainment & Recreation
NEFT-MILL STONES OF GUN POWDER FACTORY,Entertainment & Recreation
Food stalls place,Entertainment & Recreation
POS DEBIT BABA BAGHEL SIKH MUSEUM,Entertainment & Recreation
UPI-BALA RESIDENCY,Entertainment & Recreation
Sapphire Suites PAYMENT,Entertainment & Recreation
NEFT-LNMIIT TENNIS COURT,Entertainment & Recreation
Open air Stage,Entertainment & Recreation
POS DEBIT DOSTEL,Entertainment & Recreation
UPI-AUROFIT FITNESS GYM,Entertainment & Recreation
IIM Sports Complex PAYMENT,Entertainment & Recreation
NEFT-PALANIANDAVAR THEATRE,Entertainment & Recreation
Punathil Heights,Entertainment & Recreation
POS DEBIT ROTI STOP,Entertainment & Recreation
UPI-HOTEL PRESIDENT,Entertainment & Recreation
Elysian Homestay PAYMENT,Entertainment & Recreation
NEFT-GANDHI BHAVAN,Entertainment & Recreation
Utsav Park,Entertainment & Recreation
POS DEBIT PURAMBOKU,Entertainment & Recreation
UPI-DAH CHILDREN PARK,Entertainment & Recreation
A Unisex Gym PAYMENT,Entertainment & Recreation
NEFT-MOUNT EMBASSY SILIGURII,Entertainment & Recreation
hotel aroma classic,Entertainment & Recreation
POS DEBIT STEP PYRAMID,Entertainment & Recreation
UPI-KTP RESTARANT,Entertainment & Recreation
Tombs PAYMENT,Entertainment & Recreation
NEFT-YOGI GARDEN,Entertainment & Recreation
Raj Gopala Chari Park,Entertainment & Recreation
POS DEBIT ELAPPULLY JAGADAMBIKA,Entertainment & Recreation
UPI-SHYAM CINEMA HALL,Entertainment & Recreation
Vardhaman Paradise PAYMENT,Entertainment & Recreation
NEFT-ANAS BIN HAMZA HOUSE,Entertainment & Recreation
New Zeenath,Entertainment & Recreation
POS DEBIT GOAN CAFE N RESORT,Entertainment & Recreation
UPI-STUDIO MONTAGE,Entertainment & Recreation
NMMC Playground PAYMENT,Entertainment & Recreation
NEFT-JAYANTA NATH DEVLEKAR KRIDANGAN (KDMC GROUND),Entertainment & Recreation
Jesus nailed to the Cross,Entertainment & Recreation
POS DEBIT CITY PALACE,Entertainment & Recreation
UPI-RAMAN THEATRE,Entertainment & Recreation
Roxxy Royal PAYMENT,Entertainment & Recreation
NEFT-GANGA GIRLS HOSTEL,Entertainment & Recreation
pandhakkapara mini stadiu,Entertainment & Recreation
POS DEBIT DEVI CHANDIKA FORT,Entertainment & Recreation
UPI-GARBI CHOWK,Entertainment & Recreation
Bengal Nagpur Railway Garden PAYMENT,Entertainment & Recreation
NEFT-AL HARAM,Entertainment & Recreation
Svaram Sound Garden,Entertainment & Recreation
POS DEBIT HOTEL BHARAT,Entertainment & Recreation
UPI-HOTEL GRAND,Entertainment & Recreation
Rani rudramadevi stadium PAYMENT,Entertainment & Recreation
NEFT-BALAJI FRAMES PHASE 2,Entertainment & Recreation
JV Cinemas,Entertainment & Recreation
POS DEBIT JAYA LAKSHMI THEATRE,Entertainment & Recreation
UPI-NANDINI LODGE,Entertainment & Recreation
Alamgir Paper Machie House PAYMENT,Entertainment & Recreation
NEFT-BANSADHARA HOSTEL,Entertainment & Recreation
Shepherd campsite,Entertainment & Recreation
POS DEBIT HOTEL SHAZIYA,Entertainment & Recreation
UPI-VIVEKANANDA HERITAGE MUSEUM,Entertainment & Recreation
akansha garden PAYMENT,Entertainment & Recreation
NEFT-ITSY HOTELS OASIS PRIDE,Entertainment & Recreation
Kumbah Hostel,Entertainment & Recreation
POS DEBIT FATIMA BASKETBALL COURT,Entertainment & Recreation
UPI-LAKSHMI CINEMAS 4K LASER,Entertainment & Recreation
Shiv Smarak PAYMENT,Entertainment & Recreation
NEFT-SANTI SANGAR PLAY GROUND,Entertainment & Recreation
Hill Top,Entertainment & Recreation
POS DEBIT FOOTBALL GROUND KARIPPALI,Entertainment & Recreation
UPI-GOBA GUEST-HOUSE,Entertainment & Recreation
Dugout PAYMENT,Entertainment & Recreation
NEFT-SUNSET POINT KALA DUNGAR,Entertainment & Recreation
Hotel Classic,Entertainment & Recreation
POS DEBIT HOTEL NIKI INTERNATIONAL,Entertainment & Recreation
UPI-VENKATAEESWARA GUEST ROOMS,Entertainment & Recreation
3BR Luxury Villa Ray with Private Pool PAYMENT,Entertainment & Recreation
NEFT-KERALA BIODIVERSITY MUSEUM,Entertainment & Recreation
Rana Kumbha's Palace,Entertainment & Recreation
POS DEBIT MALANDIGHI PLAYGROUND,Entertainment & Recreation
UPI-D-10 FITNESS CLUB,Entertainment & Recreation
Kaithakodi Kadavu PAYMENT,Entertainment & Recreation
NEFT-PARTH PUBLIC PARK,Entertainment & Recreation
old theatre,Entertainment & Recreation
POS DEBIT KERKAR,Entertainment & Recreation
UPI-HOSTEL LITTORAL,Entertainment & Recreation
Alder Cottage Khonoma PAYMENT,Entertainment & Recreation
NEFT-SURABURDI CLUB,Entertainment & Recreation
Mariposa,Entertainment & Recreation
POS DEBIT PONDICHERRY HARBOUR,Entertainment & Recreation
UPI-ADI SHANKARA FIRST YEAR HOSTEL,Entertainment & Recreation
BC-BD Block Community Park PAYMENT,Entertainment & Recreation
NEFT-MANDREM 3BR BEACHFRONT LUXURY VILLA W/PRIVATE POOL,Entertainment & Recreation
Jalagam Vengala rao Park Arch,Entertainment & Recreation
POS DEBIT SAGARA THEATRE KATTAPPANA,Entertainment & Recreation
UPI-TERMINAL 10,Entertainment & Recreation
Hotel Kamran Palace PAYMENT,Entertainment & Recreation
NEFT-KALAM MEMORIAL,Entertainment & Recreation
Gitanjali,Entertainment & Recreation
POS DEBIT SRADHA PARK,Entertainment & Recreation
UPI-FILM CITY MULTIPLEX,Entertainment & Recreation
Rajdhani Guest House PAYMENT,Entertainment & Recreation
NEFT-TASTE OF VILLAGE,Entertainment & Recreation
Chota Park,Entertainment & Recreation
POS DEBIT COSTA GAMA HOMESTAY,Entertainment & Recreation
UPI-KOLKATA POLICE MUSEUM,Entertainment & Recreation
Mavantoor Residency PAYMENT,Entertainment & Recreation
NEFT-COMMON LEOPARD,Entertainment & Recreation
basketball ground,Entertainment & Recreation
POS DEBIT PARA LAKE,Entertainment & Recreation
UPI-HANDI KHOH,Entertainment & Recreation
Furfura Sharif PAYMENT,Entertainment & Recreation
NEFT-ALKA THEATRE,Entertainment & Recreation
St. Thomas Boys Hostel,Entertainment & Recreation
POS DEBIT KFR GROUND PARK,Entertainment & Recreation
UPI-JAGADISHPUR CHILDREN'S PARK,Entertainment & Recreation
kmc ladies hostel PAYMENT,Entertainment & Recreation
NEFT-CHAMPION'S SQUARE,Entertainment & Recreation
modhva (fishing village),Entertainment & Recreation
POS DEBIT HOTEL ZODIAC,Entertainment & Recreation
UPI-UTTARHAT PLAYGROUND,Entertainment & Recreation
Khodiyar Dhara Waterfall PAYMENT,Entertainment & Recreation
NEFT-SHANTHI HOTEL & LODGE,Entertainment & Recreation
Mysore Bed and Breakfast,Entertainment & Recreation
POS DEBIT SALAMA,Entertainment & Recreation
UPI-CHHEND COLONY MINI STADIUM,Entertainment & Recreation
Karinkalkuzhi stadium ground PAYMENT,Entertainment & Recreation
NEFT-DHE RUCHI,Entertainment & Recreation
KET School Ground,Entertainment & Recreation
POS DEBIT QUEEN'S RESIDENCY,Entertainment & Recreation
UPI-BIJU HOTEL,Entertainment & Recreation
Indoor Stadium Ellahibagh PAYMENT,Entertainment & Recreation
NEFT-NOVA DE COCHIN (REAL LOCATION),Entertainment & Recreation
OYO 28622 OMR stays,Entertainment & Recreation
POS DEBIT MOKSHDA,Entertainment & Recreation
UPI-BRYANT PARK,Entertainment & Recreation
Chandmari PAYMENT,Entertainment & Recreation
NEFT-HOTEL OSCAR INN,Entertainment & Recreation
shree ram park,Entertainment & Recreation
POS DEBIT VIHAR,Entertainment & Recreation
UPI-SHEEN VILLA,Entertainment & Recreation
D BLock PAYMENT,Entertainment & Recreation
NEFT-KOCHAR MARKET CHOWK,Entertainment & Recreation
MSK Mill Road,Entertainment & Recreation
POS DEBIT LUDHIANA HOME,Entertainment & Recreation
UPI-THE CROWN HOSTEL (REAL ADDRESS),Entertainment & Recreation
Dr. BR Ambedkar Statue PAYMENT,Entertainment & Recreation
NEFT-OLD FERRY POINT,Entertainment & Recreation
Boy's Hostel 1,Entertainment & Recreation
POS DEBIT AEC CINEMAS,Entertainment & Recreation
UPI-SRADHANANDA PARK,Entertainment & Recreation
"Nocturnal house: pangolin, porcupine PAYMENT",Entertainment & Recreation
NEFT-GOVERNMENT PREMATRIC HOSTEL,Entertainment & Recreation
Nature Trail,Entertainment & Recreation
POS DEBIT PLAY GROUND ALNGCHEN,Entertainment & Recreation
UPI-MALLIKA BON ECO VILLAGE,Entertainment & Recreation
Radisson Jass PAYMENT,Entertainment & Recreation
NEFT-HOTEL MANISH,Entertainment & Recreation
Sai,Entertainment & Recreation
POS DEBIT GREEN,Entertainment & Recreation
UPI-MARATHA DARBAR,Entertainment & Recreation
Mindscape Landscape PAYMENT,Entertainment & Recreation
NEFT-SHANTHI NAGAR PARK,Entertainment & Recreation
Swargam,Entertainment & Recreation
POS DEBIT AURAM,Entertainment & Recreation
UPI-AARTI HOTEL,Entertainment & Recreation
Pratik Comforts PAYMENT,Entertainment & Recreation
NEFT-HOTEL JANATHA DELUXUE,Entertainment & Recreation
Sri Lakshmi Ladies PG,Entertainment & Recreation
POS DEBIT MAIN BOYS HOSTEL,Entertainment & Recreation
UPI-BAVANA THEATRE 2K 3D,Entertainment & Recreation
Miss America House Boat PAYMENT,Entertainment & Recreation
NEFT-ANUGRAHA JANAKEEYA HOTEL,Entertainment & Recreation
K-Grandeur Hotels,Entertainment & Recreation
POS DEBIT AMMAYUM KUNJUM,Entertainment & Recreation
UPI-PRK,Entertainment & Recreation
Wembley Sports Arena PAYMENT,Entertainment & Recreation
NEFT-AMAR JOTHI THEATRE,Entertainment & Recreation
Palm Meadows Park,Entertainment & Recreation
POS DEBIT CMS PLAYGROUND,Entertainment & Recreation
UPI-JSPM'S GIRLS' HOSTEL B,Entertainment & Recreation
Kamarajar Park PAYMENT,Entertainment & Recreation
NEFT-GREEN VISTA RESORT,Entertainment & Recreation
Opal Homes,Entertainment & Recreation
POS DEBIT ZERO MILE STONE,Entertainment & Recreation
UPI-DEVARAGAM MOVIES,Entertainment & Recreation
Agastya Ayurveda Hotel PAYMENT,Entertainment & Recreation
NEFT-MOTHER THERESA PEACE PARK,Entertainment & Recreation
Old Palace Theatre,Entertainment & Recreation
POS DEBIT BHAGWANT MAIDAN,Entertainment & Recreation
UPI-HOTEL BHABHA KINGSTONE,Entertainment & Recreation
Neela Guest House PAYMENT,Entertainment & Recreation
NEFT-FARCA,Entertainment & Recreation
KV Playground,Entertainment & Recreation
POS DEBIT KVG PLAY GROUND,Entertainment & Recreation
"UPI-O. P. JINDAL PARK, MILL GATE",Entertainment & Recreation
City Council Park PAYMENT,Entertainment & Recreation
NEFT-SOWMYA NAGAR PARK,Entertainment & Recreation
Railway Children's Park,Entertainment & Recreation
POS DEBIT BAMBOO PARK,Entertainment & Recreation
UPI-DSA GROUND,Entertainment & Recreation
Club One football turf PAYMENT,Entertainment & Recreation
NEFT-CHUNWA TOLI,Entertainment & Recreation
Gun Park,Entertainment & Recreation
POS DEBIT HOCKEY FIELD IITGN,Entertainment & Recreation
UPI-RESIDENCY TOWERS,Entertainment & Recreation
Vazhiyoram PAYMENT,Entertainment & Recreation
NEFT-SAMKAR GOMPA,Entertainment & Recreation
Leon Maestro De Fitness,Entertainment & Recreation
POS DEBIT GUGALMARG,Entertainment & Recreation
UPI-KALASHAMALA PARK,Entertainment & Recreation
Bardhaman Science Centre Park PAYMENT,Entertainment & Recreation
NEFT-SN THEATER,Entertainment & Recreation
Poornchand Swimming Pool,Entertainment & Recreation
POS DEBIT DUDHSAGAR SWIMMING AREA,Entertainment & Recreation
UPI-SRI SIDDARAMESHWARA GROUNDS,Entertainment & Recreation
Anjali Grand PAYMENT,Entertainment & Recreation
NEFT-SHAMBARA TRIBE VILLAGE MINAPAI,Entertainment & Recreation
Ganesh Saray Dharmshala,Entertainment & Recreation
POS DEBIT CRICKET GROUND (MILLENIUM SCHOOL),Entertainment & Recreation
UPI-SHYAM SPORTS,Entertainment & Recreation
Old Basketball Court PAYMENT,Entertainment & Recreation
NEFT-HAKEEM GYMKHANA,Entertainment & Recreation
MNMJEC-Cricket and running track,Entertainment & Recreation
POS DEBIT SANDAL WOOD,Entertainment & Recreation
UPI-MARIA POINT,Entertainment & Recreation
Le Linda Homestay PAYMENT,Entertainment & Recreation
NEFT-HOTEL GREEN KRISHNA,Entertainment & Recreation
Town Ship,Entertainment & Recreation
POS DEBIT KAKATEEYA NAGAR PARK,Entertainment & Recreation
UPI-KALAKRITI ART GALLERY,Entertainment & Recreation
Grace Residency Airport PAYMENT,Entertainment & Recreation
NEFT-SHIV VATIKA,Entertainment & Recreation
KANNAMALA COLONY,Entertainment & Recreation
"POS DEBIT JAVAN SMRITJ STATUE ,KAKKAVAYAL JN",Entertainment & Recreation
UPI-GURUVAYOOR RESORTS,Entertainment & Recreation
Koppal fort wall ruins (to be verified in the field) PAYMENT,Entertainment & Recreation
NEFT-VISTANA,Entertainment & Recreation
RSCC Gym,Entertainment & Recreation
POS DEBIT WOMENS HALL,Entertainment & Recreation
UPI-VISHNU NILAYAM,Entertainment & Recreation
AR Fitness Gym PAYMENT,Entertainment & Recreation
NEFT-GMVN TOURIST REST HOUSE (NARGINGH),Entertainment & Recreation
puttu kada,Entertainment & Recreation
POS DEBIT MAA KAMAKHYA GUESTHOUSE,Entertainment & Recreation
UPI-GOVERNMENT PREMETRIC HOSTEL,Entertainment & Recreation
Daisy Banks PAYMENT,Entertainment & Recreation
NEFT-SHRADDHANJALI KANAN,Entertainment & Recreation
sreekrishna health club and multi gym,Entertainment & Recreation
POS DEBIT KNAYGOH KINNER CAMPS,Entertainment & Recreation
UPI-VASANT VIHAR DISTRICT PARK,Entertainment & Recreation
Suraj Pol Gate PAYMENT,Entertainment & Recreation
NEFT-SHISHU UDDAN,Entertainment & Recreation
Laitlum Grand Canyon,Entertainment & Recreation
POS DEBIT GOLPARK,Entertainment & Recreation
UPI-UTSAV KUNJ HOTEL & MARRIAGE HALL,Entertainment & Recreation
Tamilnadu Tourism PAYMENT,Entertainment & Recreation
NEFT-GOVT PARK,Entertainment & Recreation
Viswadeepthi CMI Public School Ground,Entertainment & Recreation
POS DEBIT BADMINTON GROUND PLAYGROUND,Entertainment & Recreation
UPI-SUJATHA RESIDENCY,Entertainment & Recreation
Oil and Natural Gos Corporation PAYMENT,Entertainment & Recreation
NEFT-NARMADA MARBLE VALLEY,Entertainment & Recreation
Asian srinivasa theatre,Entertainment & Recreation
POS DEBIT JAGAT PALACE PUSHKAR,Entertainment & Recreation
UPI-KUMARAKOM CRAFT MUSEUM,Entertainment & Recreation
VKCET Ladies Hostel PAYMENT,Entertainment & Recreation
NEFT-HOTEL PRIMULA FOOD AND LODGE,Entertainment & Recreation
khass baag,Entertainment & Recreation
POS DEBIT NIMHANS HERITAGE MUSEUM,Entertainment & Recreation
UPI-SMALL DAMAN FORT,Entertainment & Recreation
Institute of Mountain Environment Park. PAYMENT,Entertainment & Recreation
NEFT-AMAR PALACE HOTEL,Entertainment & Recreation
sector 79 cricket field,Entertainment & Recreation
"POS DEBIT TAU DEVI LAL PARK,JAKHAL MANDI",Entertainment & Recreation
UPI-SRI MAYANGARA,Entertainment & Recreation
Ashoka Theatre Complex PAYMENT,Entertainment & Recreation
NEFT-SHENBAGANUR MUSEUM OF NATURAL HISTORY,Entertainment & Recreation
DD Urs Multipurpose Stadium,Entertainment & Recreation
POS DEBIT OYO 6432 STRAND RESORT,Entertainment & Recreation
UPI-KYZEEL HOSTEL,Entertainment & Recreation
Clarion Hotel PAYMENT,Entertainment & Recreation
NEFT-HOLIDAY SHIRE,Entertainment & Recreation
Vardhayani Society Park,Entertainment & Recreation
POS DEBIT PARK AVENUE,Entertainment & Recreation
UPI-THE BLACKBUCK LODGE,Entertainment & Recreation
Kissing Trees Homestay PAYMENT,Entertainment & Recreation
NEFT-AL FATAH,Entertainment & Recreation
Sadhu Vaswani Garden,Entertainment & Recreation
POS DEBIT ROYAL ICON,Entertainment & Recreation
UPI-OCEAN WORLD WATER PARK,Entertainment & Recreation
NITW Stadium PAYMENT,Entertainment & Recreation
NEFT-VASANT VIHAR GYMKHANA,Entertainment & Recreation
Kashi Vishwanath Homestay,Entertainment & Recreation
POS DEBIT SKVM,Entertainment & Recreation
UPI-GRAMAM HOMESTAY,Entertainment & Recreation
TMVM HS GROUND PAYMENT,Entertainment & Recreation
NEFT-CENTRAL LAWN,Entertainment & Recreation
Vadlamuri Rama Krishna raju home,Entertainment & Recreation
POS DEBIT ABSOLUTE FIT,Entertainment & Recreation
UPI-AQUA NOMAD,Entertainment & Recreation
konni eco tourism PAYMENT,Entertainment & Recreation
NEFT-POLICE GROUND,Entertainment & Recreation
Hotel greenland residency,Entertainment & Recreation
POS DEBIT LIONS GYM,Entertainment & Recreation
UPI-KALRAV VILLA,Entertainment & Recreation
AIT Girls Hostel PAYMENT,Entertainment & Recreation
NEFT-HPV705,Entertainment & Recreation
Jyoti Cinema Hall,Entertainment & Recreation
POS DEBIT THE LAKE PARADISE PARK,Entertainment & Recreation
UPI-JASMINN,Entertainment & Recreation
kabaddi ground PAYMENT,Entertainment & Recreation
NEFT-TCV SCHOOL PLAYGROUND,Entertainment & Recreation
Devi Ahilyabai Holker Park,Entertainment & Recreation
POS DEBIT P.P.GAGANGIRI ROAD,Entertainment & Recreation
UPI-KEDARKANTHA BASE CAMP,Entertainment & Recreation
Fatima PAYMENT,Entertainment & Recreation
NEFT-ACHUTAN HOTEL,Entertainment & Recreation
Aloft in Bir,Entertainment & Recreation
POS DEBIT RAMBAUG VAN VASAHAT,Entertainment & Recreation
UPI-NEW STAR DELUXE MENS HOSTEL,Entertainment & Recreation
Indra nagar park PAYMENT,Entertainment & Recreation
NEFT-SHEPHERDS LODGE DEVANGAN,Entertainment & Recreation
SNV Sadanam Working Women Hostel,Entertainment & Recreation
POS DEBIT CAIRO CENTRAL,Entertainment & Recreation
UPI-RAMA NILAYAM,Entertainment & Recreation
Lord Parasurama Statue PAYMENT,Entertainment & Recreation
NEFT-METROPOLITAN EXPRESS,Entertainment & Recreation
V. Venkatasubba Reddiar,Entertainment & Recreation
POS DEBIT HOTEL RAAMS,Entertainment & Recreation
UPI-A NIKHIL AYURVEDIC HERITAGE,Entertainment & Recreation
Assisi Hostel PAYMENT,Entertainment & Recreation
NEFT-DISTRICT STADIUM,Entertainment & Recreation
Decathlon Sports - HSR Connect,Entertainment & Recreation
POS DEBIT VALLEY VIEW,Entertainment & Recreation
UPI-RAJARAMBAPU PATIL NATYAGRUHA,Entertainment & Recreation
Byrasandra Lake Park PAYMENT,Entertainment & Recreation
NEFT-SHAMBAVI HOTELS,Entertainment & Recreation
Tunga,Entertainment & Recreation
POS DEBIT PUSH UP GYM & SPA,Entertainment & Recreation
UPI-CHOKKANAHALLI LAKE PARK,Entertainment & Recreation
Anson Sports PAYMENT,Entertainment & Recreation
NEFT-MOTHER TERESA PARK,Entertainment & Recreation
Buddha Inn,Entertainment & Recreation
POS DEBIT MOSHI TRAFFIC PARK,Entertainment & Recreation
UPI-PADMABATI LODGE,Entertainment & Recreation
OYO 68763 Hotel Ananya Residency PAYMENT,Entertainment & Recreation
NEFT-INDIA HOUSE,Entertainment & Recreation
guru govind school ground,Entertainment & Recreation
POS DEBIT JALVAYU VIHAR PHASE 2 BADMINTON COURT,Entertainment & Recreation
UPI-SRI SAI WOMENS HOSTEL,Entertainment & Recreation
Hotel Westend PAYMENT,Entertainment & Recreation
NEFT-ARYA,Entertainment & Recreation
Jain University Football Ground,Entertainment & Recreation
POS DEBIT GANDHI PUTALA,Entertainment & Recreation
UPI-LE-NONG HOMESTAY,Entertainment & Recreation
Taj City Centre New Town PAYMENT,Entertainment & Recreation
NEFT-SHILA INTERNATIONAL,Entertainment & Recreation
OYO 805 Hotel Manvins,Entertainment & Recreation
POS DEBIT RAINFOREST GUEST HOUSE,Entertainment & Recreation
UPI-MAHADEV STATUS,Entertainment & Recreation
Dinosaur Mountain PAYMENT,Entertainment & Recreation
NEFT-CHARU CHANDRA SANYAL,Entertainment & Recreation
Jayaram Jayalalithaa,Entertainment & Recreation
POS DEBIT DHMLLKAA,Entertainment & Recreation
UPI-SANDEEPANY HIMALAYAS,Entertainment & Recreation
Leela Paradise PAYMENT,Entertainment & Recreation
NEFT-SHANKAR GREEN PARK,Entertainment & Recreation
Timestar,Entertainment & Recreation
POS DEBIT CHILDREN PLAYING AREA,Entertainment & Recreation
UPI-DURGACHAK STADIUM,Entertainment & Recreation
Adithya Homestay PAYMENT,Entertainment & Recreation
NEFT-AKULA INDOOR CLUB,Entertainment & Recreation
Playground Manigam,Entertainment & Recreation
POS DEBIT SUKOON PARK,Entertainment & Recreation
UPI-CPT. VIKRAM BATRA INDOOR STADIUM,Entertainment & Recreation
Bluebay LuxuryCottages PAYMENT,Entertainment & Recreation
NEFT-SMALL 19 SEC PARK,Entertainment & Recreation
Tirkona park,Entertainment & Recreation
POS DEBIT RANI CHENNAMMA PARK,Entertainment & Recreation
UPI-PLAY ON FITNESS,Entertainment & Recreation
Primary School Chipiyana Buzurg PAYMENT,Entertainment & Recreation
NEFT-WELCO,Entertainment & Recreation
Nagarjuna Hostel,Entertainment & Recreation
POS DEBIT CRESSIDA CYRUS,Entertainment & Recreation
UPI-UDUPPI WOODLANDS HOTEL AND TOURIST HOME,Entertainment & Recreation
nature PAYMENT,Entertainment & Recreation
NEFT-FOOTBALL GROUND.,Entertainment & Recreation
Temblai Garden,Entertainment & Recreation
POS DEBIT WATER PARK,Entertainment & Recreation
UPI-SHAHEED KARTAR SINGH SARABHA MEMORIAL PARK,Entertainment & Recreation
ayyankavu maidhanam PAYMENT,Entertainment & Recreation
NEFT-AKSHAYREDDY GIRLS HOSTEL,Entertainment & Recreation
Rohini Garden Park,Entertainment & Recreation
POS DEBIT DWARAKA HOTEL,Entertainment & Recreation
UPI-NANO TECHNOLOGY,Entertainment & Recreation
Vivekanand Hostel PAYMENT,Entertainment & Recreation
NEFT-NAIR SAMAJAM SCHOOL GROUND,Entertainment & Recreation
Varadaraja Cinemas,Entertainment & Recreation
POS DEBIT MILONI PARK,Entertainment & Recreation
UPI-FABHOTEL CABANA,Entertainment & Recreation
Kids Playground PAYMENT,Entertainment & Recreation
NEFT-FABHOTEL CLOCK VIEW,Entertainment & Recreation
Jeejabai Ground,Entertainment & Recreation
POS DEBIT NATIONAL INSTITUTE OF AYURVED HOSTAL PARK,Entertainment & Recreation
UPI-SHIVAJI VATIKA,Entertainment & Recreation
Pandurangapuram Park PAYMENT,Entertainment & Recreation
NEFT-HI IN,Entertainment & Recreation
Mahant Ghasidas Memorial Museum,Entertainment & Recreation
POS DEBIT RS GYM,Entertainment & Recreation
UPI-PROFESSOR JAYA SHANKAR STATUE,Entertainment & Recreation
venkateswara movie theatre PAYMENT,Entertainment & Recreation
NEFT-RAJIV GHANDI SPORTS COMPLEX,Entertainment & Recreation
ager clube,Entertainment & Recreation
POS DEBIT HOTEL BHAGSU HEIGHTS,Entertainment & Recreation
UPI-LAKSHMIBAN,Entertainment & Recreation
rock garden PAYMENT,Entertainment & Recreation
NEFT-PITHAPURAM MAHA RAJA COLLEGE PLAY GROUND,Entertainment & Recreation
"Basketball Court 1, Department of Sports, DDU",Entertainment & Recreation
POS DEBIT PREMA HILLTOP HOTEL,Entertainment & Recreation
UPI-OMEGA ZONE,Entertainment & Recreation
Joby Hotel PAYMENT,Entertainment & Recreation
"NEFT-JAMDANI WEAVE, WEST BENGAL",Entertainment & Recreation
EKTA NAGAR PARK,Entertainment & Recreation
POS DEBIT RAMYA LADIES HOSTEL,Entertainment & Recreation
UPI-SILSILA WATER THEME PARK,Entertainment & Recreation
Rgs Sports Arena and Football Academy PAYMENT,Entertainment & Recreation
NEFT-STARLING RIVER RESORT,Entertainment & Recreation
Indiranagar Ladies PG,Entertainment & Recreation
POS DEBIT HOTEL WESTWOOD RIVERSIDE,Entertainment & Recreation
UPI-POOCHIRA PLAYGROUND,Entertainment & Recreation
Angels Beth Ladies Hostel PAYMENT,Entertainment & Recreation
NEFT-HIMALAYAN GUESTHOUSE,Entertainment & Recreation
Ambadi guest house,Entertainment & Recreation
POS DEBIT KRISHNA & DEV CINEPLEX,Entertainment & Recreation
UPI-SHAHEEDI PARK,Entertainment & Recreation
Ruby Isle Garden PAYMENT,Entertainment & Recreation
NEFT-SUNDERNAGAR STADIUM,Entertainment & Recreation
BasketBall Court,Entertainment & Recreation
POS DEBIT RATNAMMA GIRLS HOSTEL,Entertainment & Recreation
UPI-MALHOTRA,Entertainment & Recreation
Hotel K.K PAYMENT,Entertainment & Recreation
NEFT-HOTEL,Entertainment & Recreation
"Rajiv Eco park, IDUPULAPAYA",Entertainment & Recreation
POS DEBIT KPHB PARK,Entertainment & Recreation
UPI-HEYNIZ SPORTS AND FITTNESS,Entertainment & Recreation
Museum of Illusions PAYMENT,Entertainment & Recreation
NEFT-TYAGI VATIKA PARK,Entertainment & Recreation
Diamond International Fitness centre,Entertainment & Recreation
POS DEBIT HOTEL ELEGANCE RESORT,Entertainment & Recreation
UPI-SARVODAY PLAYGROUND,Entertainment & Recreation
Pehtang PAYMENT,Entertainment & Recreation
NEFT-KALAPANA CHAWLA LADIES HOSTEL,Entertainment & Recreation
Amma House,Entertainment & Recreation
POS DEBIT SREYAS LODGING,Entertainment & Recreation
UPI-KEMPEGOWDA STATUE PARK,Entertainment & Recreation
Ruins of Church of St. Augustine PAYMENT,Entertainment & Recreation
NEFT-RAJENDRA COLLEGE PLAYGROUND,Entertainment & Recreation
Baoli,Entertainment & Recreation
POS DEBIT BAVDHAN PUBLIC PLAYGROUND,Entertainment & Recreation
UPI-NARMADA GARDEN,Entertainment & Recreation
Microsoft Lake Park PAYMENT,Entertainment & Recreation
NEFT-PRATAP SWAMI TEMPLE RUINS TAPPER,Entertainment & Recreation
Tyagayya,Entertainment & Recreation
POS DEBIT PRENEM MULTIPURPOSE SPORTS INDOOR STADIUM,Entertainment & Recreation
UPI-SARTHAK RESORTS,Entertainment & Recreation
Nalthi Park. PAYMENT,Entertainment & Recreation
NEFT-THE NEST,Entertainment & Recreation
GreenLand,Entertainment & Recreation
POS DEBIT INSTITUTE MENEZES BRAGANZA,Entertainment & Recreation
UPI-KOTTUKKAL CAVE PARK,Entertainment & Recreation
MGM Park PAYMENT,Entertainment & Recreation
NEFT-TIMES SQUARE RESORT,Entertainment & Recreation
Hotel Dawar Heevon,Entertainment & Recreation
POS DEBIT OPEN AUDITORIUM,Entertainment & Recreation
UPI-KNDOOLAA PHAARM- KANDOLA FARM,Entertainment & Recreation
Kishor Sangho Football Playground. PAYMENT,Entertainment & Recreation
NEFT-PRIVATE BUS ENQUIRY,Entertainment & Recreation
Windsor Tennis Courts,Entertainment & Recreation
POS DEBIT THE STAGE,Entertainment & Recreation
UPI-ROSE GARDEN,Entertainment & Recreation
Hotel The Relax OYO PAYMENT,Entertainment & Recreation
NEFT-MIG PARK,Entertainment & Recreation
Phool Bagh,Entertainment & Recreation
POS DEBIT MOHAN THEATRE,Entertainment & Recreation
UPI-JYOTI CLUB,Entertainment & Recreation
Aristo Hospitality Apartment Santacruz PAYMENT,Entertainment & Recreation
NEFT-SHREE GUESTHOUSE,Entertainment & Recreation
Jari Mari Udhyan,Entertainment & Recreation
POS DEBIT KASHIM HOUSE,Entertainment & Recreation
UPI-BHA LIVING,Entertainment & Recreation
Kalpa Rakpa Regency Hotel PAYMENT,Entertainment & Recreation
NEFT-NEW LADIES HOSTEL,Entertainment & Recreation
NG Regency OYO,Entertainment & Recreation
POS DEBIT BAKULTALA PARK,Entertainment & Recreation
UPI-LIDO,Entertainment & Recreation
Hotel Chakkys PAYMENT,Entertainment & Recreation
NEFT-PAMBA 1,Entertainment & Recreation
Talk of the Town,Entertainment & Recreation
POS DEBIT MY ISLAND RESIDENCY,Entertainment & Recreation
UPI-MOUNTAIN TRAIL GUEST HOUSE,Entertainment & Recreation
Hotel Kensington PAYMENT,Entertainment & Recreation
NEFT-SHAJI HOTEL,Entertainment & Recreation
Ancoridge,Entertainment & Recreation
POS DEBIT PALLURUTHY AZAKIYAKAVU TEMPLE GROUND,Entertainment & Recreation
UPI-PUBLIC GYM IN VIVEKANANDA PARK,Entertainment & Recreation
Anjali Home Stay PAYMENT,Entertainment & Recreation
NEFT-MAHAVEER BAGH GARDEN,Entertainment & Recreation
Classic Tourist home,Entertainment & Recreation
POS DEBIT KASC FOOTBALL GROUND,Entertainment & Recreation
UPI-AARADHNA - SENIOR CITIZEN'S HOME FOR WOMEN,Entertainment & Recreation
National theater PAYMENT,Entertainment & Recreation
NEFT-HOTEL RAO ESTATE'S,Entertainment & Recreation
Nisargakavi Bahinabai Chaudhary Zoo,Entertainment & Recreation
POS DEBIT KALLARKUTTY ECCO TOURISM,Entertainment & Recreation
UPI-AIR INDIA PARK,Entertainment & Recreation
Cheema Chowk PAYMENT,Entertainment & Recreation
NEFT-INOX CINEMA,Entertainment & Recreation
anna,Entertainment & Recreation
POS DEBIT OVER HEAD WATER TANK,Entertainment & Recreation
UPI-MILON SANGHO FOOTBALL PLAYGROUND.,Entertainment & Recreation
Manali PAYMENT,Entertainment & Recreation
"NEFT-V K RAJAN MEMORIAL MUNICIPAL PARK, WARD 17",Entertainment & Recreation
Nartaki Theatre,Entertainment & Recreation
POS DEBIT KODUNGALLUR TEMPLE SATRAM,Entertainment & Recreation
UPI-FACULTY HOSTEL 1,Entertainment & Recreation
Glitz PAYMENT,Entertainment & Recreation
NEFT-VIDARBHA CRICKET ASSOCIATION STADIUM,Entertainment & Recreation
Pattakka International Turf Karekkad,Entertainment & Recreation
POS DEBIT SAROJINI NAIDU PARK,Entertainment & Recreation
UPI-ANEESHA,Entertainment & Recreation
"St Mary's High School, Umikuppa playground PAYMENT",Entertainment & Recreation
NEFT-AMALTAS,Entertainment & Recreation
Charghat Pilot High School Playground,Entertainment & Recreation
POS DEBIT HOTEL AMMA,Entertainment & Recreation
UPI-RANG PARIVARTAN,Entertainment & Recreation
Sidra Pristine Hotel PAYMENT,Entertainment & Recreation
NEFT-INTERPRETATION CENTRE,Entertainment & Recreation
Mannawaall Waterfall,Entertainment & Recreation
POS DEBIT ANANDA,Entertainment & Recreation
UPI-BALRAM DAS DHRMSALA,Entertainment & Recreation
AISA Tennis Academy PAYMENT,Entertainment & Recreation
NEFT-SRI KRANTHIKRA LODGE,Entertainment & Recreation
Laxmi Cineplex,Entertainment & Recreation
POS DEBIT RADISSON BLU HOTEL,Entertainment & Recreation
UPI-OLYANG BIIDANG,Entertainment & Recreation
Gowtham Budda PAYMENT,Entertainment & Recreation
NEFT-ZION,Entertainment & Recreation
Shakthi Veedu,Entertainment & Recreation
POS DEBIT KUSHALBAGH GROUND,Entertainment & Recreation
UPI-SHANBAG HOTEL,Entertainment & Recreation
Doctor Ambedkar National Memorial PAYMENT,Entertainment & Recreation
NEFT-ELEPHANT SALT POND,Entertainment & Recreation
Pepsi Ground,Entertainment & Recreation
POS DEBIT HOTEL CENTRUM,Entertainment & Recreation
UPI-ABHIAAK REGENCY,Entertainment & Recreation
Radhika Inn PAYMENT,Entertainment & Recreation
NEFT-SAVIO HOME,Entertainment & Recreation
Ashtapradhan Wade,Entertainment & Recreation
POS DEBIT RAYAS,Entertainment & Recreation
UPI-CHAPORA LUXURY VILLA MARIGOLD W/PRIVATE POOL,Entertainment & Recreation
FunCity PAYMENT,Entertainment & Recreation
NEFT-CHATRAPATHI SHIVAJI,Entertainment & Recreation
JK Tyre & Industries Limited - Transit House,Entertainment & Recreation
POS DEBIT KASHI VISHWANATH UDYAAN,Entertainment & Recreation
UPI-PEDDEM SPORTS COMPLEX,Entertainment & Recreation
Basket Ball Court PAYMENT,Entertainment & Recreation
NEFT-HOUSE BOATS,Entertainment & Recreation
Gaushala Cricket Ground,Entertainment & Recreation
POS DEBIT THE WESTINN,Entertainment & Recreation
UPI-PANCH DEV MANDIR,Entertainment & Recreation
St. Anthony Of Padua Monument PAYMENT,Entertainment & Recreation
NEFT-HOTEL GAURAV,Entertainment & Recreation
tadoba andhari tiger park,Entertainment & Recreation
POS DEBIT SEA VIEW POINT NDEG1,Entertainment & Recreation
UPI-LPC408,Entertainment & Recreation
Phoolbagh PAYMENT,Entertainment & Recreation
NEFT-MUNICIPAL HIGH SCHOOL PLAYGROUND,Entertainment & Recreation
Varca Beach Bon Vivant Guest House,Entertainment & Recreation
POS DEBIT MAHARAJA COLLEGE CENTENARY HALL,Entertainment & Recreation
UPI-REGIONAL MUSEUM OF NATURAL HISTORY,Entertainment & Recreation
Goodlife Fitness Centre PAYMENT,Entertainment & Recreation
NEFT-KHARPA HOMESTAY,Entertainment & Recreation
Raul Farmhouseq,Entertainment & Recreation
POS DEBIT KANCHENJUNGHA MEN'S HOSTEL,Entertainment & Recreation
UPI-FIT LINE GYM,Entertainment & Recreation
Wyndham Ahmedabad PAYMENT,Entertainment & Recreation
NEFT-HOTEL LE LOTUS GRAND,Entertainment & Recreation
Hotel Anandhas,Entertainment & Recreation
POS DEBIT SOWTHADKA MAHAGANAPATHI ENTRANCE ARCH,Entertainment & Recreation
UPI-BASIL HOTEL,Entertainment & Recreation
Gandhi Statue;Yellamma Banda PAYMENT,Entertainment & Recreation
NEFT-CANDOLIM AREA 4BR LUXURY VILLA BREEZE WITH PRIVATE POOL,Entertainment & Recreation
Broadway,Entertainment & Recreation
POS DEBIT YESHVIKA LADIES' HOSTEL,Entertainment & Recreation
UPI-PHOOL KUMARI KALITA STATUE,Entertainment & Recreation
maharoopa PAYMENT,Entertainment & Recreation
"NEFT-AE LAWNS, NIT KURUKSHETRA",Entertainment & Recreation
Aastha Kunj,Entertainment & Recreation
POS DEBIT DOOPANAHALLI PARK,Entertainment & Recreation
UPI-PINK HOUSE,Entertainment & Recreation
Ponmudi Guest House PAYMENT,Entertainment & Recreation
NEFT-AIR LINES,Entertainment & Recreation
Jack Corner,Entertainment & Recreation
POS DEBIT AJC BOSE HOSTEL NO 1,Entertainment & Recreation
UPI-L BLOCK GROUND,Entertainment & Recreation
Government guest house Agatti PAYMENT,Entertainment & Recreation
NEFT-ST. GEORGE GROUND MUTHALAKODAM,Entertainment & Recreation
Fortune Airport Road Kochi,Entertainment & Recreation
POS DEBIT GHASER MATH,Entertainment & Recreation
"UPI-PANCHAYAT PLAYGROUND, EZHOM",Entertainment & Recreation
DIYA PRASHAL PAYMENT,Entertainment & Recreation
NEFT-HEAVEN'S PEAK VIEWPOINT BELAPUR,Entertainment & Recreation
Cottage Art Emporium,Entertainment & Recreation
POS DEBIT SRY'Y YWB,Entertainment & Recreation
UPI-BRONTOSAURUS,Entertainment & Recreation
Hemareddy Mallamma Statue PAYMENT,Entertainment & Recreation
NEFT-MIMS PLAYGROUND,Entertainment & Recreation
DK Park,Entertainment & Recreation
POS DEBIT BHANU LODGE,Entertainment & Recreation
UPI-THE MANSION 1907,Entertainment & Recreation
Aradhana Garments PAYMENT,Entertainment & Recreation
NEFT-SAGAR VILLA COMPLEX,Entertainment & Recreation
Rosary School Ground,Entertainment & Recreation
POS DEBIT MOUNT POINSUR WATCH TOWER,Entertainment & Recreation
UPI-BAHIRGACHI FOOTBALL PLAY GROUND,Entertainment & Recreation
Chetpat Eco Park PAYMENT,Entertainment & Recreation
NEFT-PTM MODEL SCHOOL HOSTEL,Entertainment & Recreation
OYO Imax Inn,Entertainment & Recreation
POS DEBIT MANGO COUNTY RESORT,Entertainment & Recreation
UPI-RADHA KRISHNA DELUX LODGE,Entertainment & Recreation
MENS HOSTEL (kurunji) PAYMENT,Entertainment & Recreation
NEFT-ST.MARY'S BOYS HOSTEL,Entertainment & Recreation
La Paz,Entertainment & Recreation
POS DEBIT DENTAL COLLAGE HOSTEL,Entertainment & Recreation
UPI-RAAHATH INN,Entertainment & Recreation
Arjun Theatre PAYMENT,Entertainment & Recreation
NEFT-ANAND DIGHE GARDEN,Entertainment & Recreation
Sardar Garden,Entertainment & Recreation
POS DEBIT PARAMARTH ASHRAM,Entertainment & Recreation
"UPI-DR. PANJABRAO DESHMUKH MEMORIAL MEDICAL COLLEGE, AMRAVATI",Entertainment & Recreation
Emily's Womens PG PAYMENT,Entertainment & Recreation
NEFT-YANG LHA GUEST HOUSE,Entertainment & Recreation
Gokul park,Entertainment & Recreation
POS DEBIT GANDHI MURTI BANSWARA,Entertainment & Recreation
UPI-KUSUM THEATRE,Entertainment & Recreation
Agrawal Lodge PAYMENT,Entertainment & Recreation
NEFT-OYO 3380 GALLERY INN,Entertainment & Recreation
Balaari Top (4.737m),Entertainment & Recreation
POS DEBIT GANGA MAHAL GHAT,Entertainment & Recreation
UPI-HOTEL MEGHA VIEW,Entertainment & Recreation
Arjinder singh vilkhu PAYMENT,Entertainment & Recreation
NEFT-NAUBAT KHANA,Entertainment & Recreation
Rupalee Cinema,Entertainment & Recreation
POS DEBIT BADAMBA CRICKET & TENNIS GROUND,Entertainment & Recreation
UPI-AMARPALI WORKING WOMENS HOSTEL,Entertainment & Recreation
M Sector Udyaan PAYMENT,Entertainment & Recreation
NEFT-AUM YOG SAAGHN,Entertainment & Recreation
Hang Out beach stay,Entertainment & Recreation
POS DEBIT JUHU GROUND,Entertainment & Recreation
UPI-HOTEL SANGYELA LODGING,Entertainment & Recreation
"Pannat, Karayamparambu PAYMENT",Entertainment & Recreation
"NEFT-ESSENTIA PREMIER HOTEL, CHENNAI",Entertainment & Recreation
Hotel Pine Ridge,Entertainment & Recreation
POS DEBIT GOVERMENT PARK FOR PUBLIC,Entertainment & Recreation
UPI-SHELTER,Entertainment & Recreation
Dayanand Park PAYMENT,Entertainment & Recreation
NEFT-MESCE MEN'S HOSTEL PERIYAR BLOCK,Entertainment & Recreation
Samadhi,Entertainment & Recreation
POS DEBIT KUNJ NIWAS PG AND ONE ROOM SET,Entertainment & Recreation
UPI-HOTEL MANSAROVAR,Entertainment & Recreation
Mecon Colony Park PAYMENT,Entertainment & Recreation
NEFT-ARTISANS PRIDE,Entertainment & Recreation
mittal park,Entertainment & Recreation
POS DEBIT SUBASH CHANDRA BOSE,Entertainment & Recreation
UPI-ASHOKNAGAR 3NO. STADIUM,Entertainment & Recreation
Bilaval Billu Home PAYMENT,Entertainment & Recreation
NEFT-GTFA,Entertainment & Recreation
CIDCO Garden,Entertainment & Recreation
POS DEBIT BAPUJI FEILD,Entertainment & Recreation
UPI-SUDHA CINEPOLIS,Entertainment & Recreation
Jagruti Playground PAYMENT,Entertainment & Recreation
NEFT-PSG MEDICAL COLLEGE CRICKET GROUND,Entertainment & Recreation
Pawan Tata Motor Bhilwada bypass,Entertainment & Recreation
POS DEBIT CHILDREN PLAYGROUND,Entertainment & Recreation
UPI-VKCET HOSTEL MENS,Entertainment & Recreation
Gayatri Nagar Indoor Badminton Court PAYMENT,Entertainment & Recreation
NEFT-GVMC ZEN PARK,Entertainment & Recreation
Subhas Chandra Bose,Entertainment & Recreation
POS DEBIT BAOLI GHAUS ALI SHAH,Entertainment & Recreation
UPI-MAJOR UNIKRISHNAN UDYAN,Entertainment & Recreation
PVR Mega Mall PAYMENT,Entertainment & Recreation
NEFT-RAJA MAHENDRA PRATAP SINGH PARK,Entertainment & Recreation
Acharya Gym & Fitness Center,Entertainment & Recreation
POS DEBIT MAHARAJA YASHWANT RAO STATUE,Entertainment & Recreation
UPI-SRI PADHA VELABA LAKSHMI HOTEL,Entertainment & Recreation
Sunny's Indoor Badminton Court PAYMENT,Entertainment & Recreation
NEFT-REST-CAMP FIELD,Entertainment & Recreation
Chandar Taal Home Stay,Entertainment & Recreation
POS DEBIT TSG TENNIS COURT IITKGP,Entertainment & Recreation
UPI-HOTEL AMAR HERITAGE,Entertainment & Recreation
Sector 21 park PAYMENT,Entertainment & Recreation
NEFT-NEW LAXMAN NAGAR PARK,Entertainment & Recreation
Gate of Karma,Entertainment & Recreation
POS DEBIT TARKESHWAR MANDIR HILL,Entertainment & Recreation
UPI-YARLE PHARWAN,Entertainment & Recreation
Mazda Hall PAYMENT,Entertainment & Recreation
NEFT-HOTEL SHER SHAH BIHAR,Entertainment & Recreation
Pre-Metric Hostel,Entertainment & Recreation
POS DEBIT AGARWAL HOTEL AND RESTAURANT,Entertainment & Recreation
UPI-ABHIRAMI HOTEL,Entertainment & Recreation
Gymnasium PAYMENT,Entertainment & Recreation
NEFT-GAUTAM BUDH PARK,Entertainment & Recreation
royal building station,Entertainment & Recreation
POS DEBIT GODREJ AIR BASKETBALL HALF COURT,Entertainment & Recreation
UPI-SONAMCHAN,Entertainment & Recreation
Aditya Colive PAYMENT,Entertainment & Recreation
NEFT-CHANDRAPRABHA HOUSE,Entertainment & Recreation
Sai Tapovanam,Entertainment & Recreation
POS DEBIT COMFORTS,Entertainment & Recreation
UPI-DINESH PALLY PARK,Entertainment & Recreation
Nizar Kakkodi PAYMENT,Entertainment & Recreation
NEFT-PRL GUESTHOUSE,Entertainment & Recreation
Kanva Hotel,Entertainment & Recreation
POS DEBIT SHRI PRATAP YADAV STADIUM,Entertainment & Recreation
UPI-ARMY CAMP GROUND,Entertainment & Recreation
Body Fuel Fitness Club PAYMENT,Entertainment & Recreation
NEFT-THE LOST TRIBE CAMP,Entertainment & Recreation
Zanta,Entertainment & Recreation
POS DEBIT THE HAIWA BEACH RESIDENCY,Entertainment & Recreation
UPI-HOTEL PRAKASH,Entertainment & Recreation
Hotel Mahaveer PAYMENT,Entertainment & Recreation
NEFT-HOTEL ARYA NIWAS,Entertainment & Recreation
Gangani Tourist Spot,Entertainment & Recreation
POS DEBIT SPORTHOOD BADMINTON CENTRE DODDANEKUNDI,Entertainment & Recreation
UPI-HOTEL LAKE VIEW ASHOKA,Entertainment & Recreation
Silver Strip PAYMENT,Entertainment & Recreation
NEFT-RAM JAS PARK,Entertainment & Recreation
Shram kalyan Maidan,Entertainment & Recreation
POS DEBIT HOTEL VANDE MATHARAM,Entertainment & Recreation
UPI-CHANDRA SHALA,Entertainment & Recreation
childern`s park PAYMENT,Entertainment & Recreation
NEFT-HOTEL BUDDHA PARK,Entertainment & Recreation
Pir Kanthi 10893 Ft,Entertainment & Recreation
POS DEBIT WALL SCULPTURE OF BUDDHA,Entertainment & Recreation
UPI-M.X. LODGE,Entertainment & Recreation
Shibpur Sporting Club ground PAYMENT,Entertainment & Recreation
NEFT-LENDI COLLEGE BOYS HOSTEL,Entertainment & Recreation
Dakhni Sarai,Entertainment & Recreation
POS DEBIT MUKUND KENI PLAYGROUND,Entertainment & Recreation
UPI-GALGOTIA'S HOTEL,Entertainment & Recreation
mini central park PAYMENT,Entertainment & Recreation
NEFT-SINGAPORE PARK,Entertainment & Recreation
Dongpolas,Entertainment & Recreation
POS DEBIT APARTMENT,Entertainment & Recreation
UPI-TOWER OF PISA,Entertainment & Recreation
Dr B.R. Ambedkar Statue PAYMENT,Entertainment & Recreation
NEFT-MAYURESHWAR GANPATI PARK,Entertainment & Recreation
Satya Path Park,Entertainment & Recreation
POS DEBIT DONA HELENA HOLIDAY HOME,Entertainment & Recreation
UPI-THE GREAT ESCAPE,Entertainment & Recreation
Basket Ball Court Chowgan PAYMENT,Entertainment & Recreation
NEFT-LPC406,Entertainment & Recreation
Narsinh Mehta Statue,Entertainment & Recreation
POS DEBIT PANCHAYAT PLAYGROUND AAROORTOP,Entertainment & Recreation
UPI-HOTEL AMBIKA,Entertainment & Recreation
Basavanagudi Aquatic Centre PAYMENT,Entertainment & Recreation
NEFT-CHARTEN,Entertainment & Recreation
Genius English Hub,Entertainment & Recreation
POS DEBIT HOTEL SIA PALACE,Entertainment & Recreation
UPI-SHAHEED BHAGAT SINGH HOSTEL,Entertainment & Recreation
hotel saji PAYMENT,Entertainment & Recreation
NEFT-AK INTERNATIONAL LODGE,Entertainment & Recreation
Mazculine Gym,Entertainment & Recreation
POS DEBIT KALYAN HOUSE,Entertainment & Recreation
UPI-MORYA GOSAVI SPORTS GROUND,Entertainment & Recreation
HBC Joggers Park PAYMENT,Entertainment & Recreation
NEFT-AADITY MONL,Entertainment & Recreation
Sadguru Wade Wale And Special Missile House,Entertainment & Recreation
POS DEBIT BLOCK Q5,Entertainment & Recreation
UPI-MIDGARD GUESTHOUSE,Entertainment & Recreation
Alasr Heritage PAYMENT,Entertainment & Recreation
NEFT-RR FITNESS CLUB & GYM,Entertainment & Recreation
hotel shalimar true geoposition,Entertainment & Recreation
POS DEBIT MAJLIS LADIES HOSTEL,Entertainment & Recreation
UPI-DOCTOR MUJAHID PASHA PARK,Entertainment & Recreation
Rockland Park PAYMENT,Entertainment & Recreation
NEFT-SHANTI VIEWPOINT,Entertainment & Recreation
Nainampatty Cricket Ground Playground,Entertainment & Recreation
POS DEBIT MOUNT TABOR SCHOOL GROUND,Entertainment & Recreation
UPI-GOVT COLLEGE LADIES HOSTEL,Entertainment & Recreation
Nandakumar Sports Academy PAYMENT,Entertainment & Recreation
NEFT-LEHLING,Entertainment & Recreation
KMVN Jatuli,Entertainment & Recreation
POS DEBIT HOTEL MILLENNIUM,Entertainment & Recreation
UPI-SHIVPURI PARK,Entertainment & Recreation
Keralavarma Ladies Hostel PAYMENT,Entertainment & Recreation
NEFT-RABINDRA CHILDREN'S PARK,Entertainment & Recreation
Agradut Sangha Ground,Entertainment & Recreation
POS DEBIT PERUMPALLY BEACH,Entertainment & Recreation
UPI-THE RESIDENCY TOWERS RAMESHWARAM,Entertainment & Recreation
ROW Tennis Court 2 PAYMENT,Entertainment & Recreation
NEFT-TOPIARY PARK,Entertainment & Recreation
Lt Puneet Nath Datt Park,Entertainment & Recreation
POS DEBIT HOTEL O2 VIP,Entertainment & Recreation
UPI-MALABAR HOTEL KOLLENGODE,Entertainment & Recreation
TRIL Central Park PAYMENT,Entertainment & Recreation
NEFT-VEER TEJAJI STATUE,Entertainment & Recreation
APC Swmming Pool & Sports Complex,Entertainment & Recreation
POS DEBIT PARLIAMENT MUSEUM,Entertainment & Recreation
UPI-KARTHIKAPURAM GROUND,Entertainment & Recreation
Bastion Bungalow PAYMENT,Entertainment & Recreation
NEFT-ELITE GYM,Entertainment & Recreation
khaalsaa pNjaab,Entertainment & Recreation
POS DEBIT CHILDREN'S PARK MAMOOD,Entertainment & Recreation
UPI-PAL RAJAH RESORT,Entertainment & Recreation
Lakesong Kumarakom PAYMENT,Entertainment & Recreation
"NEFT-GREEN VALLEY CAMPING AND ADVENTURE, BOOK A CAMP 013",Entertainment & Recreation
Kalinga Badminton Stadium,Entertainment & Recreation
POS DEBIT HARLEIKA HAVELI,Entertainment & Recreation
UPI-DUTCH BUILDING,Entertainment & Recreation
Chitra Talkies PAYMENT,Entertainment & Recreation
NEFT-BHAGWAN SHRIKRISHNA PARK,Entertainment & Recreation
Vidyaben Vasant Gajendragadkar Udyan,Entertainment & Recreation
POS DEBIT FITNESS PLUS GYM,Entertainment & Recreation
UPI-HOTEL NEW STAR,Entertainment & Recreation
Kathjodi Riverfront Park PAYMENT,Entertainment & Recreation
NEFT-MLRIT AUDITORIUM,Entertainment & Recreation
thengumpana,Entertainment & Recreation
POS DEBIT HOTEL MADHUSUDAN,Entertainment & Recreation
UPI-FOOTBALL COURT,Entertainment & Recreation
Community Hall (Old) PAYMENT,Entertainment & Recreation
NEFT-ASHOKAN EDICT,Entertainment & Recreation
Durga Bari,Entertainment & Recreation
POS DEBIT KATTIPARA GRAMA PANCHAYATH,Entertainment & Recreation
UPI-EKALAVYA HOUSE,Entertainment & Recreation
Sadashiv Nagar Children's Park PAYMENT,Entertainment & Recreation
NEFT-HILTON GARDEN INN BENGALURU EMBASSY MANYATA BUSINESS PARK,Entertainment & Recreation
Pankaj Cinema,Entertainment & Recreation
POS DEBIT GRIWIKSH HOSTEL (HOSTEL G),Entertainment & Recreation
UPI-VICTORIA GUESTHOUSE,Entertainment & Recreation
Shiravne Ground PAYMENT,Entertainment & Recreation
NEFT-KALINA UNIVERSITY,Entertainment & Recreation
Lumbini Park,Entertainment & Recreation
POS DEBIT PEACE PARK,Entertainment & Recreation
UPI-TURF GROUNDS,Entertainment & Recreation
Tulsi Udyan PAYMENT,Entertainment & Recreation
NEFT-OBEROI CECIL,Entertainment & Recreation
Madappally College Ground,Entertainment & Recreation
POS DEBIT BASAVANA BETTA,Entertainment & Recreation
UPI-UPASANA HOSTEL,Entertainment & Recreation
Marina Cliff Hotel PAYMENT,Entertainment & Recreation
NEFT-CAPITAL O HOTEL ROYAL PALACE,Entertainment & Recreation
H-Block Playground,Entertainment & Recreation
POS DEBIT MOOTHAPPA VALANCHERI,Entertainment & Recreation
UPI-HOTEL SONAR BANGLA PURI,Entertainment & Recreation
Sunflag Guest House PAYMENT,Entertainment & Recreation
NEFT-TAJVIEW,Entertainment & Recreation
Minicipal Park,Entertainment & Recreation
POS DEBIT CHANDIGARH HOCKEY STADIUM,Entertainment & Recreation
UPI-SUPREME COTTAGE,Entertainment & Recreation
Barooah Chari Ali Park/Millenium Park PAYMENT,Entertainment & Recreation
NEFT-CHANDRA SHEKHAR AZAAD PARK,Entertainment & Recreation
IB VALLEY CHILDRENS PARK,Entertainment & Recreation
POS DEBIT KAPILA BUSINESS HOTEL,Entertainment & Recreation
UPI-HOTEL RAJDHANI GRAND,Entertainment & Recreation
Sri Shivakumara Swamiji Stadium PAYMENT,Entertainment & Recreation
NEFT-UPPER SHIVALAYA,Entertainment & Recreation
Chanchal Continental,Entertainment & Recreation
POS DEBIT MADAM,Entertainment & Recreation
UPI-PG GIRLS HOSTEL,Entertainment & Recreation
Kali Mandir Park PAYMENT,Entertainment & Recreation
"NEFT-TRIDENT HOTEL , JAIPUR",Entertainment & Recreation
kappad beach park,Entertainment & Recreation
POS DEBIT THE BOULEVARD,Entertainment & Recreation
UPI-CMRCET BASKETBALL COURT,Entertainment & Recreation
Nihab Faritha PAYMENT,Entertainment & Recreation
NEFT-HOTEL RICHA PALACE,Entertainment & Recreation
Amreshpuri ground,Entertainment & Recreation
POS DEBIT MAHESHWARI SAMAJ ATITHI GRUH,Entertainment & Recreation
UPI-GANDHINAGAR PLAYGROUND,Entertainment & Recreation
Tenneti Viswanadham park PAYMENT,Entertainment & Recreation
NEFT-SARASWATI DEVI IDOL,Entertainment & Recreation
Somnath Colony Somnathpur,Entertainment & Recreation
POS DEBIT RAMANJENAYA NAGARA PARK,Entertainment & Recreation
UPI-SS MEN'S HOSTEL & PG,Entertainment & Recreation
Kulik Bird Sanctuary PAYMENT,Entertainment & Recreation
NEFT-HOTEL MOTI PALACE,Entertainment & Recreation
Lekaru,Entertainment & Recreation
POS DEBIT VASWANI BRENTWOOD APARTMENTS TENNIS COURT,Entertainment & Recreation
UPI-MR. NAKO HOMESTAY,Entertainment & Recreation
All Seasons Guest House PAYMENT,Entertainment & Recreation
NEFT-THE VERDA WHITE SANDS RESORT,Entertainment & Recreation
Gayatri Residency,Entertainment & Recreation
POS DEBIT GETMUR,Entertainment & Recreation
UPI-DNYANESHWAR CINEMA,Entertainment & Recreation
Dreams of Polalum PAYMENT,Entertainment & Recreation
NEFT-JAHANUMA PALACE,Entertainment & Recreation
Jaisalmer War Museum,Entertainment & Recreation
POS DEBIT NTR PARK,Entertainment & Recreation
UPI-AHMEDABAD GYMKHANA CLUB,Entertainment & Recreation
MEC park PAYMENT,Entertainment & Recreation
NEFT-BODKE GROUND,Entertainment & Recreation
Devagouri's Ocean View,Entertainment & Recreation
POS DEBIT ATHLETICS,Entertainment & Recreation
UPI-SVM GRAND HOTEL,Entertainment & Recreation
Open Air Theatre PAYMENT,Entertainment & Recreation
NEFT-DALLAP GROUND,Entertainment & Recreation
Pratibad Playground,Entertainment & Recreation
POS DEBIT HAMILTON ISLAND,Entertainment & Recreation
UPI-THE POPSICLE STUDIO,Entertainment & Recreation
Noor Inn PAYMENT,Entertainment & Recreation
NEFT-HOTEL LOVE BIRDS,Entertainment & Recreation
Jolly Hills,Entertainment & Recreation
POS DEBIT GANDALA PASS 4900M,Entertainment & Recreation
UPI-VAZE TALIM,Entertainment & Recreation
Jamia Hamdard Cricket Field PAYMENT,Entertainment & Recreation
NEFT-POST METRIC HOSTEL,Entertainment & Recreation
Patto Plaza Park,Entertainment & Recreation
POS DEBIT RSCC,Entertainment & Recreation
UPI-SHANGRI-LA CAFE ROOMS,Entertainment & Recreation
Chamakkayam Riverside Park PAYMENT,Entertainment & Recreation
NEFT-NAYANDAHALLI LAKE PARK,Entertainment & Recreation
Apple Function hall,Entertainment & Recreation
POS DEBIT SHEPHERD CAMP,Entertainment & Recreation
UPI-KOTTIYAM GROUND,Entertainment & Recreation
Sunshine Paradise PG PAYMENT,Entertainment & Recreation
NEFT-HUMMING GARDEN PLAYGROUND,Entertainment & Recreation
Payal Forgings e,Entertainment & Recreation
POS DEBIT A J LADIES' HOSTEL,Entertainment & Recreation
UPI-RJNI PAARK,Entertainment & Recreation
nilhoi PAYMENT,Entertainment & Recreation
NEFT-GHUGHRA FALLS,Entertainment & Recreation
Manoranjan Ground-Brihanmumbai Mahanagarpalika,Entertainment & Recreation
POS DEBIT BOGMALO BEACH RESORT,Entertainment & Recreation
UPI-PANCHAYAT,Entertainment & Recreation
Koodal Stadium PAYMENT,Entertainment & Recreation
NEFT-COORG LAGOON RESORT,Entertainment & Recreation
church playground,Entertainment & Recreation
POS DEBIT OYO 45679 HOTEL TIRUMALA GRAND,Entertainment & Recreation
UPI-CBIT SPORTS BLOCK,Entertainment & Recreation
jamini mens hostel PAYMENT,Entertainment & Recreation
NEFT-ELASSERY HOUSE,Entertainment & Recreation
Dharmstoop,Entertainment & Recreation
POS DEBIT RABINDRA-NAZRUL PARK,Entertainment & Recreation
UPI-MALAMPUZHA YAKSHI,Entertainment & Recreation
The Local Gym PAYMENT,Entertainment & Recreation
NEFT-SUMMER GREEN RESORT,Entertainment & Recreation
HAL Sports Complex,Entertainment & Recreation
POS DEBIT 013,Entertainment & Recreation
UPI-HOSTEL 1ST YEAR,Entertainment & Recreation
Basketball court 1 PAYMENT,Entertainment & Recreation
NEFT-SVNIT TENNIS COURT,Entertainment & Recreation
Acharya Hostel Park,Entertainment & Recreation
POS DEBIT VINAYAK GUESTHOUSE,Entertainment & Recreation
UPI-DAKSHIN HOTEL,Entertainment & Recreation
Police Quarters Ground PAYMENT,Entertainment & Recreation
NEFT-KATRAJ TALAO,Entertainment & Recreation
Little tibet,Entertainment & Recreation
POS DEBIT EK NAYANAR MINI STADIUM,Entertainment & Recreation
UPI-SATYAWATI PALACE,Entertainment & Recreation
5BR Luxury Villa Blues with private pool PAYMENT,Entertainment & Recreation
NEFT-GUPTA FITNESS AND GYM,Entertainment & Recreation
APEX IN TOURIST HOME,Entertainment & Recreation
POS DEBIT HOTEL SILVER INN,Entertainment & Recreation
UPI-KAILASAM VIEW POINT,Entertainment & Recreation
Thangal Pond Park PAYMENT,Entertainment & Recreation
NEFT-VICEROY HOTEL,Entertainment & Recreation
Hotel Bhrigu,Entertainment & Recreation
POS DEBIT C N C,Entertainment & Recreation
UPI-HOTEL SARBHAWAL RESIDENCY,Entertainment & Recreation
Hotel Annapoorna PAYMENT,Entertainment & Recreation
NEFT-MARJORIE'S NOOK,Entertainment & Recreation
Mini Stadium Vattoli,Entertainment & Recreation
POS DEBIT K CRICKET ACADENY PRACTICE GROUND,Entertainment & Recreation
UPI-ACCARDIA RESIDENCY,Entertainment & Recreation
Reclaim Air and Water PAYMENT,Entertainment & Recreation
NEFT-NILGIRI,Entertainment & Recreation
Ameerpet playground,Entertainment & Recreation
POS DEBIT NEW EXECUTIVE HOSTEL,Entertainment & Recreation
UPI-PANJABRAO DESHMUKH MUSEAM,Entertainment & Recreation
Panikkarappuraya Mini Stadium PAYMENT,Entertainment & Recreation
NEFT-PUSHPAK,Entertainment & Recreation
Matikata Adarsha Degree College Playground,Entertainment & Recreation
POS DEBIT CLASSIC DE EVER GREEN RESORT,Entertainment & Recreation
UPI-PANKAJ TALKIES,Entertainment & Recreation
Union playground PAYMENT,Entertainment & Recreation
NEFT-NABIN SANGHA PARK,Entertainment & Recreation
Amma Guest House,Entertainment & Recreation
POS DEBIT LUXOR,Entertainment & Recreation
UPI-HOTEL MANSAROVAR,Entertainment & Recreation
rishra keventers park PAYMENT,Entertainment & Recreation
NEFT-LA FAUNE RESORT,Entertainment & Recreation
Mejwani pure veg,Entertainment & Recreation
POS DEBIT JASNAGARA FOODS,Entertainment & Recreation
"UPI-NSS KARAYOGAM AUDITORIUM, PALACHUVAD",Entertainment & Recreation
Cinesquare Cinemas PAYMENT,Entertainment & Recreation
NEFT-BIT PLAYGROUND,Entertainment & Recreation
Sagar Hotel,Entertainment & Recreation
POS DEBIT PORUR UCNNM AUPS SCHOOL,Entertainment & Recreation
UPI-LAKSHMI DEVI TEMPLE,Entertainment & Recreation
Teachers Hostel PAYMENT,Entertainment & Recreation
NEFT-ROOMS JANPATH,Entertainment & Recreation
Vanarodhanam,Entertainment & Recreation
POS DEBIT PRASHANTH,Entertainment & Recreation
UPI-PLAYHOUSE BY ESSEX,Entertainment & Recreation
cvv sports facility PAYMENT,Entertainment & Recreation
NEFT-PWD REST HOUSE,Entertainment & Recreation
Kalij pheasant,Entertainment & Recreation
POS DEBIT SHIV MANDIR AND PARK,Entertainment & Recreation
UPI-HOTEL HOLISTIC BLUE,Entertainment & Recreation
Manish Reddy Mens PG PAYMENT,Entertainment & Recreation
NEFT-KOVIL HOMESTAY,Entertainment & Recreation
The Countryside Villa,Entertainment & Recreation
POS DEBIT RANGSHILA THEATRE AND ACTING SCHOOL,Entertainment & Recreation
UPI-AARTI,Entertainment & Recreation
Maha guest house PAYMENT,Entertainment & Recreation
NEFT-BIRIYANI HOTEL,Entertainment & Recreation
Warrior Fitness Gym,Entertainment & Recreation
POS DEBIT SESHA MAHAL THEATER,Entertainment & Recreation
UPI-IES HOSTEL,Entertainment & Recreation
"E-Block, Godavari Hostel PAYMENT",Entertainment & Recreation
NEFT-ISHWAR CHANDRA VIDYASAGAR STATUE,Entertainment & Recreation
Emily and Sankrita Homestay,Entertainment & Recreation
POS DEBIT BC COLLAGE FIELD,Entertainment & Recreation
UPI-JOECONS BEACH RESORT,Entertainment & Recreation
Palamau PAYMENT,Entertainment & Recreation
NEFT-RAJAGIRI SPORTS & CULTURAL CENTRE,Entertainment & Recreation
Hotel Kunzam Bar & Restaurant,Entertainment & Recreation
POS DEBIT CHEAPEST OYO DEW DROP,Entertainment & Recreation
UPI-KENSINGTON SWIMMING POOL,Entertainment & Recreation
Ottucompany PAYMENT,Entertainment & Recreation
NEFT-SURYA SEN PLAYGROUND,Entertainment & Recreation
Puthenpeedika gym,Entertainment & Recreation
POS DEBIT SATOPANTH TAL,Entertainment & Recreation
UPI-NETAJI SUBHASH PARK,Entertainment & Recreation
dhan math PAYMENT,Entertainment & Recreation
NEFT-SUMMER PLAZA,Entertainment & Recreation
Meera Hotel,Entertainment & Recreation
POS DEBIT MUNROE COCONUT HOME STAY,Entertainment & Recreation
UPI-MAC FUN,Entertainment & Recreation
Shiv Mandir Ground ( Gandhi Ground ) PAYMENT,Entertainment & Recreation
NEFT-DRDO TRANSIT ACCOMODATION,Entertainment & Recreation
Golden Dust,Entertainment & Recreation
POS DEBIT AA EPSILON PREMIUM BEST COLIVING PG,Entertainment & Recreation
UPI-TEEN TALEY ECO RESORT,Entertainment & Recreation
Clara Prime Inn PAYMENT,Entertainment & Recreation
NEFT-RESIDENCE INN,Entertainment & Recreation
Saikatabas,Entertainment & Recreation
POS DEBIT CITY GRACE,Entertainment & Recreation
UPI-NK FITNESS GYM,Entertainment & Recreation
Ahinsa Vihar Colony Playground PAYMENT,Entertainment & Recreation
NEFT-SIVAGAMI NAGAR PARK,Entertainment & Recreation
CSIR CMERI Park And Playground,Entertainment & Recreation
POS DEBIT SEMOZHI POONGA,Entertainment & Recreation
UPI-NILGAI,Entertainment & Recreation
CIFNET Hostel PAYMENT,Entertainment & Recreation
NEFT-STARI HOTELS JABAIPUR ROAD SAGAR,Entertainment & Recreation
Krishna Tower,Entertainment & Recreation
POS DEBIT HAJURI GARDEN,Entertainment & Recreation
UPI-VAILANKANNI,Entertainment & Recreation
Bhagwan Mohata PAYMENT,Entertainment & Recreation
NEFT-SISU MANGAL PARK,Entertainment & Recreation
vinayaka Staue,Entertainment & Recreation
POS DEBIT BEING FIT GYM,Entertainment & Recreation
UPI-MELAKKADU MAYANAM,Entertainment & Recreation
Saser PAYMENT,Entertainment & Recreation
NEFT-ITHITHANAM HIGHER SECONDARY SCHOOL GROUND,Entertainment & Recreation
OM BISHNU HOTEL,Entertainment & Recreation
POS DEBIT RAJENDRA PRASAD CRICKET STADIUM,Entertainment & Recreation
UPI-BISWA FITNESS,Entertainment & Recreation
Vaishnav Bairagi (Ramanandi Sadhu) Samaj PAYMENT,Entertainment & Recreation
NEFT-BHAGWAN TALKIES,Entertainment & Recreation
sbi play ground,Entertainment & Recreation
POS DEBIT HOTEL SEA PEARL,Entertainment & Recreation
UPI-KISSANKOVIL GROUND,Entertainment & Recreation
Badminton C PAYMENT,Entertainment & Recreation
NEFT-CAMP AWARA,Entertainment & Recreation
Dormitory 13,Entertainment & Recreation
POS DEBIT SUSSEX CRICKET ACADEMY AND SPORTS ARENA,Entertainment & Recreation
UPI-EASTERN GATE,Entertainment & Recreation
Mens Basketball Court PAYMENT,Entertainment & Recreation
NEFT-RAMLAL PLAYGROUND,Entertainment & Recreation
Poorappuzha Bridge,Entertainment & Recreation
POS DEBIT SAHASTRADHARA HILL PARK,Entertainment & Recreation
UPI-MOUNTAIN,Entertainment & Recreation
Birla Dhramshala PAYMENT,Entertainment & Recreation
NEFT-GAYATHRI INN,Entertainment & Recreation
Coconut,Entertainment & Recreation
POS DEBIT ONE EARTH. THE HERITAGE KUD,Entertainment & Recreation
UPI-HOSTEL COMPLEX,Entertainment & Recreation
Open court 2 PAYMENT,Entertainment & Recreation
NEFT-THE LALIT GOLF & SPA RESORT,Entertainment & Recreation
Vinoy Bhavan,Entertainment & Recreation
POS DEBIT HOTEL SURIYA PLACE CHOMU,Entertainment & Recreation
UPI-MAJIGAON SCHOOL PLAYGROUND,Entertainment & Recreation
kottampara house PAYMENT,Entertainment & Recreation
NEFT-MYSURU RAIL MUSEUM,Entertainment & Recreation
Amrutanand Devi Park,Entertainment & Recreation
POS DEBIT DRUK HOTEL,Entertainment & Recreation
UPI-WEST MAMPATTA STADIUM,Entertainment & Recreation
Parvati and Ambika Girls Hostel PAYMENT,Entertainment & Recreation
NEFT-HOMESTAY COORG PULICKAL,Entertainment & Recreation
sports ground,Entertainment & Recreation
POS DEBIT DLF,Entertainment & Recreation
UPI-LATE.MARAL UDYAN,Entertainment & Recreation
Krishna Park PAYMENT,Entertainment & Recreation
NEFT-PWD GOVERNMENT REST HOUSE,Entertainment & Recreation
Frances Johnson's Mausoleum,Entertainment & Recreation
"POS DEBIT TIKONA PARK, OKHLA",Entertainment & Recreation
UPI-DUPLEX VILLA,Entertainment & Recreation
Jayanagar Park PAYMENT,Entertainment & Recreation
NEFT-RAMADASU,Entertainment & Recreation
sam,Entertainment & Recreation
POS DEBIT UPPUM MULAKUM,Entertainment & Recreation
UPI-KARTHIKA RESIDENCY,Entertainment & Recreation
vllccetttti via local play ground PAYMENT,Entertainment & Recreation
NEFT-VRINDAWAN GARDEN,Entertainment & Recreation
Swastik Bhoj and Homestay,Entertainment & Recreation
POS DEBIT HOTEL BAYWATCH,Entertainment & Recreation
UPI-ROYAL STAY INN,Entertainment & Recreation
Anchuruli Tunnel PAYMENT,Entertainment & Recreation
NEFT-SREEMANI TOURIST HOME,Entertainment & Recreation
Kohinoor Continental,Entertainment & Recreation
POS DEBIT BRAHMA TEMPLE,Entertainment & Recreation
UPI-HAROON PARK,Entertainment & Recreation
C wing PAYMENT,Entertainment & Recreation
NEFT-LMCST LADIES HOSTEL,Entertainment & Recreation
Statue of Miguel De Loyola Furtado,Entertainment & Recreation
POS DEBIT DAVINDER HOME,Entertainment & Recreation
UPI-PLAYGROUND,Entertainment & Recreation
Devi Janakeeya Hotel PAYMENT,Entertainment & Recreation
NEFT-HOTEL ROMA CENTRAL,Entertainment & Recreation
PVR Saket,Entertainment & Recreation
POS DEBIT HOTEL SURYODAYA,Entertainment & Recreation
UPI-ONAMMILE GROUND,Entertainment & Recreation
RBI Park PAYMENT,Entertainment & Recreation
NEFT-KULLU VALLEY VIEW,Entertainment & Recreation
Garden Of Conifers,Entertainment & Recreation
POS DEBIT NISARGA UDYAN,Entertainment & Recreation
UPI-GEORGY LODGE,Entertainment & Recreation
Sanidhya Inn PAYMENT,Entertainment & Recreation
NEFT-ARIA RESORT & SPA,Entertainment & Recreation
SM Residency,Entertainment & Recreation
POS DEBIT KONSHAKHUL WATERFALL,Entertainment & Recreation
UPI-CRICKET AND VOLLEY BALL GROUND,Entertainment & Recreation
132 kV GSS PAYMENT,Entertainment & Recreation
NEFT-SHRI M HAMID ANSARI - PLANTED TREE,Entertainment & Recreation
Vinay Sadan,Entertainment & Recreation
POS DEBIT PALEKUNNEL HOSTEL,Entertainment & Recreation
UPI-JAGGANATH PARK,Entertainment & Recreation
Kids Athletics and and fitness Academy PAYMENT,Entertainment & Recreation
NEFT-GANGA PARK,Entertainment & Recreation
Body Flex Fitness Center and Gymnasium,Entertainment & Recreation
POS DEBIT SBHS SCHOOL GROUND,Entertainment & Recreation
UPI-HOTEL PARADISE CONTINENTAL,Entertainment & Recreation
Vista Park PAYMENT,Entertainment & Recreation
NEFT-CETTM HOSTEL (MTNL GUESTHOUSE),Entertainment & Recreation
Focus theater,Entertainment & Recreation
"POS DEBIT TAJ EXOTICA RESORT & SPA, ANDAMANS",Entertainment & Recreation
UPI-NOTHAO LODGE,Entertainment & Recreation
Tow Dhey Himalaya Hotel & Restaurant PAYMENT,Entertainment & Recreation
NEFT-TRP ENGINEERING COLLEGE BOYS HOSTEL,Entertainment & Recreation
River Wind Cottage,Entertainment & Recreation
POS DEBIT POOL,Entertainment & Recreation
UPI-LIONS PARK,Entertainment & Recreation
Keerthi Auditorium And Indoor Badminton Court PAYMENT,Entertainment & Recreation
NEFT-MERIDIAN RESTUARANT,Entertainment & Recreation
Dharm Yatri Nivas,Entertainment & Recreation
POS DEBIT TRINETRA,Entertainment & Recreation
UPI-TRIBAL PRE MATRIC HOSTEL FOR GIRLS,Entertainment & Recreation
Twin park 2 PAYMENT,Entertainment & Recreation
NEFT-KATTABOMMAN STATUE,Entertainment & Recreation
Tomb Premesis,Entertainment & Recreation
POS DEBIT N.I.H. STAFF QUARTERS PLAYGROUND,Entertainment & Recreation
UPI-FATEPURA BYPASS CIRCLE,Entertainment & Recreation
Swasthi Heritage PAYMENT,Entertainment & Recreation
NEFT-INFANTRY ON TIGER HILL KARGIL,Entertainment & Recreation
Ladies Hostel,Entertainment & Recreation
POS DEBIT BC WELFARE BOYS HOSTEL,Entertainment & Recreation
UPI-JCET BOYS HOSTEL,Entertainment & Recreation
Dr B R Ambedkar PAYMENT,Entertainment & Recreation
NEFT-HOTEL GODWIN,Entertainment & Recreation
Habichans Thattukada,Entertainment & Recreation
POS DEBIT KISMAT KATHIYAVADI,Entertainment & Recreation
UPI-THE VENTURA GRAND HOTEL,Entertainment & Recreation
TMC Garden PAYMENT,Entertainment & Recreation
NEFT-THE DASVINO TOWN AND COUNTRY CLUB,Entertainment & Recreation
Velmuruka Restaurant,Entertainment & Recreation
POS DEBIT DAMSANG FORT,Entertainment & Recreation
UPI-JAPOTRA,Entertainment & Recreation
Kaushalya PAYMENT,Entertainment & Recreation
NEFT-RAJARATNA THEATRE,Entertainment & Recreation
Hotel Srinivas,Entertainment & Recreation
"POS DEBIT GOVERNMENT LOWER PRIMARY SCHOOL SCHOOL, BP ANGADI",Entertainment & Recreation
UPI-TIWARI BAGAN PARK,Entertainment & Recreation
King Ashoka PAYMENT,Entertainment & Recreation
NEFT-OYO FLAGSHIP HOTEL GAYATRI,Entertainment & Recreation
Gaffino's Beach Resort,Entertainment & Recreation
"POS DEBIT GLACIER BLOCKS THE ROAD 10 MONTHS OUT OF THE YEAR, JUNE/JULY OPEN",Entertainment & Recreation
UPI-TRUFF AREA,Entertainment & Recreation
GPN PLAY GROUND PAYMENT,Entertainment & Recreation
NEFT-DR. KRISHNAN MEMORIAL PARK,Entertainment & Recreation
Vara lakshmi,Entertainment & Recreation
POS DEBIT HINDUSTAN TIMES APARTMENTS,Entertainment & Recreation
UPI-NARAYANA,Entertainment & Recreation
BN Virani Sports Complex PAYMENT,Entertainment & Recreation
NEFT-THE VIKSIT JIVAN,Entertainment & Recreation
mini hotel,Entertainment & Recreation
POS DEBIT VIJAYALAKSHMI APTS,Entertainment & Recreation
UPI-AUSSIZZ GROUP IMIGRATION AGENT,Entertainment & Recreation
Wings Elim Camping And Convention Centre PAYMENT,Entertainment & Recreation
NEFT-KAMBAKAKKANAM,Entertainment & Recreation
Magrahat Young Star Club Playground,Entertainment & Recreation
POS DEBIT TUSHAR CHAUHAN JASOLA,Entertainment & Recreation
UPI-JOLING THACH,Entertainment & Recreation
Hazar Ustun (Hall of Thousand Columns) PAYMENT,Entertainment & Recreation
NEFT-ITC MAURYA,Entertainment & Recreation
Synergy Health And Fitness Centre,Entertainment & Recreation
POS DEBIT PRATAP HOUSE,Entertainment & Recreation
UPI-A-BLOCK(BOY'S HOSTEL),Entertainment & Recreation
DIET College Playground PAYMENT,Entertainment & Recreation
NEFT-DY PATIL CRICKET PRACTICE GROUND,Entertainment & Recreation
Hotel Aramana,Entertainment & Recreation
POS DEBIT NAZZ,Entertainment & Recreation
UPI-MUSICAL FOUNTAIN,Entertainment & Recreation
tennis court PAYMENT,Entertainment & Recreation
NEFT-STONE CITY MAP,Entertainment & Recreation
Devalia Lion Safari Park,Entertainment & Recreation
POS DEBIT GUPTA HOTEL,Entertainment & Recreation
UPI-CHITTARANJAN REST HOUSE,Entertainment & Recreation
Excavated Site PAYMENT,Entertainment & Recreation
NEFT-ROCK GARDEN,Entertainment & Recreation
shivaji puram colony ground,Entertainment & Recreation
POS DEBIT I LOVE ISLAMPUR LANDMARK,Entertainment & Recreation
UPI-RADISSON RED,Entertainment & Recreation
Hotel Joyees PAYMENT,Entertainment & Recreation
NEFT-SURYA LADIES HOSTEL,Entertainment & Recreation
Sport Complex,Entertainment & Recreation
POS DEBIT YUVI PARKING,Entertainment & Recreation
UPI-VGEC GIRLS HOSTEL,Entertainment & Recreation
King Kong PAYMENT,Entertainment & Recreation
NEFT-ROOFTOP VIEW,Entertainment & Recreation
Microsoft B3 Park,Entertainment & Recreation
POS DEBIT FIBC FRIENDS INDOOR BATMINTON CLUB.,Entertainment & Recreation
UPI-TEMPLE,Entertainment & Recreation
Ironstone Gym PAYMENT,Entertainment & Recreation
NEFT-DM COLONY PARK,Entertainment & Recreation
VHB colony park2,Entertainment & Recreation
POS DEBIT SAGARA GROUND,Entertainment & Recreation
UPI-NANA HOTEL,Entertainment & Recreation
Hotel Chandrajeet PAYMENT,Entertainment & Recreation
NEFT-COLLEGE GROUND,Entertainment & Recreation
P & T Lotus Park,Entertainment & Recreation
POS DEBIT WOODSTOCK,Entertainment & Recreation
UPI-SANCHI MUSEUM,Entertainment & Recreation
Iris Business Hotel PAYMENT,Entertainment & Recreation
NEFT-PLAYGROUND KARIMBIL,Entertainment & Recreation
"Chatrapati Shivaji Maharaj Chowk, Sugaon",Entertainment & Recreation
POS DEBIT PLAYGROUND-EVHSS,Entertainment & Recreation
UPI-LADIES (RESEARCH) HOSTEL,Entertainment & Recreation
Jharpada Mandir & Park PAYMENT,Entertainment & Recreation
NEFT-NTR MUNICIPAL GROUND,Entertainment & Recreation
kalki park,Entertainment & Recreation
POS DEBIT KONA KISHORE PRAGATI SONGHER MAATH,Entertainment & Recreation
UPI-MATA MODI PARK,Entertainment & Recreation
Ana guest house PAYMENT,Entertainment & Recreation
NEFT-ARPORA AREA 4BR LUXURY VILLA JAMUN WITH PRIVATE POOL,Entertainment & Recreation
Bhagwan Mahavir,Entertainment & Recreation
POS DEBIT ART ESCAPE,Entertainment & Recreation
UPI-SUYASH VIHAR GARDEN 2,Entertainment & Recreation
evalution fitness centre PAYMENT,Entertainment & Recreation
NEFT-ZOLO LAKEFRONT PG,Entertainment & Recreation
Mahendragiri Hill top View,Entertainment & Recreation
POS DEBIT VISALAM,Entertainment & Recreation
UPI-VILLLA BAIT MAURICIA,Entertainment & Recreation
Vidyanagara Park PAYMENT,Entertainment & Recreation
NEFT-SHIVAJI CRICKET GROUND,Entertainment & Recreation
Bloom Hotel,Entertainment & Recreation
POS DEBIT SHIV MANDIR,Entertainment & Recreation
UPI-AMAZEWORLD,Entertainment & Recreation
Isai Ambalam Guest House PAYMENT,Entertainment & Recreation
NEFT-MANJUSHA MUSEUM,Entertainment & Recreation
Mudil,Entertainment & Recreation
POS DEBIT PANJIM PEOPLES,Entertainment & Recreation
UPI-PURASREE MINI FOOTBALL GROUND,Entertainment & Recreation
Sky Inns PAYMENT,Entertainment & Recreation
NEFT-DRAGON HOTEL,Entertainment & Recreation
Salim Singh-ki-Haveli,Entertainment & Recreation
POS DEBIT AMBEDKAR GRAMAM ELAKKULAM,Entertainment & Recreation
UPI-INDIPENDENCE MOVEMENT MEMORIAL,Entertainment & Recreation
Raja Rammohan Roy Smriti Mandir PAYMENT,Entertainment & Recreation
NEFT-ELEPHANT SCULPTURE,Entertainment & Recreation
Nani,Entertainment & Recreation
POS DEBIT SWAPNESHWAR MAHADEV PARK,Entertainment & Recreation
UPI-PURNIMA HOTEL,Entertainment & Recreation
Caravela Beach Resort PAYMENT,Entertainment & Recreation
NEFT-ZOLO HIGHROLLERS,Entertainment & Recreation
River Islands Boat CLub,Entertainment & Recreation
POS DEBIT NLUJ TENNIS COURT,Entertainment & Recreation
UPI-SEVA DESK,Entertainment & Recreation
Alluri Statue PAYMENT,Entertainment & Recreation
NEFT-MAHAVEER HILLSOTNE PARK,Entertainment & Recreation
LUHIT RIVER VIEW BAMBOO COTTAGE,Entertainment & Recreation
POS DEBIT ZHU RI,Entertainment & Recreation
UPI-SHIVAS HOTEL,Entertainment & Recreation
Suraj Pol PAYMENT,Entertainment & Recreation
NEFT-HOTEL KHODAL,Entertainment & Recreation
Mahadev Villa,Entertainment & Recreation
POS DEBIT KRISHNA TALKIES,Entertainment & Recreation
UPI-POLICE GYM,Entertainment & Recreation
K.R Sports Stadium PAYMENT,Entertainment & Recreation
"NEFT-GOVERNMENT LOWER PRIMARY SCHOOL GROUND , PUNNAPPALA",Entertainment & Recreation
Lumney Seat,Entertainment & Recreation
POS DEBIT SUDARSHAN WOMEN'S HOSTEL,Entertainment & Recreation
UPI-PASHAN LAKE PARK,Entertainment & Recreation
Vrindavan Tourist Home PAYMENT,Entertainment & Recreation
NEFT-INDIAN MUSEUM,Entertainment & Recreation
Captain Roop Singh Stadium,Entertainment & Recreation
POS DEBIT GOMTI RIVER VIEWPOINT,Entertainment & Recreation
UPI-HOTEL FRIENDS,Entertainment & Recreation
Lake Pichola PAYMENT,Entertainment & Recreation
NEFT-WOOD HOUSE BEACH RESORT,Entertainment & Recreation
Ganga theatre,Entertainment & Recreation
POS DEBIT PARSURAM TEMPLE RUINS,Entertainment & Recreation
UPI-POETER,Entertainment & Recreation
Jai Parkash Narayan Park PAYMENT,Entertainment & Recreation
NEFT-KCG KARASANGAL CRICKET GROUND,Entertainment & Recreation
Royal Phoenix Inn,Entertainment & Recreation
POS DEBIT ACE TENNIS ACADEMY,Entertainment & Recreation
UPI-ABDUR RAHIM KHAN I KHANAN AD 1598,Entertainment & Recreation
Baidyapara Playground PAYMENT,Entertainment & Recreation
NEFT-NATIONAL CRICKET ACADEMY,Entertainment & Recreation
Jamsetji N Tata,Entertainment & Recreation
POS DEBIT SHIVA FIGUREHEAD,Entertainment & Recreation
UPI-BAITUL AFIAT (JKYT TRAL),Entertainment & Recreation
Taraknath Guest House PAYMENT,Entertainment & Recreation
NEFT-RESIDE INN,Entertainment & Recreation
Bhagavathiparamb colony,Entertainment & Recreation
POS DEBIT HILL CREAST,Entertainment & Recreation
UPI-MOON SHINE GARDEN RESORT&RESTAURANT,Entertainment & Recreation
Samskara resort PAYMENT,Entertainment & Recreation
NEFT-LUUNGBALE,Entertainment & Recreation
Peth Dhanwas,Entertainment & Recreation
POS DEBIT ABN GROUND,Entertainment & Recreation
UPI-CRICKET COURT,Entertainment & Recreation
"Shanthi Ladies Hostel, Kottaramattom,Palai PAYMENT",Entertainment & Recreation
NEFT-BOYS HOSTEL - NO 9,Entertainment & Recreation
fitness gym,Entertainment & Recreation
POS DEBIT SHANKARA KRIPA,Entertainment & Recreation
UPI-GOMPA AND PRAYER WHEEL,Entertainment & Recreation
Kerala Hydel Tourism Centre PAYMENT,Entertainment & Recreation
NEFT-VAIBHAV HOTEL,Entertainment & Recreation
Zen Living,Entertainment & Recreation
POS DEBIT STATE SOIL MUSEUM &SOIL INFORMATION CENTRE,Entertainment & Recreation
UPI-CASA DE MONO,Entertainment & Recreation
Tatya Nana Bagichi PAYMENT,Entertainment & Recreation
NEFT-GIRL SCHOOL GRUOND,Entertainment & Recreation
Commonwealth stadium,Entertainment & Recreation
POS DEBIT DUBRAJPUR SARADA MAIDAN,Entertainment & Recreation
UPI-OJAS HOTEL,Entertainment & Recreation
Aahana Resort PAYMENT,Entertainment & Recreation
NEFT-PAPA CHERI BEACH HOUSE,Entertainment & Recreation
Pushpa Home Stay,Entertainment & Recreation
POS DEBIT VIVEKANANDA MEMORIAL PARK,Entertainment & Recreation
UPI-GRAND OLIVER,Entertainment & Recreation
Padewa Playground PAYMENT,Entertainment & Recreation
NEFT-HOTEL KAPILAS,Entertainment & Recreation
Bakkar Thach,Entertainment & Recreation
POS DEBIT DADI-POTI'S TOMB,Entertainment & Recreation
UPI-PRE METRIC HOSTEL,Entertainment & Recreation
Dr. B.R. Ambedkar Hostel PAYMENT,Entertainment & Recreation
NEFT-MAR THOMA SMRUTHI THARANGAM,Entertainment & Recreation
YMCA Tourist Hotel,Entertainment & Recreation
POS DEBIT HOTEL SUNSET ORCHHA,Entertainment & Recreation
UPI-WE ONE FOOTBALL GROUND,Entertainment & Recreation
Indrasaiha Guha PAYMENT,Entertainment & Recreation
NEFT-SWAMI VIVEKANADA PARK,Entertainment & Recreation
Bhesan Lake Garden,Entertainment & Recreation
POS DEBIT GUBBI VEERANA NATAKA,Entertainment & Recreation
UPI-PANCHAYATH MINI STADIUM,Entertainment & Recreation
Sisuudayan playground PAYMENT,Entertainment & Recreation
NEFT-VANIONZZ GROUND,Entertainment & Recreation
Kali Kamli Dharamshala,Entertainment & Recreation
POS DEBIT GAUR GREEN AVENUE,Entertainment & Recreation
UPI-RIVER VIEW,Entertainment & Recreation
Flex Appeal Multi Gym PAYMENT,Entertainment & Recreation
NEFT-GOVIND HARI VADEVALE,Entertainment & Recreation
Paradise Mansion,Entertainment & Recreation
POS DEBIT KOIVILA PLAYGROUND,Entertainment & Recreation
UPI-FUNKY ART BEACH HOUSE,Entertainment & Recreation
Rawla Narlai PAYMENT,Entertainment & Recreation
NEFT-HOTEL TRIUND HEIGHTS,Entertainment & Recreation
LPD401,Entertainment & Recreation
POS DEBIT PALLI GROUND,Entertainment & Recreation
UPI-ARYA SPORTS COMPLEX,Entertainment & Recreation
Delhi Racecourse PAYMENT,Entertainment & Recreation
NEFT-SALMA SUMAR HINGORJA,Entertainment & Recreation
Marking pt 29m,Entertainment & Recreation
POS DEBIT SARDAR VALLABHAI PATEL PARK,Entertainment & Recreation
UPI-MUNDAKOMPADOM LODGE,Entertainment & Recreation
Ram park PAYMENT,Entertainment & Recreation
NEFT-KACHARI RUINS,Entertainment & Recreation
Dhanalakshmi Residency,Entertainment & Recreation
POS DEBIT DUKTUK DELIGHT,Entertainment & Recreation
UPI-RISHIKESH YOG PEETH,Entertainment & Recreation
swathi PAYMENT,Entertainment & Recreation
NEFT-MADAN KAMDEV,Entertainment & Recreation
"Baby Cinemas, Koothuparamba",Entertainment & Recreation
POS DEBIT SHIVAJI GARDEN,Entertainment & Recreation
UPI-AVITTOL HOSTEL FOR MEN,Entertainment & Recreation
Satguru Girls Hostel PAYMENT,Entertainment & Recreation
NEFT-BH-5,Entertainment & Recreation
Outdoor Badmindon court 2,Entertainment & Recreation
POS DEBIT HOTEL RELIANCE,Entertainment & Recreation
UPI-PUPPET MUSEUM,Entertainment & Recreation
Devriya Angling and Jeep Safari Camps PAYMENT,Entertainment & Recreation
NEFT-PARASHURAM PARK/SWAROOP PARK,Entertainment & Recreation
GHS Cricket Ground,Entertainment & Recreation
POS DEBIT FITNESS 24/7,Entertainment & Recreation
UPI-RIVERSIDE ARENA,Entertainment & Recreation
water tank park PAYMENT,Entertainment & Recreation
NEFT-ASHOKA THEATRE,Entertainment & Recreation
OYO Pariwar Inn Hotel,Entertainment & Recreation
POS DEBIT YAGANG,Entertainment & Recreation
UPI-SORT BY STAYS,Entertainment & Recreation
Fabexpress Santhi Inn PAYMENT,Entertainment & Recreation
NEFT-SA ELITE SPORTS,Entertainment & Recreation
Osho Teerth Park,Entertainment & Recreation
POS DEBIT MOONLIGHT GUEST HOUSE,Entertainment & Recreation
UPI-SHISHAM HOSTEL,Entertainment & Recreation
Greenwood Homestay Wayanad PAYMENT,Entertainment & Recreation
NEFT-ANIK SANGHA FIELD,Entertainment & Recreation
Jahagir Talkies,Entertainment & Recreation
POS DEBIT HOTEL NARAYANI ENCLAVE,Entertainment & Recreation
UPI-AAKRITI GUEST HOUSE,Entertainment & Recreation
Alfina PAYMENT,Entertainment & Recreation
NEFT-KHAS MAHAL,Entertainment & Recreation
Panchsheel Movie Theatre,Entertainment & Recreation
POS DEBIT AMRITA GIRLS HOSTEL,Entertainment & Recreation
UPI-RANIPURAM HILLSTATION,Entertainment & Recreation
Joshi's Museum of Miniature Railways PAYMENT,Entertainment & Recreation
NEFT-SUNDIAL,Entertainment & Recreation
Cultural Centre and Municipal Park,Entertainment & Recreation
POS DEBIT GOVT GUEST HOUSE,Entertainment & Recreation
UPI-AHIR SAMAJ VADI,Entertainment & Recreation
Chandigarh All star Playground PAYMENT,Entertainment & Recreation
NEFT-PRIVATE PARK,Entertainment & Recreation
Purbachal Park,Entertainment & Recreation
POS DEBIT ALILA DIWA,Entertainment & Recreation
UPI-SAINI HOTEL,Entertainment & Recreation
Hotel Beach Crown PAYMENT,Entertainment & Recreation
NEFT-SARTHAK RESIDENCY,Entertainment & Recreation
Vrindavan Garden,Entertainment & Recreation
POS DEBIT FAILAKA,Entertainment & Recreation
UPI-RASHTRIYA DALIT PRERNA STHAL AND GREEN GARDEN,Entertainment & Recreation
Thenmala Eco Tourism Office PAYMENT,Entertainment & Recreation
NEFT-LAND VALLAKOM PALLI,Entertainment & Recreation
Rajarajan Mani Mandapam,Entertainment & Recreation
POS DEBIT BAAZ JUNGLE RESORT,Entertainment & Recreation
UPI-OPEN SPACE,Entertainment & Recreation
Water Fountain Show PAYMENT,Entertainment & Recreation
NEFT-BURANS KANDI CAMPSITE,Entertainment & Recreation
Raj Bhavan Square,Entertainment & Recreation
POS DEBIT USTHAD HOTEL,Entertainment & Recreation
UPI-BASKET BALL GROUND A,Entertainment & Recreation
Nyniya beach house PAYMENT,Entertainment & Recreation
NEFT-PARAYILKAVU TEMPLE TRUST PLAYGROUND,Entertainment & Recreation
Kohinoor Executive,Entertainment & Recreation
POS DEBIT THE AUSPICIOUS,Entertainment & Recreation
UPI-GOVT COLLEGE GIRLS HOSTEL,Entertainment & Recreation
Bodhgaya PAYMENT,Entertainment & Recreation
NEFT-AHILYA MATA COLONY UDHYAN,Entertainment & Recreation
D Yak Guesthouse (500Rs double room),Entertainment & Recreation
POS DEBIT PALM GROVE PARK,Entertainment & Recreation
UPI-SCIENCE PARK JEYPORE,Entertainment & Recreation
D10 PARK PAYMENT,Entertainment & Recreation
NEFT-JAYASREE THEATRE,Entertainment & Recreation
Amara Virula Stupalu,Entertainment & Recreation
POS DEBIT PARAPPUR GYM CENTER,Entertainment & Recreation
UPI-SASI HOSTEL,Entertainment & Recreation
Munnar Kaippalli Budget Rooms PAYMENT,Entertainment & Recreation
NEFT-CP ARTS CENTRE,Entertainment & Recreation
Horniman Circle Garden,Entertainment & Recreation
POS DEBIT NADANTAR STAYS,Entertainment & Recreation
UPI-HARINIWAS CIRCLE,Entertainment & Recreation
Arthunkal beach PAYMENT,Entertainment & Recreation
NEFT-GANGANI FOREST CAMP,Entertainment & Recreation
Sri SNK Grand,Entertainment & Recreation
POS DEBIT KUPHRI THACH,Entertainment & Recreation
UPI-NSS PUBLIC SCHOOL HOSTEL,Entertainment & Recreation
Vanitha Resting Place PAYMENT,Entertainment & Recreation
NEFT-HANUMAN MANDIR & POND,Entertainment & Recreation
Chenab Hostel,Entertainment & Recreation
POS DEBIT HELLOWORLD EMBASSY.,Entertainment & Recreation
UPI-MAZALI RESTAURANT,Entertainment & Recreation
Mens hostel cekarunagappally PAYMENT,Entertainment & Recreation
NEFT-MADIVADA GROUND,Entertainment & Recreation
Pvr Cinemas,Entertainment & Recreation
POS DEBIT KB HILL,Entertainment & Recreation
UPI-HILLS VIEWPOINT,Entertainment & Recreation
Vyas nagar park PAYMENT,Entertainment & Recreation
NEFT-COLONIAL HEARTH MUBARAK,Entertainment & Recreation
Capt. Neikezhakuo Kenguruse,Entertainment & Recreation
POS DEBIT CITY CLUB,Entertainment & Recreation
UPI-HARI SHREE JANAKEEYA HOTEL,Entertainment & Recreation
TKM IT Mens Hostel PAYMENT,Entertainment & Recreation
NEFT-SC/ST HOSTEL,Entertainment & Recreation
Swastika,Entertainment & Recreation
POS DEBIT PICK AND DROP LANE,Entertainment & Recreation
UPI-HYGIENE HOTEL,Entertainment & Recreation
Municipal Park PAYMENT,Entertainment & Recreation
NEFT-BHADRA MENS HOSTEL,Entertainment & Recreation
Circuit House,Entertainment & Recreation
POS DEBIT AMMU PALACE,Entertainment & Recreation
UPI-LE MARITIME KOCHI,Entertainment & Recreation
Lake Club Tennis Courts PAYMENT,Entertainment & Recreation
NEFT-POLICE STADIUM,Entertainment & Recreation
Sports Center,Entertainment & Recreation
POS DEBIT SARAVANA RESTAURANT-HOT DOSAS,Entertainment & Recreation
UPI-NATURE PARK,Entertainment & Recreation
38 2 Mohan Road Geeta Sukhdev Park PAYMENT,Entertainment & Recreation
NEFT-SE COLONY KONNAPARA,Entertainment & Recreation
Hotel Grand Centro,Entertainment & Recreation
POS DEBIT APPLE ORCHARD CAMP AND FARM,Entertainment & Recreation
UPI-MARIDHATHE BNS GROUND,Entertainment & Recreation
Dr YSR Statue PAYMENT,Entertainment & Recreation
NEFT-KINNERSAANI RIJRVAAYR,Entertainment & Recreation
3S4,Entertainment & Recreation
POS DEBIT BLOCK PLAY GROUND,Entertainment & Recreation
UPI-ROYAL BATOO,Entertainment & Recreation
Hotel Jazeera Hangout PAYMENT,Entertainment & Recreation
NEFT-SARASWATHY MENS HOSTEL,Entertainment & Recreation
Ravi Karunakaran Museum,Entertainment & Recreation
POS DEBIT HAMTA LA BASE CAMP,Entertainment & Recreation
UPI-TAG UND NACHT,Entertainment & Recreation
rajdarbar colony PAYMENT,Entertainment & Recreation
NEFT-LIFE STYLE,Entertainment & Recreation
Kanjiramala colony,Entertainment & Recreation
POS DEBIT AUDITORIUM 1,Entertainment & Recreation
UPI-HARIHAR SUBRAMANIAM STADIUM,Entertainment & Recreation
Verma gallery PAYMENT,Entertainment & Recreation
NEFT-TSWREIS GIRLS HOSTEL,Entertainment & Recreation
Food court,Entertainment & Recreation
POS DEBIT RTTC LADIES HOSTEL,Entertainment & Recreation
UPI-GUPT RASTA,Entertainment & Recreation
Sursu valley PAYMENT,Entertainment & Recreation
NEFT-LOWER LAWN,Entertainment & Recreation
Glow Inn,Entertainment & Recreation
POS DEBIT JHV CINEMAS,Entertainment & Recreation
UPI-ILACHIPALAYAM EB HOUSE,Entertainment & Recreation
Dowhill Pine Forest PAYMENT,Entertainment & Recreation
NEFT-TNT -DNC THEATERS,Entertainment & Recreation
Borsad Stepwell,Entertainment & Recreation
POS DEBIT HOTREL CHEMBARATHY GARDENS,Entertainment & Recreation
UPI-HILL GARDEN,Entertainment & Recreation
M.S.Dhoni Stadium PAYMENT,Entertainment & Recreation
NEFT-CRAG STUDIO( ROCK CLIMBING GYM ),Entertainment & Recreation
Gopal Krishna Gokhale C.I.E.,Entertainment & Recreation
POS DEBIT HOTEL SAILANI BABA,Entertainment & Recreation
UPI-HOSTEL II,Entertainment & Recreation
Academy of Strength PAYMENT,Entertainment & Recreation
NEFT-ALIYAR DAM PARK,Entertainment & Recreation
Hotel Rameshwari,Entertainment & Recreation
POS DEBIT SKY RATHAM HOMESTAY,Entertainment & Recreation
UPI-VIJAYA LODGE,Entertainment & Recreation
Satatues of Samarasha and his wife PAYMENT,Entertainment & Recreation
NEFT-AASTHA HOMESTAY,Entertainment & Recreation
Hotel relish,Entertainment & Recreation
POS DEBIT CEC GUEST HOUSE,Entertainment & Recreation
UPI-PADMADHAR PARK,Entertainment & Recreation
Serene Waters Hotel PAYMENT,Entertainment & Recreation
NEFT-CL PARK 2,Entertainment & Recreation
Apricus,Entertainment & Recreation
POS DEBIT DR AMBEDKAR STATUE,Entertainment & Recreation
UPI-SECTOR-01 PARK,Entertainment & Recreation
Peeche he kee or PAYMENT,Entertainment & Recreation
NEFT-VEHSS GROUND,Entertainment & Recreation
Azheekaans Homestay,Entertainment & Recreation
POS DEBIT MEENKULATHU BHAGAVATHI AMMAN TEMPLE,Entertainment & Recreation
UPI-VYDEHI PARK,Entertainment & Recreation
El Paso PAYMENT,Entertainment & Recreation
NEFT-YOGA AND MEDIDATION PLACE,Entertainment & Recreation
Chhoti roundabout view,Entertainment & Recreation
POS DEBIT KHRENG KHRENG FALLS,Entertainment & Recreation
UPI-HOTEL HIMALAYAS INN VEG DINNING AND LODGE,Entertainment & Recreation
Sargaalaya Arts and Crefts Village PAYMENT,Entertainment & Recreation
NEFT-KALAVALA,Entertainment & Recreation
Dogiwal estates,Entertainment & Recreation
POS DEBIT CITY BACKPACKER HOSTEL,Entertainment & Recreation
UPI-KOCHI FOLKLORE ODEUM,Entertainment & Recreation
Hotel Bagiya Resort PAYMENT,Entertainment & Recreation
NEFT-THE ORNATE,Entertainment & Recreation
laalmn hottel,Entertainment & Recreation
POS DEBIT MORAIN CAMP PANPATIYA,Entertainment & Recreation
UPI-SAHARA CRICKET STADIUM,Entertainment & Recreation
Mannat International Hotel PAYMENT,Entertainment & Recreation
NEFT-JAZZFITNESSPRO,Entertainment & Recreation
Evolution Fitness & GYm 2,Entertainment & Recreation
POS DEBIT SARPANCHJI,Entertainment & Recreation
UPI-NAZRUL MATH,Entertainment & Recreation
Samprasiddhi Sports Estadio PAYMENT,Entertainment & Recreation
NEFT-KANWATHIRTHA BEACH,Entertainment & Recreation
Lallubai Ground,Entertainment & Recreation
POS DEBIT HUTATMA CHOWK,Entertainment & Recreation
UPI-HOTEL MANISHA,Entertainment & Recreation
Daru Salam Madrasa Hostel PAYMENT,Entertainment & Recreation
NEFT-SOBHA HOTEL,Entertainment & Recreation
HOTEL J.C. INTERNATIONAL,Entertainment & Recreation
POS DEBIT ABHI ARTS,Entertainment & Recreation
UPI-THRIVENI,Entertainment & Recreation
Nurpura Stadium PAYMENT,Entertainment & Recreation
NEFT-AMAN PLACE,Entertainment & Recreation
Fish market,Entertainment & Recreation
POS DEBIT TRIBAL MUSEUM,Entertainment & Recreation
UPI-PRASAD THEATER,Entertainment & Recreation
Paradip Cinema Hall PAYMENT,Entertainment & Recreation
NEFT-KHELO INDIA PLAYGROUND,Entertainment & Recreation
dgdduu paattiil ngr,Entertainment & Recreation
POS DEBIT ISHAN GUEST HOUSE,Entertainment & Recreation
UPI-CHOTU RAM PARK,Entertainment & Recreation
Water Storage Tank PAYMENT,Entertainment & Recreation
NEFT-PARK VISITOR,Entertainment & Recreation
Hotel Shivangan,Entertainment & Recreation
POS DEBIT BEGUNIA COLLEGE PLAY GROUND,Entertainment & Recreation
"UPI-RAM LAXMAN TEMPLE,BARDIYA.",Entertainment & Recreation
Bondhu Mahal Park PAYMENT,Entertainment & Recreation
NEFT-MORJIM HOLIDAY BEACH RESORT,Entertainment & Recreation
MVR Arcade Nagaram,Entertainment & Recreation
POS DEBIT GOLD CINEMA,Entertainment & Recreation
UPI-HOTEL KAMBAA JAWAI,Entertainment & Recreation
Mega PAYMENT,Entertainment & Recreation
NEFT-AMPHI THEATRE,Entertainment & Recreation
Dr. Babasaheb Ambedkar,Entertainment & Recreation
POS DEBIT SWATANTRYAVEER SAVARKAR JANMASTHAN WADA BHAGUR,Entertainment & Recreation
UPI-OASIS HOTEL,Entertainment & Recreation
Monument Inside Lalbagh PAYMENT,Entertainment & Recreation
NEFT-SHAKA GROUND,Entertainment & Recreation
Stein Auditorium,Entertainment & Recreation
POS DEBIT APS PLAYGROUND,Entertainment & Recreation
UPI-SAI INTERNATIONAL HOTEL,Entertainment & Recreation
Buddh International Circuit PAYMENT,Entertainment & Recreation
NEFT-EAST SATBERIA PLAYGROUND,Entertainment & Recreation
South Central Railway Officers Rest House,Entertainment & Recreation
POS DEBIT GADGE NAGAR RECREATIONAL PARK,Entertainment & Recreation
UPI-KALAGRAMA OPEN AUDITORIUM,Entertainment & Recreation
Mukkuzhi 5 cent pattikajathi sanketham PAYMENT,Entertainment & Recreation
NEFT-DAORAI JUNGLE RESORT,Entertainment & Recreation
Word And Deed Ground,Entertainment & Recreation
POS DEBIT HOTEL AL SALAMA,Entertainment & Recreation
UPI-KANNUR MUNICIPAL JAWAHAR STADIUM,Entertainment & Recreation
Russian House PAYMENT,Entertainment & Recreation
NEFT-NIKHILESHWAR MAHADEV PARK,Entertainment & Recreation
Bangadi market,Entertainment & Recreation
POS DEBIT HOTEL PRABHA,Entertainment & Recreation
UPI-NIRANJAN ABHIJITH AND VYSHAKS ROOMS,Entertainment & Recreation
Van udyan park PAYMENT,Entertainment & Recreation
NEFT-MADHUSUDAN DUTTA PARK,Entertainment & Recreation
Shishubagan park,Entertainment & Recreation
POS DEBIT MUSCATEL BHUMSANG,Entertainment & Recreation
UPI-GTS BASELINE SURVEY POINT,Entertainment & Recreation
Shaheed Major Sanjay Lohchub Park PAYMENT,Entertainment & Recreation
NEFT-KBHP PARK,Entertainment & Recreation
Al-Ashraf Gym,Entertainment & Recreation
POS DEBIT VERA FITNESS,Entertainment & Recreation
UPI-CHIEF JUSTICE HOUSE,Entertainment & Recreation
Devudu Cheruvu Park PAYMENT,Entertainment & Recreation
NEFT-TEACHER'S COLLEGE GROUND,Entertainment & Recreation
The Bamboo Retreat Hotel,Entertainment & Recreation
POS DEBIT PANSKURA RAILWAY CHILDREN PARK,Entertainment & Recreation
UPI-JUNA FUVARA,Entertainment & Recreation
Konark theatre PAYMENT,Entertainment & Recreation
NEFT-PAPIERS FAITS A LA MAIN DE SRI AUROBINDO,Entertainment & Recreation
AISHE,Entertainment & Recreation
POS DEBIT LARCHANG,Entertainment & Recreation
UPI-HOTEL KGB LEGEND GRAND,Entertainment & Recreation
Shrre Yogananda Biriyani Corner PAYMENT,Entertainment & Recreation
NEFT-KULLU VALLEY VIEWPOINT,Entertainment & Recreation
The Village Resort,Entertainment & Recreation
POS DEBIT VIPUL HOME STAY,Entertainment & Recreation
UPI-KOWDI HOUSE,Entertainment & Recreation
"Garden A, Five Gardens PAYMENT",Entertainment & Recreation
"NEFT-PAN CINEMAS, ARAKUNNAM",Entertainment & Recreation
ihj stadium,Entertainment & Recreation
POS DEBIT MIZPHA,Entertainment & Recreation
UPI-SHIV GANGA,Entertainment & Recreation
Masai Resorts PAYMENT,Entertainment & Recreation
NEFT-CENTRAL PARK CA AND CD BLOCK,Entertainment & Recreation
NGV Park,Entertainment & Recreation
"POS DEBIT PWD REST HOUSE, THIROT",Entertainment & Recreation
UPI-SREERAGAM ACADEMY OF FINE ARTS,Entertainment & Recreation
Kailasanathar PAYMENT,Entertainment & Recreation
NEFT-LA TOURIST,Entertainment & Recreation
Viraj Heights,Entertainment & Recreation
POS DEBIT SUNSET VIEW,Entertainment & Recreation
UPI-KALIKA MATA PARK,Entertainment & Recreation
Howrah Junction Railway Station PAYMENT,Entertainment & Recreation
NEFT-DULIAJAN CLUB VOLLEYBALL COURT,Entertainment & Recreation
VVMC Park,Entertainment & Recreation
POS DEBIT SHANMUKA COMFORTS,Entertainment & Recreation
UPI-SPORTS AND CULTURAL COMPLEX,Entertainment & Recreation
Hotel Krishna Palace PAYMENT,Entertainment & Recreation
NEFT-MUNICIPAL GROUND,Entertainment & Recreation
Baawarchi The Royal Chef,Entertainment & Recreation
POS DEBIT VANDANA TALKIES,Entertainment & Recreation
UPI-GALLEY 'C' SEVEN,Entertainment & Recreation
E Treble Girl's Hostel PAYMENT,Entertainment & Recreation
NEFT-THE EDAPPALLY HOMES,Entertainment & Recreation
Hotel Princess,Entertainment & Recreation
POS DEBIT DON BOSCO SCHOOL VADUTHALA BASKET BALL COURT,Entertainment & Recreation
UPI-R.M. COTTAGES,Entertainment & Recreation
Super OYO Green Comfort PAYMENT,Entertainment & Recreation
NEFT-HOTEL BILGAH,Entertainment & Recreation
Hotel Asha,Entertainment & Recreation
POS DEBIT AARAM HOTEL,Entertainment & Recreation
UPI-BAY 15,Entertainment & Recreation
Silli Stadium PAYMENT,Entertainment & Recreation
NEFT-PINE VIEW RESORT,Entertainment & Recreation
Hostel No. 2,Entertainment & Recreation
POS DEBIT H3 BADMINTON COURT,Entertainment & Recreation
UPI-PJR STADIUM,Entertainment & Recreation
El casa PAYMENT,Entertainment & Recreation
NEFT-BOYS HOSTEL 3,Entertainment & Recreation
Kasturi Hotel,Entertainment & Recreation
POS DEBIT SBS NAGAR PARK,Entertainment & Recreation
UPI-LORD BUDDHA,Entertainment & Recreation
MAE girls hostel PAYMENT,Entertainment & Recreation
NEFT-DAMODAR PANDU VAITI MANORANJAN MAIDAN,Entertainment & Recreation
Raww,Entertainment & Recreation
POS DEBIT KMBB HOSTEL,Entertainment & Recreation
UPI-WOMEN'S HOSTEL,Entertainment & Recreation
hotel bemount PAYMENT,Entertainment & Recreation
NEFT-CHALIYAR VIEW DORMITORY,Entertainment & Recreation
RadhaKrishna Mandir,Entertainment & Recreation
POS DEBIT OXYGEN GYM,Entertainment & Recreation
UPI-ROCKY GUESTHOUSE,Entertainment & Recreation
Delight Delhi Hotel PAYMENT,Entertainment & Recreation
NEFT-CITI BANK,Financial Services
Lakshmi Vilasa Bank Ltd,Financial Services
POS DEBIT BANK OF MAHARSHTRA ATM,Financial Services
UPI-KURUPPATHAL SERVICE COOPERATIVE BANK,Financial Services
Town Bank Payyannur Karivellur branch PAYMENT,Financial Services
NEFT-SBI ATM (GM COLLEGE),Financial Services
Meghalaya Cooperative Apex Bank,Financial Services
POS DEBIT NR KARARINAKKAM BANK,Financial Services
UPI-CANARA BANK-GENERAL BRANCH,Financial Services
SBI Kiosk Bank PAYMENT,Financial Services
NEFT-BASAWESWARA BANK,Financial Services
Thaikkattukara Service Co-operative Bank,Financial Services
POS DEBIT SYNDICATE BANK,Financial Services
UPI-KALPETTA CO-OPERATIVE URBAN SOCIETY,Financial Services
"Government Staff Service Society Co-operative Bank, Nedumangad PAYMENT",Financial Services
NEFT-THIRUVALLA EAST CO-OPERATIVE BANK,Financial Services
SBI Branch Sikar Piprali Road,Financial Services
POS DEBIT MUTHOOT FINCORP,Financial Services
UPI-DIGIBANK DBS ATM,Financial Services
Edappally Vadakumbakam Service Cooperative bank PAYMENT,Financial Services
NEFT-DANALAKSHMI BANK,Financial Services
SIB BANK,Financial Services
POS DEBIT SBI ATM STATE BANK OF INDIA,Financial Services
UPI-KUTTIKAD FARMERS COOPERATIVE BANK,Financial Services
Vijaya Bank ATM PAYMENT,Financial Services
"NEFT-SERVICE CO OPERATIVE BANK,MANNADY",Financial Services
Sreelakam Finance,Financial Services
POS DEBIT SBI BRANCH,Financial Services
UPI-ANDHRA BANK & ATM,Financial Services
Manapuram Financers PAYMENT,Financial Services
NEFT-PAPPANAMCODE SERVICE COOPERATIVE BANK,Financial Services
Payyannur Service Shakarana Bank Perumba Branch,Financial Services
POS DEBIT MEMANA FINANCE,Financial Services
UPI-KUTTIPPURAM SERVICE CO-OPERATIVE BANK,Financial Services
BOI Bank PAYMENT,Financial Services
NEFT-PRAGATHI GRAMIN BANK,Financial Services
Co-operative Credit Society (e-centre),Financial Services
POS DEBIT KOZHIKODE DISTRICT CO-OPERATIVE BANK,Financial Services
UPI-IIFL SECURITY LIMITED,Financial Services
Pkgb Bank Mahagaon Cross PAYMENT,Financial Services
NEFT-AMERICAN EXPRESS BANK,Financial Services
South Indian Bank ATM,Financial Services
POS DEBIT VANCHINAD FINANCE,Financial Services
UPI-BANK 1,Financial Services
service cooperative bank mundoor PAYMENT,Financial Services
NEFT-KAANAADD'AA BYAANGK(DHGDD'IY'AA SHAAKHAA),Financial Services
Sir M Vishweshwaraya Co Operative Bank,Financial Services
POS DEBIT AXIS BANK,Financial Services
UPI-SBI BANK KUMARAMPUTHUR,Financial Services
Muthoot Mini Vilappilsala PAYMENT,Financial Services
NEFT-PUBLIC WELFARE BANK,Financial Services
Yavatmal D C Bank,Financial Services
POS DEBIT INDIA BANK,Financial Services
UPI-THE GOA STATE URBAN COOP BANK,Financial Services
kerala gramin Bank PAYMENT,Financial Services
NEFT-ABN AMRO,Financial Services
Attical gold,Financial Services
POS DEBIT PARAVUR CO-OPERATIVE BANK,Financial Services
UPI-UBI BANK,Financial Services
Dhanlakshmi Bank PAYMENT,Financial Services
NEFT-AYROOR COOPERATIVE BANK NO 2237,Financial Services
Thalavoor Service Cooperative Bank,Financial Services
POS DEBIT UTTAR BIHAR GRAMIN BANK,Financial Services
UPI-UNION BANK PATPARGANJ,Financial Services
Axis Bank Branch PAYMENT,Financial Services
NEFT-ALLAHABAD BANK ATM,Financial Services
Kakkoor Co-operative Bank Thirumarady,Financial Services
POS DEBIT IT HOD CABIN,Financial Services
UPI-THUMBOOR CO-OPERATIVE BANK,Financial Services
Digital Seva Cs PAYMENT,Financial Services
NEFT-KERALA GRAMIN BANK PERUMBAVOOR BRANCH,Financial Services
Tamilnad Mercantile Bank (TMB) - Kallikudi,Financial Services
POS DEBIT UNITED BANK OF INDIA,Financial Services
UPI-THE ALWAR CENTRAL COOPERATIVE BANK,Financial Services
"Co-operative Bank,Prakkanam PAYMENT",Financial Services
NEFT-STATE BANK OF INDIA JAGATHY,Financial Services
perur service co operative bank,Financial Services
POS DEBIT INDI CASH ATM,Financial Services
UPI-HDFC SECURITIES,Financial Services
Canada Bank PAYMENT,Financial Services
NEFT-KODASSERY CORPORATION BANK,Financial Services
Muthoot Mini Financiers,Financial Services
POS DEBIT DHANLAXMIBANK,Financial Services
UPI-ITU BANK,Financial Services
Co-Operative Bank PAYMENT,Financial Services
NEFT-MONGAM URBAN COORPERATIVE SOCIETY,Financial Services
State Bank Of Travancore,Financial Services
POS DEBIT INDIAN BANK KIOSK,Financial Services
UPI-VATHITHA COOPERATIVE BANK,Financial Services
Nanminda Cooperative Rural bank PAYMENT,Financial Services
NEFT-COOPERATIVE BANK,Financial Services
Perumanna Service Co-Operative Bank Ltd,Financial Services
POS DEBIT AGRICULTURAL BANK POOKKOTTUKAVU,Financial Services
UPI-DHANALAXNI BANK,Financial Services
Karnataka Vikas Grameena Bank PAYMENT,Financial Services
"NEFT-KERALA BANK, BOLGATTY BRANCH",Financial Services
"Muthoot Fincorp, Cheruvattoor.",Financial Services
POS DEBIT PERINAD CKP SERVICE CO-OPERATIVE BANK,Financial Services
UPI-SBI HELP LINE CENTER,Financial Services
Salem District Central Co-op Bank PAYMENT,Financial Services
NEFT-OCHANTHURUTH SERVICE SAHAKARANA BANK,Financial Services
Service Co-Operative Bank Aryanad,Financial Services
POS DEBIT THE COSMOS BANK,Financial Services
"UPI-STATE BANK OF INDIA, REGIONAL BUSINESS OFFICE",Financial Services
Greater Bank PAYMENT,Financial Services
NEFT-CANARA BANK ATM,Financial Services
Pondicherry Co-op Urban Bank,Financial Services
POS DEBIT VETTOM SERVICE CO-OPERATIVEBANK,Financial Services
UPI-KATTAPPANA SERVICE CO-OPERATIVE BANK,Financial Services
RBL Bank Bc (Nocpl) PAYMENT,Financial Services
"NEFT-HDFC BANK, GILL BRANCH",Financial Services
The Jaynagar Majilpur People's Co-Operative Bank Limited,Financial Services
POS DEBIT HDFC BANK LIMITED,Financial Services
UPI-CENTRAL CO OPARETEV BANK,Financial Services
the industrial co-operative bank ltd. PAYMENT,Financial Services
NEFT-CENTRAL BANK OF INDIA -ATM,Financial Services
Idfc Bharat,Financial Services
POS DEBIT RBL BANK LTD - THIRUVANANTHAPURAM BRANCH & ATM,Financial Services
UPI-VELLARA NIDHI LIMITED,Financial Services
ST. Mary's Finance PAYMENT,Financial Services
NEFT-TDCB THRISSUR DISTRICT CO-OPERATIVE BANK,Financial Services
J&K Bank and Atm M.A Road,Financial Services
POS DEBIT STATE BANK OF INDIA - SATHRAM JUNCTION,Financial Services
UPI-SREELAKSHMI BANK,Financial Services
Syndicate Bank Devarahalli PAYMENT,Financial Services
NEFT-KADAKKAL SERVICE CO-OPERATIVE BANK -MUKKUNNAM BRANCH,Financial Services
INDUSLAND BANK,Financial Services
POS DEBIT KANCHIPURAM COOPERATIVE SOCIETY BANK,Financial Services
UPI-KERALA GRAMIN BANK ATM,Financial Services
Manappuram PAYMENT,Financial Services
NEFT-VELLINEZHI PANCHAYATH SERVICE CO-OPERATIVE BANK,Financial Services
The Madakkimala Service Co-operative Bank Limited,Financial Services
POS DEBIT KASARAGOD PRIMARY CO-OPERATIVE AGRICULTURAL AND RURAL DEVELOPMENT BANK,Financial Services
UPI-NEW OPPORTUNITY CONSULTANCY PRIVATE LIMITED MICRO FINANCE,Financial Services
Krishna Gramina Bank PAYMENT,Financial Services
NEFT-DISTRICT CENTRAL COOPERATIVE BANK,Financial Services
"Kerala State Financial Enterprises, Nellimoodu",Financial Services
POS DEBIT COOPERATIVE SOCIETY BANK,Financial Services
"UPI-SEVICE CO-OPERATIVE BANK, MARYLAND",Financial Services
Ulsav Finance PAYMENT,Financial Services
NEFT-SERVICE CO-OPERATIVE BANK,Financial Services
Mandla,Financial Services
POS DEBIT FEDARAL BANK,Financial Services
UPI-URBAN CORPORATIVE BANK,Financial Services
Indusind bank ATM PAYMENT,Financial Services
NEFT-IRINJALAKUDA SWCS,Financial Services
"Palakkad District Co-Oparative Bank, Pathiripala",Financial Services
POS DEBIT IDFC,Financial Services
UPI-KOTTAPADY SERVICE COOPERATIVE BANK ATM,Financial Services
IciciBank Atm PAYMENT,Financial Services
NEFT-THE ADARSH CO-OPERATIVE URBAN BANK LTD,Financial Services
Beypore service cooperative Bank,Financial Services
POS DEBIT CHEEKODE SERVICE COOPERATIVE BANK,Financial Services
UPI-CANARA MAIN BRANCH,Financial Services
Federal bank atm PAYMENT,Financial Services
NEFT-KOODALI PUBLIC SERVANTS BANK BRANCH,Financial Services
canara bank kapra branch,Financial Services
POS DEBIT STATE BANK OF INDIA (BHAMORI BRANCH),Financial Services
UPI-BANK OF INDIA ATM AJNI SQUARE BRANCH,Financial Services
Udayanapuram Service Sahakarana Bank PAYMENT,Financial Services
NEFT-COOPERATIVE BANK ARANMULA,Financial Services
Corp Bank,Financial Services
POS DEBIT GBI,Financial Services
UPI-ALLAHABAD BANK,Financial Services
Catholic Syrian Bank PAYMENT,Financial Services
NEFT-NANMINDA COOPERATIVE RURAL BANK (EVENING BRANCH),Financial Services
Indiacas Atm,Financial Services
POS DEBIT SYNDICATE BANK PAYYANUR BRANCH,Financial Services
UPI-BANKOFBARODA,Financial Services
Pariyaram Co-Operative bank vayad branch PAYMENT,Financial Services
NEFT-KOSHAMATTAM,Financial Services
muthoot,Financial Services
POS DEBIT HDFC,Financial Services
"UPI-ICICI BANK , NEDUMANGAD",Financial Services
Customised Capital Care PAYMENT,Financial Services
NEFT-SYNDICATE BANK BRANCH_2,Financial Services
"Cooperative Bank, Mampad",Financial Services
POS DEBIT BARODA U.P BANK,Financial Services
UPI-ATM (SBI),Financial Services
Klm Axiva Bank PAYMENT,Financial Services
NEFT-DBS BANK,Financial Services
Muthoot Fincorp,Financial Services
POS DEBIT THE MAHARAJA CO-OP URBAN BANK,Financial Services
UPI-KANAKKARY SERVICE CO-OPERATIVE BANK EVENING BRANCH,Financial Services
Dhanalakshmi bank atm PAYMENT,Financial Services
NEFT-SUNBURBAN BANK,Financial Services
Sbi Tiny Hattikuni,Financial Services
POS DEBIT INDUSND,Financial Services
UPI-CO OPRETIVE BANK,Financial Services
SBI Kalarcode PAYMENT,Financial Services
NEFT-KARNATAKA BANK LTD ATM,Financial Services
Vijaya Bank Balloli,Financial Services
POS DEBIT MAARKENTTAAIL BYAANK LIMITTEDD ETTIEM,Financial Services
UPI-ICICI BANK AJARA BRANCH & ATM,Financial Services
Pudukkad Service Cooperative Bank PAYMENT,Financial Services
NEFT-UNION SCHOOL OF INDIA,Financial Services
Punjab National Bank and ATM,Financial Services
POS DEBIT TRISSUR DISTRICT COOPERATIVE BANK,Financial Services
UPI-ANDHRABANK,Financial Services
godham PAYMENT,Financial Services
NEFT-ARYANAD CO OPERATIVE BANK,Financial Services
Allahabad bank Ingraham Institute,Financial Services
POS DEBIT STATEBANK OF INDIA ATM,Financial Services
UPI-TOWN COOPERATIVE BANK,Financial Services
Yes Bank ATM PAYMENT,Financial Services
NEFT-KARUR VYSYA BANK,Financial Services
Kerala Grmin Bank,Financial Services
POS DEBIT BANK OF BARODA,Financial Services
UPI-CEMTRAL BANK OF INDIA,Financial Services
Narahari Nagari Sahakari Patasanstha PAYMENT,Financial Services
NEFT-THE ALWAYE URBAN CO-OPERATIVE BANK,Financial Services
dhanlaxmi bank,Financial Services
POS DEBIT PATHANAPURAM AGRICULTURAL IMPROVEMENT CO OPERATIVE BANK,Financial Services
UPI-KERALA STATE CO-OPERATIVE BANK,Financial Services
Catholic Syrian PAYMENT,Financial Services
NEFT-KANJRAMATTOM COOPERATIVE BANK,Financial Services
Trivandrum District Co-operative Bank,Financial Services
POS DEBIT CALICUT SERVICE COOPERATIVE BANK,Financial Services
UPI-UNITED BANK OF INDIA,Financial Services
ICD Bank Coaching Centre PAYMENT,Financial Services
NEFT-ICICI BANK (ATM),Financial Services
UCO BANK ATM,Financial Services
POS DEBIT AGRICULTURAL COOPERATIVE SOCIETY GROUP BANK,Financial Services
UPI-DOMBIVLI NAGARI SAHAKARI BANK LTD.,Financial Services
Karur Vaiysya Bank PAYMENT,Financial Services
NEFT-PAYYANNUR RURAL BANK,Financial Services
ESAF Small Finance,Financial Services
POS DEBIT JK BANK KAPREN,Financial Services
UPI-SUPAMA FOREX,Financial Services
Police society bank PAYMENT,Financial Services
NEFT-KERALA BANKERS,Financial Services
Srivilliputtur Agriculture Cooperative Bank,Financial Services
POS DEBIT LIC (61U/CB-20),Financial Services
UPI-URBAN BANK;K S F E,Financial Services
Bank of Baroda Kasganj PAYMENT,Financial Services
NEFT-SITTI BYAANK LIMITTEDD,Financial Services
Co-Opperative Bank,Financial Services
POS DEBIT AYROOR CO-OPERATIVE,Financial Services
UPI-THRISSUR DISTRICT CO-OPERATIVE BANK,Financial Services
The Kasaragod Co-operative Town Bank PAYMENT,Financial Services
NEFT-ING BANK,Financial Services
Muthoottu Mini Financiers Ltd,Financial Services
POS DEBIT I O B,Financial Services
UPI-THE SHAMRAO VITHAL CO-OPERATIVE BANK,Financial Services
Chaliyar service co-operative bank PAYMENT,Financial Services
NEFT-SHORNUR CO-OPERATIVE SERVICE BANK,Financial Services
kannambra service coperative bank,Financial Services
POS DEBIT INDIA ONE ATM,Financial Services
UPI-SRRRREERRRR BAANGK OOPH INTY,Financial Services
Champakara service bank PAYMENT,Financial Services
"NEFT-SBI SECTOR 2, HSR LAYOUT",Financial Services
Dena Bank ATM,Financial Services
POS DEBIT MUTHOOT FINCORP;DHANA LAKSHMI BANK,Financial Services
"UPI-THE KASARAGOD CO-OPERATIVE TOWN BANK LTD, NO.970",Financial Services
badhoda bank PAYMENT,Financial Services
"NEFT-ATM, STATE BANK OF INDIA",Financial Services
India one Bank atm,Financial Services
POS DEBIT KURUVATTOOR COOPERATIVE EVENING BRANCH,Financial Services
UPI-PUDUPPADI SERVICE CO.OPERATIVE BANK,Financial Services
calicut city service co operative bank PAYMENT,Financial Services
NEFT-ICICI BANK PITAPALI BRANCH KHURDHA,Financial Services
Poonjar Service Co-operative Bank,Financial Services
POS DEBIT SARVUPGRAMIN BANK,Financial Services
UPI-LAKSHMI VILLAS ATM,Financial Services
Co-operative Bank PAYMENT,Financial Services
"NEFT-CANARA BANK KODAKKAD BRANCH, VELLACHAL",Financial Services
Devikulam Taluk Cooperative Bank,Financial Services
POS DEBIT NEPAL BANGLADESH BANK,Financial Services
UPI-KUTTANELLUR SERVICE COOPERATIVE BANK,Financial Services
HSBC BPO PAYMENT,Financial Services
NEFT-ONLINE MITRA,Financial Services
Dhanalakshmi Bank ATM,Financial Services
POS DEBIT KERALA GRAMIN BANK- KANNOTH,Financial Services
UPI-TONDERNADU SERVICE CO-OPERATIVE BANK,Financial Services
Kalpathur service co-operative bank PAYMENT,Financial Services
NEFT-RAINAGAR SBI CSP,Financial Services
Thrissur District Co-Operative Bank,Financial Services
"POS DEBIT UBI BANK, KOLKATA 100104",Financial Services
"UPI-KOSAMATTAM FINANCE,KUNNAMKULAM BRANCH",Financial Services
"Federal Bank, Alakode PAYMENT",Financial Services
NEFT-KARNATAKA APEX BANK,Financial Services
PMC Bank,Financial Services
POS DEBIT ICICI,Financial Services
UPI-KERALA STATE COPRATIVE BANK,Financial Services
Chhattisgarh gramin bank bhopalpatnam PAYMENT,Financial Services
NEFT-KOTTAYAM DISTRICT CO-OPERATIVE BANK,Financial Services
Janata Bank Limited,Financial Services
POS DEBIT PALLIPURAM SERVICE CO OPERATIVE BANK,Financial Services
UPI-DHARAMPETH MAHILA BANK,Financial Services
"Vanitha Co-operative Bank, Arikkandampak PAYMENT",Financial Services
NEFT-SARVA GRAMIN BANK,Financial Services
dhanalakshmi,Financial Services
POS DEBIT ABU DHABI COMMERCIAL BANK,Financial Services
UPI-SERVICE COPERATIVE BANK PUTHUPARIYARAM,Financial Services
oriental bank ATM PAYMENT,Financial Services
NEFT-OMASSERY SERVICE CO-OPERATIVE BANK,Financial Services
Kerala State Finanical Enterprise,Financial Services
POS DEBIT PAYYANNUR BANK VELLUR BRANCH,Financial Services
UPI-J&K BANK,Financial Services
Industrial bank PAYMENT,Financial Services
NEFT-KOZHIKODE DISTRICT COOPERATIVE BANK,Financial Services
Chaithanya Godavari Grameena Bank,Financial Services
POS DEBIT RDCC BANK,Financial Services
UPI-MLBAA PHINAAS,Financial Services
Karurvysia Bank PAYMENT,Financial Services
NEFT-NEERICODE SERVICE COOPERATIVE BANK,Financial Services
Bapuji Pattina Souharda Sahakari Bank,Financial Services
POS DEBIT UCO BANK ZONAL OFFICE,Financial Services
UPI-CITI UNION BANK,Financial Services
Telengana grameena bank PAYMENT,Financial Services
NEFT-NAALUNAKKAL SERVICE COOPERATIVES BANK,Financial Services
Sbi Customer Service Point,Financial Services
POS DEBIT LAXMI VILAS BANK,Financial Services
UPI-UNNIKULAM SERVICE SAHAKARANA BANK,Financial Services
"Kerala Gramin Bank, PAYMENT",Financial Services
NEFT-THRISSUR CO-OPERATIVE BANK,Financial Services
co operative bank teekoy,Financial Services
POS DEBIT SBT-ATM,Financial Services
UPI-KOSAMATTAM FINANCE LIMITED,Financial Services
The Trichur Urban Cooperative Bank PAYMENT,Financial Services
NEFT-FEDERAL BANK CHOWALLOORPADI,Financial Services
Induslnd bank,Financial Services
"POS DEBIT ATM, STATE BANK OF TRAVANCORE",Financial Services
UPI-KUNHIMANGALAM CO OPERATIVE BANK,Financial Services
FEDERAL BANK POONJAR PAYMENT,Financial Services
NEFT-KARNATAKA BANK ATM,Financial Services
Bangiya Vikash Bank,Financial Services
POS DEBIT PENSION OFFICE,Financial Services
UPI-BANKI KENDRA SAMABAYA BANK,Financial Services
"Azhikode Service Sahakarana Bank, Kalladathodu PAYMENT",Financial Services
NEFT-STANDARD CHARTERED,Financial Services
catholic syriyan bank,Financial Services
POS DEBIT AXIS BANK ATM,Financial Services
UPI-HOOGHLY DISTRICT CENTRAL CO OPERATIVE BANK LTD.,Financial Services
Karivellur service cooperative Bank Onakkunnu branch PAYMENT,Financial Services
NEFT-THE VAYALAR KIZHAKKU SERVICE CO-OPERATIVE SOCIETY LTD. NO. 1328,Financial Services
The Yavatmal Urban Co-op Bank Ltd,Financial Services
POS DEBIT SHREE MAHILA SEVA SAHKARIBNK,Financial Services
UPI-HITACHI ATM MENONPARA,Financial Services
State Bank oof Inidia PAYMENT,Financial Services
NEFT-AMBALLUR SERVICE SAHAKARANA BANK,Financial Services
Thalappalam Service Co-operative Bank LTD,Financial Services
"POS DEBIT CATHOLIC SYRIAN BANK, ADOOR",Financial Services
UPI-MANNANAM SERVICE CO-OPERATIVE BANK,Financial Services
SBI ATM Air Force PAYMENT,Financial Services
NEFT-BAPUJI COOPERATIVE BANK,Financial Services
State Bank HAL Township,Financial Services
"POS DEBIT UTHIMOOD SERVICE CO-OPERATIVE BANK LTD. NO. 1054, PUTHUSSERIMALA DEPO",Financial Services
UPI-MALAPPURAM DISTRICT ELECTRICITY BOARD EMPLOYEES CO OPERATIVE SOCIETY LTD,Financial Services
Thycattussery Block Agri. SocietyCSA1191 PAYMENT,Financial Services
NEFT-ANANTHAPURI COOPERATIVE SOCIETY,Financial Services
Narikkuni Service Sahakarana Bank,Financial Services
POS DEBIT DCB BANK,Financial Services
UPI-IRINJALAKUDA TOWN CO-OPERATIVE BANK,Financial Services
Bata;Muthoot Fincorp PAYMENT,Financial Services
NEFT-NAVJIVAN CREDIT SOCIETY,Financial Services
ADCC BANK CHAS,Financial Services
POS DEBIT KANNUR TOWN BANK,Financial Services
UPI-ADHYAPAKA URBAN COOPERATIVE BANK,Financial Services
Punjab National Bank PAYMENT,Financial Services
"NEFT-GRAMEEN BANK ,PUTHUVELI",Financial Services
Thaniyam Panchayath Service Co-operative Bank Ltd,Financial Services
"POS DEBIT STATE BANK OF INDIA,KOOTTANAD",Financial Services
"UPI-KUTTIATTOR SERIVICE CO OP BANK, CHATTUKAPPARA BRANCH",Financial Services
Navodaya nidhi limited PAYMENT,Financial Services
NEFT-PAYYANUR CO-OP RURAL BANK,Financial Services
ICICI Bank;Axis Bank,Financial Services
POS DEBIT PINARAYI SERVICE CO OP BANK,Financial Services
UPI-VANITHA SERVICE BANK,Financial Services
Palakkad District CO-Operative Bank PAYMENT,Financial Services
NEFT-INDIAN BANK - KODAMANDAPATTI,Financial Services
"Service Co Operative Bank, Pazhambalacode",Financial Services
POS DEBIT KERALA STATE COOPERATIVE BANK KARIVELLUR BRANCH,Financial Services
UPI-BANK ATM,Financial Services
Sri Kanyakaparameshwari Co-operative Bank PAYMENT,Financial Services
NEFT-THE ANDHRA PRADESH COOPERATIVE BANK,Financial Services
Federal Bank Valakom Branch,Financial Services
POS DEBIT STATE BANK OF INDIA MARATHANCODE,Financial Services
UPI-POLIYOOR SERVICE CO-ORPORATIVE BANK,Financial Services
Indusind bank atm PAYMENT,Financial Services
NEFT-IRINJALAKUDA SERVICE CO-OPERATIVE BANK,Financial Services
Pragati Gramina Bank,Financial Services
POS DEBIT THE FEDERAL BANK LTD.,Financial Services
"UPI-KERALA STATE CO-OPERATIVE BANK, NERIAMANGALAM",Financial Services
Nadakkal Service Cooperative Bank PAYMENT,Financial Services
"NEFT-URBAN CO-OP BANK PMNA,EVENING BRANCH",Financial Services
Sub treasury,Financial Services
POS DEBIT WEST BENGAL GRAMIN BANK,Financial Services
UPI-CAN FIN HOMES LIMITED,Financial Services
ESAF Small Finance Bank Kollam PAYMENT,Financial Services
NEFT-MAHINDRA FINANSE,Financial Services
State Bank Of India (SBI) ATM,Financial Services
POS DEBIT KSFE LTD,Financial Services
UPI-KALINGA GRAMYA BANK,Financial Services
Union Bnak ATM PAYMENT,Financial Services
NEFT-UNION BANK,Financial Services
jk bank atm,Financial Services
POS DEBIT CENTRAL BANK OF INDIA,Financial Services
UPI-MANNEPURAM GOLD LOAN,Financial Services
Bhutan Punjab Bank PAYMENT,Financial Services
NEFT-EXIM BANK;EXPORT-IMPORT BANK OF INDIA,Financial Services
Elaquai Dehati Bank,Financial Services
"POS DEBIT SBI ATM STATE BANK OF INDIA, KOTAK BANK ATM",Financial Services
UPI-ICICI BABK,Financial Services
Grameena Bank PAYMENT,Financial Services
NEFT-THIRUVANTHAPURAM FARMERS SOCIAL WELFARE CO-OPERATIVE SOCIETY LTD T1565,Financial Services
SBI ATM CHITTUR,Financial Services
POS DEBIT BANK OF BARODA SAFIDON,Financial Services
UPI-MAMALA SERVICE CO-OPERATIVE BANK VETTICKAL BRANCH,Financial Services
Irinave Co-op Bank PAYMENT,Financial Services
NEFT-KANNAYANUR SAHAKARANA KARSHIKA GRAMA VIKASANA BANK,Financial Services
BAJAJ Finance Limited,Financial Services
"POS DEBIT MHPFNL - ""MYLAPORE HINDU PERMANENT FUND NIDHI LTD.""",Financial Services
UPI-TATA INDICASH ATM,Financial Services
Rural Development Bank PAYMENT,Financial Services
"NEFT-HDFC BANK, BILASPUR",Financial Services
South Indian Bank (SIB) ATM,Financial Services
POS DEBIT J&K BANK ATM NIT,Financial Services
UPI-STATE BANK OF INDIA ELANTHOOR,Financial Services
Karnataka Bank Chilkunda PAYMENT,Financial Services
NEFT-ICICI BANK,Financial Services
The Bhandara Mahila Nagari Sahakari Co-operative Society,Financial Services
POS DEBIT OLLUKARA SERVICE CO-OPERATIVE BANK,Financial Services
UPI-S.B.I.,Financial Services
Cheeranchira Cooperative Bank PAYMENT,Financial Services
NEFT-PERUMPUZHA GRAMODHARANA CO-OPERATIVE BANK,Financial Services
Krushik Coopretive Bank,Financial Services
POS DEBIT KADAKKAL SERVICE COOPERATIVE BANK KUMMIL BRANCH,Financial Services
UPI-SERVICE SOCIETY BANK,Financial Services
Mattannur Cooperative Rural Bank Uruvachal Branch PAYMENT,Financial Services
"NEFT-BANK OF BARODA, SURATHKAL BRANCH",Financial Services
kerala gramin bank ATM,Financial Services
POS DEBIT STRONG ROOM,Financial Services
UPI-GRAMINA BANK,Financial Services
The Adarsh Co-operative Urban bank PAYMENT,Financial Services
NEFT-GOVT TREASURY,Financial Services
AU SMALL FINANCE BANK,Financial Services
"POS DEBIT STATE BANK OF INDA, NELLIMOODU",Financial Services
UPI-VELLIKULANGARA SERVICE COOPERATIVE BANK,Financial Services
Akalakkunnam Co-operative Bank PAYMENT,Financial Services
NEFT-HDFC BANK AND ATM,Financial Services
bhaartiiy sttett baiNk (saaket),Financial Services
POS DEBIT PANDALLOOR SERVICE COOPERATIVE BANK,Financial Services
UPI-SBI BANK,Financial Services
"State Bank of India, Vithura PAYMENT",Financial Services
"NEFT-STATE BANK OF INDIA ATM, SBI ATM",Financial Services
Service Cooperative Bank Alangad,Financial Services
POS DEBIT BANK OF MAHARASHTRA KATHORA BK,Financial Services
UPI-KOLACHERY PANCHAYATH VANITHA CO-OPERATIVE SOCIETY,Financial Services
Eramala service co-operative Bank PAYMENT,Financial Services
NEFT-MANNUR SERVICE CO-OP BANK,Financial Services
Khshipur Urban Cooperative Bank,Financial Services
POS DEBIT SBI BANK ATM,Financial Services
UPI-CHITRADURGA DISTRICT CO-OPERATIVE CENTRAL BANK LTD,Financial Services
Sindhnur PAYMENT,Financial Services
NEFT-NABARD BANK,Financial Services
"Kerala Gramin Bank, Chathannoor",Financial Services
POS DEBIT PAMPADY SERVICE COOPERATIVE BANK,Financial Services
UPI-STATE BANK OF TRAVANCORE,Financial Services
BANK OF BARODA PAYMENT,Financial Services
NEFT-MULTI PURPOSE CO-OPERATIVE SOCIETY NANNAMUKKU,Financial Services
Service Co-operative Bank Karimpadam,Financial Services
POS DEBIT KADACHIRA BANK,Financial Services
"UPI-PH'EDDRL BAINK PNJIM, GOAA",Financial Services
Capital Small Finance Bank PAYMENT,Financial Services
"NEFT-COSMOS BANK, KOTHRUD BRANCH",Financial Services
saauthistt byaaNk limittedder,Financial Services
POS DEBIT ATM SYNDICATE BANK,Financial Services
UPI-ASSAM GRAMIN VIKASH BANK,Financial Services
Service Co-Operative Bank PAYMENT,Financial Services
NEFT-KERALA HOUSING FINANCE,Financial Services
Bellary Dcc Bank Ltd Kampli Main Br,Financial Services
POS DEBIT PANDALLUR RURAL HOUSING SOCIETY,Financial Services
UPI-COOPERATIVE BANK SOCIETY,Financial Services
Equitas small finance bank PAYMENT,Financial Services
NEFT-SERVICE COOPERATIVE BANK NO.3738,Financial Services
"Co-operative Bank , Karanchira",Financial Services
POS DEBIT AXIS BANK - RAICHUR MAIN,Financial Services
"UPI-VANITHA CO-OPERATIVE BANK,THUMBOOR",Financial Services
"Bank Of Baroda, ATM PAYMENT",Financial Services
NEFT-THRISSUR DISTRICT CO-OPERATIVE BANK,Financial Services
Kasaragod Cooperative Urban Bank,Financial Services
POS DEBIT J&K GRAMEEN BANK,Financial Services
UPI-CHERUPOIKA SERVICE CO-OPERATIVE BANK,Financial Services
Sangramdurg Gramin Pathsanstha PAYMENT,Financial Services
NEFT-KOTTACHERY SERVICE CO-OP BANK EVENING BRANCH,Financial Services
J&K Bank Financial Services Centre,Financial Services
POS DEBIT IDBI BANK ATM,Financial Services
UPI-KERALA GRAMIN BANK ELANTHOOR,Financial Services
Thiruvarpu village cooperative bank PAYMENT,Financial Services
"NEFT-SHIVJYOTI SAHAKARI PATPEDHI MARAYDIT, BHOR",Financial Services
ORIENTAL BANK,Financial Services
"POS DEBIT AXIS ATM,BRACH",Financial Services
UPI-ING VYSYA,Financial Services
"Survice Bank, Chelikuzhi PAYMENT",Financial Services
NEFT-STANDARD & CHARTERED BANK,Financial Services
Muthoot Syndicate Nidhi Limited,Financial Services
POS DEBIT JANATA SAHAKARI BANK,Financial Services
UPI-MAHESH SAHKARI BANK LTD,Financial Services
"Catholic Syrian Bank, ATM Chittoor PAYMENT",Financial Services
NEFT-AXIS BANK ATM,Financial Services
Hdfc Bank,Financial Services
"POS DEBIT STATE BANK OF INDIA, THRIKARIPUR, KERALA 671310",Financial Services
UPI-KADATHY RURAL COOPERATIVE SOCIETY,Financial Services
Kvg Bank Shirshyad PAYMENT,Financial Services
"NEFT-THUDAYANNOOR SERVICE CO OPERATIVE BANK, CHUNDA",Financial Services
Puthiyangadi Co Operative Bank,Financial Services
POS DEBIT PACS,Financial Services
UPI-UDAYAMPEROOR SERVICE CO-OPERATIVE SOCIETY BANK,Financial Services
The Bengaluru City Co-operative Bank PAYMENT,Financial Services
NEFT-ADOOR THALUK AIDED SCHOOL EMPLOYEES COOPERATIVE SOCIETY,Financial Services
Kottamkara Service Cooperative Bank,Financial Services
POS DEBIT BANK BARODA,Financial Services
UPI-STATE BANK OF HYDERABAD,Financial Services
Naranamozhi service Co-Operative Bank PAYMENT,Financial Services
NEFT-MAHE COOPERATIVE BANK,Financial Services
Kheti bank,Financial Services
POS DEBIT S+TT INTY BAANGK,Financial Services
UPI-THIRUVAIRANIKULAM COOPERATIVE BANK,Financial Services
Mulakulam Panchayath Service Co-Operative Bank PAYMENT,Financial Services
"NEFT-THE PADY NEKRAJE VANITHA SERVICE COOPERATIVE SOCIETY LTD ,BANK",Financial Services
KSFE Corporate Office Thrissur,Financial Services
POS DEBIT UNION BANK OF INDIA,Financial Services
"UPI-SHRI CHHATRAPATI RAJARSHI SHAHU URBAN CO-OPERATIVE BANK LTD., BEED",Financial Services
The Reserve Bank of India PAYMENT,Financial Services
NEFT-KANUR DISTRICT CO_OPERITIVE BANK,Financial Services
Jammu and Kashmir Grameen Bank,Financial Services
POS DEBIT MARAVANTHURUTH CO-OPERATIVE BANK,Financial Services
UPI-VELLAVOOR SERVICE CO-OPERATIVE BANK,Financial Services
Airtel Banking Point PAYMENT,Financial Services
NEFT-SAMARTH BANK,Financial Services
Edathiruthy Service Co-Operative Bank,Financial Services
POS DEBIT ERNAKULAM DISTRICT COOPERATIVE BANK,Financial Services
UPI-UNION BANK OF INDIA MAUDA,Financial Services
citibank PAYMENT,Financial Services
NEFT-COOPERATIVE SERVICE SOCIETY,Financial Services
Deutsche Bank ATM,Financial Services
POS DEBIT SREELEKHMI FINANACIERS,Financial Services
UPI-THIRUVALLA URBAN CO-OPERATIVE BANK,Financial Services
Dhamtari PAYMENT,Financial Services
NEFT-ALAPUZHA COOPERATIVE BANK,Financial Services
Sbi Bank And Cash Deposit Machine and Atm Services,Financial Services
POS DEBIT SBI ROING,Financial Services
UPI-OROENTAL BANK OF COMMERCE,Financial Services
"karshika bank,kallumala PAYMENT",Financial Services
NEFT-SBI GROUP ATM,Financial Services
ESAF,Financial Services
"POS DEBIT SOCIETY ,VAKAYAR",Financial Services
UPI-STATE BANK OF INDIA BHAARTIIY SRRRREERRRR BAANGK,Financial Services
Kasarago District Co Operative Bank PAYMENT,Financial Services
NEFT-NAINITAL DISTRICT COOPERATIVE BANK,Financial Services
SBI - State Bank of India,Financial Services
"POS DEBIT SBI, BANKURA MAIN BRANCH",Financial Services
"UPI-AXIS ATM,BRANCH",Financial Services
Vanchinadu Service Cooperative Bank PAYMENT,Financial Services
NEFT-URGATTIRI COPERATIVE BANK,Financial Services
Vadakara Cooperative Agricultural Bank,Financial Services
"POS DEBIT ITHITHANAM SERVICE COPERATIVE BANK, PULIMOODU",Financial Services
UPI-BHAARTIIY STTETT BAINK SUKMAA,Financial Services
kakkodi urban bank PAYMENT,Financial Services
NEFT-NILAMBUR COPERATIVE URBAN BANK,Financial Services
LVB ATM,Financial Services
"POS DEBIT J&K BANK, WASHBUG, PULWAMA",Financial Services
UPI-MOHTADEVI MANDIRI,Financial Services
"HERITAGE, GRND FLR, SWANTANTRA PATHOPP.SAPNA TERRACES VASCO- PAYMENT",Financial Services
NEFT-THE JAISALMER CENTRAL COOPERATIVE BANK,Financial Services
Ananthapuram co operative society,Financial Services
POS DEBIT CATTHOLIC SYRIAN BANK,Financial Services
UPI-COASTAL BANK,Financial Services
Shanti Sadan PAYMENT,Financial Services
NEFT-THOOTHUKUDI DISTRICT CENTRAL CO-OPERATIVE BANK,Financial Services
Kalpatta Service coop,Financial Services
POS DEBIT CSB BANK,Financial Services
UPI-UTTAR BIHAR GRAMIN BANK,Financial Services
Mayyanad cooperative bank PAYMENT,Financial Services
NEFT-JANA SMALL FINANCE BANK NABIGANJ,Financial Services
Arikuzha Service Co-operative Bank,Financial Services
POS DEBIT URANGATTIRI SERVICE SAHAGARANA BANK,Financial Services
UPI-VENGOLA SERVICE CO-OPERATIVE BANK,Financial Services
PNB Bank PAYMENT,Financial Services
"NEFT-CO-OPERATIVE BANK, MANKURUSSI",Financial Services
kosamattom f,Financial Services
"POS DEBIT HDFC BANK ATM, TANDUR",Financial Services
UPI-TAMILNAD MERCANTILE BANK LIMITED,Financial Services
Indel Money PVT PAYMENT,Financial Services
NEFT-KARNATAKA BANK ATM,Financial Services
gramin bank lakhanpur,Financial Services
"POS DEBIT ALAPPUZHA DISTRICT COPERATIVE BANK,NOORANAD",Financial Services
UPI-MUTHOOT FINCROP,Financial Services
Canara Bank Kurukathani Branch PAYMENT,Financial Services
NEFT-RAJNI,Financial Services
Ulliyer Service Cooperative Bank,Financial Services
"POS DEBIT MAHARASHTRA GRAMIN BANK, KOLGAON",Financial Services
UPI-BANK O,Financial Services
State bank Of India PAYMENT,Financial Services
NEFT-AXIS BANK OFFICE,Financial Services
Vengeri service co-operative bank,Financial Services
POS DEBIT CATHOLIC BANK,Financial Services
UPI-MARAKKARA COOPERATIVE BANK,Financial Services
PNB atm reni PAYMENT,Financial Services
NEFT-SBI THIRUVALLA NRI BRANCH,Financial Services
Idbi,Financial Services
"POS DEBIT MINI MUTHOOT NIDHI , KUTTICHAL",Financial Services
UPI-PUNJAB BANK,Financial Services
Pragati Krishna Grameen Bank PAYMENT,Financial Services
NEFT-SBI ATM BIJAPUR,Financial Services
Indi Cash,Financial Services
POS DEBIT HDFC ATM,Financial Services
UPI-LAKSHMANGUDI PRIMARY AGRICULTURAL CO-OP BANK,Financial Services
saunaalii byaaNk limittedd PAYMENT,Financial Services
NEFT-PAYYANNUR COOPERATIVE RURAL BANK EVENING BRANCH KARIVELLUR,Financial Services
SBI RASMECC,Financial Services
POS DEBIT VIJAYA BANK - BANK,Financial Services
UPI-SYNDICATEBANK J N KOTE BRANCH,Financial Services
Punjap National Bank PAYMENT,Financial Services
NEFT-PDCC,Financial Services
womens bank,Financial Services
POS DEBIT ICICI BANK DAUND - BRANCH & ATM,Financial Services
UPI-NKGSB BANK,Financial Services
Margadarshi Chits PAYMENT,Financial Services
NEFT-PATTUVAM SERVICE CO-OPERATIVE BANK,Financial Services
SBI bank,Financial Services
POS DEBIT NEDUNGAD SERVICE CO-OPERATIVE BANK,Financial Services
UPI-THACHANCODE SOCIAL WELFARE CO-OPERATIVE SOCIETY,Financial Services
sidharth co op society PAYMENT,Financial Services
"NEFT-PANNIYOORKULAM CO.OPERATIVE BANK,PANTHEERANKAVE",Financial Services
Fedaral Bank,Financial Services
POS DEBIT KERALA GRAMIN BANK ATM,Financial Services
UPI-KAIPAMANGALAM SERVICE CO-OPERATIVE BANK,Financial Services
KERALA BANK PAYMENT,Financial Services
NEFT-CHENNERKARA SERVICE COOPERATIVE BANK,Financial Services
Kerala Bank Champakulam,Financial Services
POS DEBIT HOME,Financial Services
UPI-SBI BANK AND ATM,Financial Services
"Kerala Gramin Bank Automated Teller Machine, Irumbuzhi PAYMENT",Financial Services
NEFT-MAKKARAPARAMBA SERVICE COOPERATIVE BANK PAZHAMALLUR BRANCH,Financial Services
Muthoot Fincorp Limited,Financial Services
POS DEBIT CATHOLIC SYRIAN BANK,Financial Services
UPI-MUTHOOT FINCORP,Financial Services
Madhya Gramin Bank PAYMENT,Financial Services
NEFT-CENTRARL BANK OF INDIA-MAKRONIA BRANCH,Financial Services
ICICI bank atm,Financial Services
POS DEBIT ALUVA DESHABHIVARDHINI SERVICE CO-OPERATIVE BANK,Financial Services
"UPI-KOZHIKODE DISTRICT COOPERATIVE BANK, ENGAPUZHA",Financial Services
State Bank of Bank PAYMENT,Financial Services
NEFT-INDIAN STATE BANK,Financial Services
Bank of India Ranala,Financial Services
POS DEBIT THIRUVANANTHAPURAM DISTRICT COOPERATIVE BANK,Financial Services
UPI-BANK OF INDIA ATM,Financial Services
RBL Bank ATM PAYMENT,Financial Services
NEFT-DDCC BANK,Financial Services
Shamrao Vithal Co-operative (SVC) Bank Ltd.,Financial Services
POS DEBIT AAMBAL FINANCE PUTHIYATHURA,Financial Services
UPI-ICICI BANK WADAKANCHERRY - BRANCH & ATM,Financial Services
Madhya Bihar Gramin Bank PAYMENT,Financial Services
NEFT-INDUSLND BANK,Financial Services
kuttikol service co-operative bank,Financial Services
POS DEBIT TNSC BANK,Financial Services
UPI-THE CO-OPERATIVE BANK LIMITED,Financial Services
Kollad service cooperative bank Ltd no 1830 branch kollad PAYMENT,Financial Services
NEFT-MARUTHOMKARA SERVICE CO-OPERATIVE BANK,Financial Services
Bhandan Bank,Financial Services
POS DEBIT THE TIVIM-SIRSAIM M.P. COOPERATIVE SOCIETY LTD.,Financial Services
UPI-VIJAYA BANK,Financial Services
Equitas Small Finance Bank PAYMENT,Financial Services
"NEFT-SBI BANK,KALADY",Financial Services
Kalladikode Service Co-operative Bank - Main Branch,Financial Services
POS DEBIT SAMRUDDHI CO-OPERATIVE BANK LIMITED,Financial Services
UPI-KERALA GRAMEENA BANK,Financial Services
KOTTAKAL CO-OPERATIVE URBAN BANK PAYMENT,Financial Services
NEFT-VANITHA BANK,Financial Services
"Uurban Society Bank, Chattenchal",Financial Services
"POS DEBIT STATE BANK OF INDIA, CHAS (SBIN0007742)",Financial Services
UPI-THANE JUNTA SAHAKARI BANK,Financial Services
"Cooperative Bank, Mohanpura PAYMENT",Financial Services
NEFT-GAYATHRI BANK,Financial Services
keerll baangk,Financial Services
POS DEBIT KARNATAKA BANK ATM,Financial Services
UPI-CO-OPERATIVE BANK KATTEMALALAWADI,Financial Services
edathala co op bank PAYMENT,Financial Services
NEFT-INDIAN OVERSEAS BANK ATM - HANUMAN NAGAR,Financial Services
BHR Multi State Co-Op Cr. Society Ltd,Financial Services
POS DEBIT KARNATAKA BANK MONEY PLANT,Financial Services
UPI-DHANLAKSHMI BANK,Financial Services
south indian bank atm PAYMENT,Financial Services
NEFT-SIB ATM,Financial Services
Central Bank of India;LIC of India,Financial Services
POS DEBIT CORP BANK ATM,Financial Services
"UPI-SAHAKARI BANK ,HATTI",Financial Services
Peoples Urban Co-operative Bank Limited PAYMENT,Financial Services
NEFT-MOOTHOT,Financial Services
Adat farmers service sahakarana bank,Financial Services
POS DEBIT BHOPAL CO-OPERATIVE CENTRAL BANK LIMITED - BAIRAGARH BRANCH,Financial Services
UPI-CHAITANYA GODAVARI BANK,Financial Services
"Trikaripur Farmers cooperative Bank, Udinur Branch PAYMENT",Financial Services
NEFT-KURUPPAMPADY SERVICE COOPERATIVE BANK,Financial Services
Apex Bank,Financial Services
POS DEBIT THODUPUZHA TOWN SERVICE COPRATIVE BANK,Financial Services
UPI-BNDHN BYAANGK,Financial Services
Cororation bank ATM PAYMENT,Financial Services
NEFT-YES BANK,Financial Services
Madavoor Service Bank,Financial Services
POS DEBIT THATTAYIL SERVICE COOPERATIVE BANK,Financial Services
UPI-NEENDOOR SERVICE COOPERATIVE BANK,Financial Services
Baroda Gujarat Gramin Bank PAYMENT,Financial Services
NEFT-HDFC HOME LOAN,Financial Services
TJSB BANK,Financial Services
POS DEBIT INDUSIND MARKETING AND FINANCIAL SERVICE,Financial Services
UPI-BANK OF INDIA,Financial Services
Jana Small Fonance Bank PAYMENT,Financial Services
"NEFT-KERALA BANK, PAMPAKUDA",Financial Services
Indian,Financial Services
"POS DEBIT CANARA BANK, LOHEGAON BRANCH",Financial Services
UPI-UZHAVOOR SERVICE CO-OPERATIVE BANK,Financial Services
Punjab National Bank atm PAYMENT,Financial Services
NEFT-PUNJAB NATIONAL BANK ATM,Financial Services
TMB,Financial Services
POS DEBIT KALAIAKDAVU CANARA BANK ATM,Financial Services
UPI-MARAMBALLY SERVICE CO-OPERATIVE BANK,Financial Services
Muthuvallur Rural Development Cooperative Society PAYMENT,Financial Services
NEFT-TELANGANA GRAMEENA BANK,Financial Services
"Corporation bank, atm",Financial Services
POS DEBIT SHIKSHAK SAHAKARI BANK LIMITED,Financial Services
UPI-FIN GROWTH CO-OPERATIVE BANK,Financial Services
Sub Treasury PAYMENT,Financial Services
NEFT-KOTAK MAHENDRA BANK,Financial Services
national insurance kottarakara,Financial Services
POS DEBIT POOVARANY SERVICE COPERATIVE BANK,Financial Services
UPI-ICICI BANK BHATKAL - BRANCH & ATM,Financial Services
ATM: Bank of India. PAYMENT,Financial Services
NEFT-KIZHISSERI SERVICE SAHAKARANA BANK,Financial Services
"Eden finance,Elluvila",Financial Services
POS DEBIT PANJAB NAISNAL BAINK,Financial Services
UPI-SVC BANK,Financial Services
The Morazha Kalliasseri Service Co-operative Bank PAYMENT,Financial Services
"NEFT-STATE BANK OF INDIA, ARUNOOTTIMANGALAM",Financial Services
Central Bank ATM,Financial Services
POS DEBIT SBI & ATM,Financial Services
UPI-SBI,Financial Services
OBC ATM PAYMENT,Financial Services
NEFT-PONKUNNAM SERVICE CO-OPERATIVE BANK,Financial Services
Bank of India RSETI Lucknow,Financial Services
POS DEBIT MATTANNUR URBAN CO-OPERATIVE BANK,Financial Services
UPI-PEZHAKKAPPILLY RURAL CO-OPERATIVE BANK,Financial Services
"Mini Bankers ,Adoor PAYMENT",Financial Services
NEFT-CANARA BANK MUTTIL BRANCH,Financial Services
UCO BANK,Financial Services
POS DEBIT KARNATAKA BANK. LTD HONNAVARA,Financial Services
UPI-KERALA CO-OP BANK,Financial Services
muthoot finance PAYMENT,Financial Services
"NEFT-MANJERI CO-OP URBAN BANK, TOWN BRANCH",Financial Services
Cooperative society,Financial Services
POS DEBIT THIRUMARADI SERVICE CO-OPERATIVE BANK,Financial Services
UPI-MOODADI SERVICE CORPERATIVE BANK,Financial Services
SBI-Bank PAYMENT,Financial Services
"NEFT-AVITTATHUR SERVICE CO-OPERATIVE BANK,LTD NO:706",Financial Services
Allahabad bank ATM,Financial Services
POS DEBIT SBI MANADDY,Financial Services
UPI-PEOPLE'S URBAN CO-OPERATIVE BANK LIMITED THRIPPUNITHURA BRANCH,Financial Services
Apna Janta Sahakari Bank PAYMENT,Financial Services
NEFT-PUNJAB NATIONQL BANK AND ATM,Financial Services
co-operative bank vellora,Financial Services
POS DEBIT THE CHANGANACHERRY URBAN CO-OPERATIVE BANK LTD,Financial Services
UPI-VIJAYA BANK OOTY BRANCH,Financial Services
kerala gramena bank PAYMENT,Financial Services
NEFT-SARDARBAUG QUARTERS,Financial Services
Anallor service cooperative bank extension,Financial Services
POS DEBIT LAKSHMI VILAS BANK,Financial Services
UPI-BANK OF INDIA-DAYAL BAGH BRANCH,Financial Services
Saraswat Bank Bavdhan Branch PAYMENT,Financial Services
NEFT-KOLLAM DISTRICT CO-OPERATIVE BANK,Financial Services
Kotak mahendra ATM,Financial Services
POS DEBIT THANKAMANI COOPERATIVE BANK,Financial Services
UPI-UNION BANK OF INDIA KAMPTEE,Financial Services
E S A F Small Finance Bank PAYMENT,Financial Services
NEFT-KVG BANK ABBIGERI,Financial Services
Cheenikuzhi co-operative bank,Financial Services
POS DEBIT KALLADIKKODE SERVICE CO-OPERATIVE BANK - EDAKURISSI BRANCH,Financial Services
UPI-SARVODAY COMERCIAL CO-OP BANK HEAD OFFICE,Financial Services
Naddakal co operative bank PAYMENT,Financial Services
NEFT-KARMASANGSTAN BANK.CHAUDDAGRAM,Financial Services
Thiruvananthapuram District Co-operative bank Nanthancode,Financial Services
POS DEBIT CANARA BANK MSME SULABH,Financial Services
"UPI-CO-OPERATIVE BANK, GOBINDPUR",Financial Services
Uttara Bank Limited PAYMENT,Financial Services
NEFT-STATE BANK OF INDIA (ATM/CDM),Financial Services
Bhoothakulam service co.operative branch,Financial Services
"POS DEBIT SVC BANK, BALEWADI BRANCH",Financial Services
UPI-DISTRICT CO-OPERATIVE BANK TOWN BRANCH KASARAGOD,Financial Services
Old Reserve Bank of India Building PAYMENT,Financial Services
NEFT-PKPS BANK,Financial Services
Aryad Panchayat Service Cooperative Bank,Financial Services
POS DEBIT KARUR VYSYS BANK,Financial Services
"UPI-KERALA BANK, TRIPUNITHURA",Financial Services
District cooperative bank PAYMENT,Financial Services
NEFT-KURAVILANGAD SERVICE CO OPERATIVE BANK,Financial Services
central bank,Financial Services
POS DEBIT SBI E-CORNER ATM & CDM,Financial Services
"UPI-BANK OF BARODA, LUNAHAR BRANCH",Financial Services
Citizen Credit Co-op Bank PAYMENT,Financial Services
NEFT-URBAN COOPERATIVE BANK MUVATTUPUZHA,Financial Services
ATM (Axis Bank),Financial Services
POS DEBIT STATE BANK OF INDIA CUSTOMER SERVICE POINT,Financial Services
UPI-THAYANNUR SERVICE CO-OPERATIVE BANK 7TH MILE BRANCH,Financial Services
"Lead Bank Office, Kollam District PAYMENT",Financial Services
"NEFT-ATM,INDIAN OVERSEAS BANK,KALLUMALA",Financial Services
Co-operative bank Edayirikkapuzha Br,Financial Services
POS DEBIT ALL BANK ATM,Financial Services
"UPI-KERALA BANK, THARA CHERUKUNNU",Financial Services
Punjab National Bank and Atm PAYMENT,Financial Services
NEFT-STATE BANK OF TRAVANCORE HARIPAD (P&SB),Financial Services
Urakam Service Co Operative Society,Financial Services
"POS DEBIT INDIAN BANK ATM,PALIYODU",Financial Services
UPI-KOTAKA MAHINDRA BANK LTD,Financial Services
Kasaragod service Co-operative bank PAYMENT,Financial Services
NEFT-HSBC,Financial Services
HDFC Cash Machine,Financial Services
POS DEBIT CAPITAL O,Financial Services
UPI-SULTHAN BATHERY URBAN CO-OPERATIVE BANK,Financial Services
Assam Gramin Vikash Bank PAYMENT,Financial Services
NEFT-INDIAN OVERSEAS BANK,Financial Services
Manjallor Rural Bank,Financial Services
POS DEBIT ENGANDIYUR COORPORATIVE BANK,Financial Services
UPI-PEOPLE'S COOPERATIVE BANK,Financial Services
hind PAYMENT,Financial Services
NEFT-STATE BANK OF INDIA- BHANDARA MAIN BRANCH,Financial Services
Allahabad Bank Sainik Nagar Branch,Financial Services
POS DEBIT SERVICE CO OPERATIVE BANK,Financial Services
UPI-INDICASH ATM,Financial Services
Punjab National Bank Helak PAYMENT,Financial Services
NEFT-MUTHUKULAM SERVICE CO-OPERATIVE BANK,Financial Services
Jila Sahkari Bank,Financial Services
POS DEBIT THANE BHARAT SAHKARI BANK,Financial Services
"UPI-KALAPET PACCS LIMITED, KAALAAPPTTTTU TOTTKK VEELLAANNMAI",Financial Services
Kerala Gramin Bank Neendoor PAYMENT,Financial Services
NEFT-AXIS BANK LOAN PROCESSING CENTER,Financial Services
Thiruvalla East Co-Operative Bank,Financial Services
POS DEBIT KANGRA CENTRAL CO-OPERATIVE BANK LTD,Financial Services
UPI-KANNUR CO-OP. URBAN BANK LTD,Financial Services
state bank of india- SBI PAYMENT,Financial Services
NEFT-PKGB BANK BENDEBEMBALI,Financial Services
hemtaabaad,Financial Services
POS DEBIT BANK OF MAHARSHTRA,Financial Services
UPI-SCB 1900 BRANCH,Financial Services
Punjab & Sind Bank PAYMENT,Financial Services
NEFT-CITIZEN CO-OPERATIVE SOCIETY LTD,Financial Services
Syndicate Bank Mangaluru Bijai Branch,Financial Services
POS DEBIT MUPPATHDAM SERVICE CO-OPERATIVE BANK,Financial Services
UPI-BANK OF INDIA KAMBAGI,Financial Services
The Kottakkal Co-op Urban Bank PAYMENT,Financial Services
NEFT-KERALA STATE FINANCIAL ENTERPRISES,Financial Services
Cooperative Bank Kanjirappally,Financial Services
POS DEBIT ANDHRA PRADESH GRAMEENA BANK,Financial Services
UPI-BANK B,Financial Services
"Pallikkare Co-operative Bank, Poochakad Branch PAYMENT",Financial Services
NEFT-EDATHIRINJI SERVICE SAHAKARANA BANK VALAVANANGADI-EDATHIRINJI RD,Financial Services
Kairali Gold Loan,Financial Services
POS DEBIT ANDHRA BANK KHURDHA,Financial Services
"UPI-SERVICE CO-OPERATIVE BANK, KORUTHODU",Financial Services
MDCC bank PAYMENT,Financial Services
NEFT-PIDAVOOR SERVICE CO-OPERATIVE BANK,Financial Services
CORPERATION BANK,Financial Services
POS DEBIT UNION BANK,Financial Services
UPI-KERALA GRAMIN BANK KALADY,Financial Services
Corporation Bank Zonal Office PAYMENT,Financial Services
NEFT-MADAYI CO-OPERATIVE RURAL BANK EDANADU BRANCH,Financial Services
Parathodu Cooperative Bank,Financial Services
POS DEBIT ERATTUPETTA BLOCK CO-OP URBAN SOCIETY,Financial Services
UPI-JANKALYAN COOPERATIVE BANK,Financial Services
Shaurastra Gramin Bank PAYMENT,Financial Services
NEFT-THURUTHY SERVICE CO OP BANK,Financial Services
The Visakhapatnam Coperative Bank,Financial Services
"POS DEBIT CENTRAL BANK OF INDIA, VIKARABAD BRANCH",Financial Services
UPI-KODUVAYUR SERVICE CO OPERATIVE BANK,Financial Services
Pragathi Krishna Grameena Bank PAYMENT,Financial Services
"NEFT-KAVALANGAD SERVICE CO-OPERATIVE BANK, CHEMBANKUZHY",Financial Services
"Kerala Bank, Manjapra",Financial Services
POS DEBIT CO-OPERATIVE BANK VELIYANADU,Financial Services
UPI-ESAF SMALL FINANCE BANK,Financial Services
"CO Operative Bank Ariyallur Branch ,Kodakkad PAYMENT",Financial Services
"NEFT-PANAYAL SERVICE CO-OPERATIVE BANK, PERIYATTADUKKAM BRANCH",Financial Services
Thrissur District Cooperative Bank,Financial Services
POS DEBIT THRIKKAIPETTA SERVICE COOPERATIVE BANK,Financial Services
UPI-THE BICHOLIM URBAN COOPERATIVE BANK,Financial Services
Kasaragod District Co-operative Bank PAYMENT,Financial Services
"NEFT-MAYYIL CO-OPERATIVE BANK ,MAYYIL",Financial Services
Kanippayyur Service Co-operative Bank,Financial Services
POS DEBIT SERVICE CORPORATIVE BANK MATHRA,Financial Services
UPI-CSC BANK CHEVOOR,Financial Services
"Namco Bank, Merchant Bank PAYMENT",Financial Services
NEFT-PISAF SMALL FINANCE BANK,Financial Services
"Kadukutty service cooperative bank,Palayamparambu",Financial Services
POS DEBIT PANAYAL MOVVAL,Financial Services
UPI-SULTHAN BATHERY SERVICE CO-OPERATIVE BANK,Financial Services
"City Union Bank, Nirmal PAYMENT",Financial Services
NEFT-ICICI BANK ATM,Financial Services
Panjab natinal bank kurgaon,Financial Services
POS DEBIT GRAMIND BANK,Financial Services
UPI-CHAYAM SERVICE CO-OPERATIVE BANK,Financial Services
ICICI Bank Rohini Sec-15 PAYMENT,Financial Services
NEFT-CENTRAL BANK OPF INDIA,Financial Services
"Pottassery Service Co-operative Bank,Viyyakkurussi Branch",Financial Services
POS DEBIT ING ATM,Financial Services
UPI-SBI PAHRAM BRANCH,Financial Services
"State Bank of India, Chundale PAYMENT",Financial Services
NEFT-LIC (GADGENAGAR BRANCH),Financial Services
Anappara Karinkal Society,Financial Services
POS DEBIT MUTHOOT HOUSING FINANCE,Financial Services
UPI-SBI MAIN BRANCH,Financial Services
co-opreative bank PAYMENT,Financial Services
"NEFT-KURUPPAMPADI SERVICE CO-OPERATIVE BANK BRANCH, VAIKARA",Financial Services
Rural Bank,Financial Services
POS DEBIT INDIAN OVERSEAS BANK ATM,Financial Services
UPI-KRISHNA BANK,Financial Services
Sbi Csp Mahantesh Chikkanargund PAYMENT,Financial Services
NEFT-PRERNNAA KON ONP BNK,Financial Services
Vijaya Bank- Bhandara Branch,Financial Services
POS DEBIT TELANGANA GRAMEENA BANK,Financial Services
UPI-KTC BANK,Financial Services
Cooperative Credit Society SBI Employees PAYMENT,Financial Services
NEFT-COOPERATIVE SERVICE BANK VENGARA,Financial Services
Ottapalam Service Co-Operative bank,Financial Services
POS DEBIT INDICASH,Financial Services
UPI-CANARA BANK &ATM BUDHANOOR,Financial Services
Kusum Money Exchange PAYMENT,Financial Services
"NEFT-COOPERATIVE BANK, KAPPIL",Financial Services
"SBI Bank ATM, Kotak Bank ATM, Canara Bank ATM",Financial Services
POS DEBIT CLT VELLALA COOPERATIVE BANK,Financial Services
UPI-PUTHENCHIRA CO-OPERATIVE BANK,Financial Services
Paramjeet Saha PAYMENT,Financial Services
NEFT-KANGRA CO-OPERATIVE BANK,Financial Services
Gayathri finance,Financial Services
POS DEBIT SALEM DIST COOP UNION,Financial Services
UPI-POPULAR FINANCE,Financial Services
Sowbhagya Bankers PAYMENT,Financial Services
"NEFT-STATE BANK OF INDIA, ICHODA",Financial Services
Karakulam Service coorperative bank,Financial Services
POS DEBIT SOUTH INDIAN BANK EXTENSION COUNTER,Financial Services
UPI-CENTRAL BANK OF INDIA,Financial Services
Veliyannoor Co-Opertive Bank LTD PAYMENT,Financial Services
"NEFT-BANK OF BHUTAN, GOMTU BRANCH",Financial Services
Chakicherla Bank,Financial Services
POS DEBIT ORIENT BANK OF COMMERCE,Financial Services
UPI-KEECHERY SERVICE CO-OPERATIVE BANK LTD. NO. 668,Financial Services
ORANGE LAB PAYMENT,Financial Services
NEFT-MULLENKOLLY SERVICE SAHAKARANA BANK,Financial Services
Kottayam District Co Operative Bank,Financial Services
"POS DEBIT KERALA BANK, THOPPUMPADY BRANCH",Financial Services
UPI-PAYTM ATM,Financial Services
PNB bank PAYMENT,Financial Services
NEFT-J&K BANK KANIHAMA,Financial Services
"Kerala Bank, Mulanthuruthy Branch",Financial Services
POS DEBIT ESFA SMALL FINANCE BANK VAIKOM,Financial Services
UPI-MATTANUR COOPERATIVE BANK,Financial Services
"CANARA BANK, BANSWARA PAYMENT",Financial Services
NEFT-KOTTAPPADY EAST CO-OPERATIVE BANK,Financial Services
W.Chalakudy Co-operative Bank Kottat Branch,Financial Services
POS DEBIT UNION BANK ATM KOTTARAKARA,Financial Services
UPI-WESTHILL KDC BANK,Financial Services
Vayala Co-operative Bank PAYMENT,Financial Services
"NEFT-DHARMADAM SERVICE CO-OPERATIVE BANK, EVENING BRANCH",Financial Services
Thrikkalathoor Co-operative Bank,Financial Services
POS DEBIT MAHA E-SEVA CENTER & AADHAR CENTER,Financial Services
UPI-PANJAB NATIONAL BANK,Financial Services
Podra Co-operative Bank PAYMENT,Financial Services
NEFT-THIRUVALLA EAST CO OPERATIVE BANK,Financial Services
Mapusa Urban Cooperative Bank Ltd.,Financial Services
POS DEBIT VIDARBHA KONKAN GRAMEEN BANK,Financial Services
UPI-DCB BANK ATM,Financial Services
mankada service co-oprative PAYMENT,Financial Services
"NEFT-STATE BANK OF INDIA, BONAKAL",Financial Services
ranga reddy bank,Financial Services
POS DEBIT SBI BANK BP ANGADI,Financial Services
UPI-SRI RAMAKRISHNA CO-OPERATIVE BANK,Financial Services
Service Co-operative Bank Mekozhoor PAYMENT,Financial Services
NEFT-PRIYADARSHINI WOMEN CO-OPERATIVE BANK,Financial Services
Bank of India Zonal Office,Financial Services
POS DEBIT CARPORATION BANK- ACHALGANJ BRANCH,Financial Services
UPI-HDFC BANK,Financial Services
canara atm PAYMENT,Financial Services
NEFT-ICICI BANK BRANCH & ATM,Financial Services
Syndicate Bank Gurpur Branch,Financial Services
POS DEBIT UNION BANK ATM,Financial Services
UPI-SOUTH VAZHAKULAM CO-OPERATIVE SOCIETY EVENING BRANCH,Financial Services
Bank of Maharashtra Zonal Office PAYMENT,Financial Services
NEFT-THE MEHSANA URBAN CO-OP BANK,Financial Services
Cosmos Co-operative Bank Ltd Branch,Financial Services
POS DEBIT ICDB BANK,Financial Services
UPI-SBI BANK AND ATM,Financial Services
Kerala Bank Mankulam PAYMENT,Financial Services
NEFT-BHADRADRI CO OPERATIVE URBAN BANK LTD,Financial Services
Oriental Bank,Financial Services
POS DEBIT EMERALD KURIES INDIA PVT.LTD.,Financial Services
UPI-STATE BANK OF INDIA-PANCHAYAT BHAVAN BRANCH,Financial Services
Bandhan Bank Dsc Pandavapura PAYMENT,Financial Services
NEFT-AKOLA ARBAN CO OPERATIVE BANK AMRAVATI,Financial Services
sdfc bank,Financial Services
POS DEBIT POPULAR,Financial Services
UPI-KERALA STATE COOPERATIVE BANK PRNGTKARA BRANCH,Financial Services
bhaartiiy sttett baiNk PAYMENT,Financial Services
NEFT-KDC BANK,Financial Services
south indian bank peermade,Financial Services
POS DEBIT JYRFHT,Financial Services
UPI-ANDOORKONAM COOPERATIVE BANK,Financial Services
Airapuram Service Co-operative Bank Ltd (North Airapuram Branch) No. 2124 PAYMENT,Financial Services
NEFT-PDCC BNAK,Financial Services
Kerala Bank Munambam,Financial Services
POS DEBIT KUNNATHUNAD SERVICE CO-OPERATIVE BANK,Financial Services
UPI-CANARABANK,Financial Services
J&K Bank Poloview PAYMENT,Financial Services
NEFT-HUMAN BANK,Financial Services
"Service Co-Operative Bank, Kangazha",Financial Services
POS DEBIT UJJIVAN BANK,Financial Services
UPI-SBI BANK,Financial Services
Neethi Cooperative Bank PAYMENT,Financial Services
NEFT-TAMILNAD MERCANTILE BANK ATM,Financial Services
South Indian ATM,Financial Services
POS DEBIT CANRA BANK ATM,Financial Services
UPI-SHIVALIK SMALL FINANCE BANK,Financial Services
Fed banlk PAYMENT,Financial Services
NEFT-LOKMANYA MULTIPURPOSE COOP SOCIETY LTD,Financial Services
popular finance,Financial Services
POS DEBIT VALAPATTANM SERVICE CO OPERATIVE BANK,Financial Services
UPI-ANCHALAMMOOD SERVICE CO-OP BANK,Financial Services
Upputhode Co-operative Bank PAYMENT,Financial Services
NEFT-KDAMPANAD SERVICE COOPERATIVE BANK LTD.,Financial Services
Natika firka rural bank,Financial Services
POS DEBIT HDFC BANK RELIEF ROAD BRANCH,Financial Services
UPI-PUNJAB NATIONAL BANK OF DOSTPUR,Financial Services
Pathanamthitta District Co-Operative Bank PAYMENT,Financial Services
NEFT-NEDUMKANDAM COOPERATIVE BANK,Financial Services
"Indian Overseas Bank, Plankamon",Financial Services
POS DEBIT BOB ATM,Financial Services
UPI-ARYANAD COOPERATIVE BANK,Financial Services
union bank sbi road bilaspur PAYMENT,Financial Services
NEFT-POOYAPPALLY SEVICE CO OPERATIVE BANK,Financial Services
Axis Bank khurdha,Financial Services
POS DEBIT THODUPUZHA SERVICE CO-OPERATIVE BANK LIMITED,Financial Services
UPI-KUNNAMKULAM NIDHI LTD,Financial Services
"Union Bank of India, Tandalwadi PAYMENT",Financial Services
NEFT-NS JUN,Financial Services
I.D.B.I Bank,Financial Services
POS DEBIT MUTHOOR SERVICE CO OPERATIVE BANK,Financial Services
UPI-SARASWAT BANK HEAD OFFICE,Financial Services
Vzhithala Service Cooperative Bank PAYMENT,Financial Services
NEFT-UCO ATM,Financial Services
Menampally Service Sahakarna Bank,Financial Services
POS DEBIT OVERSEAS BANK,Financial Services
UPI-ARANATTUKARA CO-OPERATIVE BANK,Financial Services
Federal Bank Kothamangalam Town PAYMENT,Financial Services
NEFT-KUDAKKACHIRA SERVICE CO-OPERATIVE BANK,Financial Services
Thiruvananthapuram district co-operative bank punnakulam,Financial Services
POS DEBIT M D C BANK,Financial Services
UPI-BANK OF MAHARASHTRA,Financial Services
Kavalangad service co operative bank PAYMENT,Financial Services
NEFT-AXIS BANK - AECS LAYOUT BRANCH,Financial Services
Akalakkunnam Village Co Operative Bank,Financial Services
POS DEBIT KOTAK SECURITIES,Financial Services
UPI-SBI ATM MANIT,Financial Services
Pragathi Krishna Gramin Bank PAYMENT,Financial Services
NEFT-KTM COOPERATIVE BANK,Financial Services
SVC Cooperative Bank Ltd,Financial Services
"POS DEBIT STATE BANK OF INDIA, KALYANPUR",Financial Services
UPI-ATM (FEDERAL BANK & MUTHOOT BANK),Financial Services
SBI Ultra Small Branch PAYMENT,Financial Services
NEFT-KANJIRAPALLY SERVICE CO-OPERATIVE BANK,Financial Services
Vidyaranyapura Credit Co-Operative Society Limited (R),Financial Services
POS DEBIT THE ERNAKULAM DISTRICT COOPERATIVE BANK,Financial Services
"UPI-SERVICE CO OPERATIVE BANK, THURAYUR",Financial Services
FEDERAL BANK PAYMENT,Financial Services
NEFT-KERALA BANK ATM ADIVAD,Financial Services
Triprayar Multipurpose Cooperative Society,Financial Services
POS DEBIT SAHAKARANA URBAN BANK,Financial Services
"UPI-KADUNGALLOOR SERVICE CO-OPERATIVE BANK, ULIYANNOOR BRANCH",Financial Services
INDUSlnd bank PAYMENT,Financial Services
NEFT-MINI BANK - CHAS,Financial Services
Kodakkad Service Co Operative Bank Ltd,Financial Services
POS DEBIT STATE BANK ATM,Financial Services
UPI-KERALA BANK ATM ALUVA EVE,Financial Services
Co Operative Bank PAYMENT,Financial Services
NEFT-SERVICE COOPERATIVE BANK CHANDANAPALLY,Financial Services
ESAF small Finance Bank,Financial Services
POS DEBIT KARNATAKA BANK LTD,Financial Services
"UPI-THALAKKAD SERVICE CO-OPERATIVE BANK, PULLUR",Financial Services
Koothattukulam Samoohya Shema Shakarana Samgam PAYMENT,Financial Services
NEFT-KARIVELLUR COOPERATIVE BANK MORNING AND EVENING BRANCH KARIVELLUR,Financial Services
Prabhu Bank,Financial Services
"POS DEBIT INDIAN OVERSEAS BANK, KUSHAL NAGAR",Financial Services
UPI-UNITED BANK OF INDIA,Financial Services
KVG Bank PAYMENT,Financial Services
NEFT-PUNJAN NATIONAL BANK,Financial Services
Pang Service Co-Operative Bank,Financial Services
POS DEBIT ESAF,Financial Services
UPI-MADHANCHAL GRAMIN KIOSK BANK,Financial Services
Hdfc Bank Atm PAYMENT,Financial Services
NEFT-SBI LAHAR BRANCH,Financial Services
Shriram Finance Limited,Financial Services
"POS DEBIT SERVICE CO-OPERATIVE BANK, MEPPAYUR",Financial Services
UPI-THIRUVALLA SERVICE COOPERATIVE BANK,Financial Services
Kodagu DCC Bank PAYMENT,Financial Services
NEFT-BHADRADRI BANK,Financial Services
CO OPERATIVE BANK ERATHU,Financial Services
POS DEBIT UNION BANK OF INDIA,Financial Services
UPI-VELLANGALLUR CO-OPERATIVE BANK,Financial Services
Karalam Service Co Operative Bank Extension Counter Vellani PAYMENT,Financial Services
NEFT-KERALA STATE CO-OPERATIVE BANK LTD. (KERALA BANK),Financial Services
Co-Operative Bank Budhanoor,Financial Services
POS DEBIT THE CENTRAL FINANCIAL CREDIT AND INVESTMENT CO-OPERATIVE INDIA LTD,Financial Services
UPI-ALAHABAD BANK,Financial Services
The vellathooval service co-operative bank -shelliampara branch PAYMENT,Financial Services
NEFT-THALAPPALAM SERVICE CO-OPERATIVE BANK PLASSANAL,Financial Services
NBL,Financial Services
"POS DEBIT PDCC BANK, AGRICULTURAL COLLEGE BRANCH",Financial Services
UPI-LOKAMANYA MULTIPURPOSE CO-OPERATIVE SOCIETY LIMITED,Financial Services
"sttytt bynkh af nddy, mlkhyptt PAYMENT",Financial Services
"NEFT-SAURASHTRA GRAMIN BANK, KERIYACHAD",Financial Services
Maradu Co-operative Bank,Financial Services
POS DEBIT RBL BANK,Financial Services
UPI-SYNDICATE BANK KANJARAKATTE BRANCH,Financial Services
HDFC Bank and Atm PAYMENT,Financial Services
NEFT-AJSCB LTD NO 19,Financial Services
Mannur urban bank,Financial Services
POS DEBIT JEVESHWAR CO-OPERATIVE SOCIETY,Financial Services
UPI-KARUR VYSYA BANK,Financial Services
Mahanagar Co Op Bank PAYMENT,Financial Services
NEFT-CANARA BANK,Financial Services
Punjab Nati0onal Bank,Financial Services
POS DEBIT MIZORAM RURAL BANK,Financial Services
"UPI-SERVICE CO-OPERATIVE BANK, AZHIKODE",Financial Services
State Bank of India - Mahesh Nagar PAYMENT,Financial Services
"NEFT-AXIS BANK, SONARI BRANCH",Financial Services
Union Bank Of India ATM,Financial Services
POS DEBIT AGRI SERVICE CO-OPERATIVE BANK,Financial Services
UPI-CSC BANK THAYAMKULANGARA BRANCH,Financial Services
"Girijan Co-operative Society, Edamalakkudy PAYMENT",Financial Services
"NEFT-HDFC BANK ATM, GANDHI CHOWK,MEDAK",Financial Services
Muthoot,Financial Services
POS DEBIT PRIYADHARISHNI VANITHA SERVICE SAHAKARANA SANGHAM,Financial Services
UPI-MICRO ATM,Financial Services
State Bank of India KHURDHA 2 PAYMENT,Financial Services
NEFT-KOLLM DISTRICT FARMERS COOPERATIVE BANK,Financial Services
Kerala bank,Financial Services
POS DEBIT MADAKKIMALA SERVICE COOPERATIVE BANK,Financial Services
UPI-MINOR IRRIGATION OFFICE,Financial Services
Adat Farmers Service Co-operative Bank PAYMENT,Financial Services
NEFT-VETTATHUR COOPERATIVE BANK,Financial Services
Citizen Credit Co-operative Bank,Financial Services
POS DEBIT STATE BANK OF TRAVANCORE ATM,Financial Services
UPI-AIRTEL PAYMENTS BANK POINT,Financial Services
Vikasa Souharda Co-Operative Bank Limited PAYMENT,Financial Services
NEFT-MARADY SERVICE CO OPERATIVE BANK,Financial Services
Aiyroorpara Cooperative Bank,Financial Services
POS DEBIT KODIYATHOOR COOPERATIVE BANK,Financial Services
UPI-DBS BANK INDIA LIMITED,Financial Services
lic and rubco PAYMENT,Financial Services
NEFT-PUNJAB AND SLIND BANK,Financial Services
Kerala State Co operative Bank Ltd,Financial Services
POS DEBIT STATE BANK OF INDIA ATM,Financial Services
UPI-CALICUT CITY SERVICE CO-OPERATIVE BANK,Financial Services
Sberbank PAYMENT,Financial Services
NEFT-ICICI BANK ATM,Financial Services
Syndicate Bank Kotekar Branch,Financial Services
"POS DEBIT COOPERATIVE RURAL BANK, MADAYI",Financial Services
UPI-ALAPPUZHA DISTRICT COOPERATIVE BANK,Financial Services
Kerala Mercantile Cooperative Bank PAYMENT,Financial Services
"NEFT-SERVICE CO-OPERATIVE BANK, AYANKALAM.",Financial Services
Axis Bank atm,Financial Services
POS DEBIT PERALAM CO-OPERATIVE BANK,Financial Services
UPI-NAINITAL DISTRICT COOPERATIVE BANK,Financial Services
"Federal Bank, Koothattukulam PAYMENT",Financial Services
NEFT-PONNANI CO-OPERATIVE URBAN BANK,Financial Services
Kotak mahindra Bank,Financial Services
POS DEBIT SBI YONO,Financial Services
UPI-POTHANICAD FARMER'S COOPERATIVE BANK,Financial Services
Saraswat bank PAYMENT,Financial Services
NEFT-MUNDUR SERVICE CO OPERATIVE BANK,Financial Services
"icici bank,kamla nagar branch",Financial Services
POS DEBIT ORISSA CO-OPERATIVE BANK ATM,Financial Services
UPI-MUTHOOTU MINI,Financial Services
"Sub Treasury, Koothattukulam PAYMENT",Financial Services
NEFT-STATE BANK OF INDIA(JNTU BRANCH),Financial Services
L M N S Bank,Financial Services
POS DEBIT NKGSB CO-OPERATIVE BANK,Financial Services
UPI-BANK OF INDIA ( RAMPUR BHAWANIPUR ),Financial Services
The Kakinada Cooperative Town Bank Limited PAYMENT,Financial Services
"NEFT-UNION BANK, VAYALAR",Financial Services
fedral bank atm,Financial Services
POS DEBIT AGRICULTURAL AND RURAL DEVELOPMENT BANK,Financial Services
UPI-CHERPULASSERY CO-OPERATIVE BANK,Financial Services
Kpb Ndhi Ltd PAYMENT,Financial Services
NEFT-CENTRAL BANK OF INDIA SIXMILE BRANCH,Financial Services
Kaveri Gramina Bank,Financial Services
POS DEBIT NADAKKAL SERVICE CO-OPERATIVE BANK,Financial Services
UPI-ADC-BANK,Financial Services
Jubilee Hills Mercantile Co-Operative Urban Bank Limited PAYMENT,Financial Services
NEFT-ODISHA GRYAMYA BANK,Financial Services
ATM (IDBI),Financial Services
POS DEBIT JK STATE COOPERATIVE BANK,Financial Services
UPI-CHERTHAZHAM SERVICE COOPERATIVE BANK,Financial Services
Belstar Investment And Finance PAYMENT,Financial Services
NEFT-DECENT JUNCTION SERVICE CO-OPERATIVE BANK,Financial Services
BDCC Bank,Financial Services
POS DEBIT CHEMMANNUR GOLD LOAN,Financial Services
"UPI-UNION BANK OF INDIA, KOKKAYAR",Financial Services
Mangattidam Service Co-operative Bank PAYMENT,Financial Services
NEFT-IPPB BANK,Financial Services
Utkarsh Small Finance Bank,Financial Services
POS DEBIT ANDHRA BANK MALKAPURAM,Financial Services
UPI-AANDRA BANK,Financial Services
Muthoot Financiers PAYMENT,Financial Services
NEFT-CENTRAL BANK OF INDIA - BAIRAGARH BRANCH,Financial Services
Puthenchira Service Co Operative Bank,Financial Services
POS DEBIT PUTHENMADAMKUNNU CATHOLIC KURIES LTD,Financial Services
UPI-STATE BANK OF INDIA SAGAR MAIN BRAMCH,Financial Services
State Bank of India NPCIL Kaiga PAYMENT,Financial Services
NEFT-ATM (BOI),Financial Services
The Kaduthuruthy Urban Co-operative Bank,Financial Services
"POS DEBIT MELILA RURAL CO-OPERATIVE SOCIETY, KIZHAKKETHERUVU, MELILA",Financial Services
UPI-CANARA BANK RO DAVANGERE,Financial Services
"WOMEN'S COOPERATIVE BANK,KUNNAM PAYMENT",Financial Services
"NEFT-SBI CITY BRANCH, BHAGALPUR",Financial Services
sbi,Financial Services
POS DEBIT NATIONAL BANK FOR AGRICULTURE AND RURAL DEVELOPMENT.,Financial Services
UPI-PUTHUPURACKEL GOLD LOAN,Financial Services
Thirur Urban Cooperative Nak PAYMENT,Financial Services
NEFT-ADITYA-ANAGHA MULTI STATE CREDIT CO-OPERATIVE SOCIETY LTD,Financial Services
Nadakkuthazha Co-Operative Bank,Financial Services
POS DEBIT BMP SBI ATM,Financial Services
"UPI-DISTRICT CO-OPERATIVE BANK ,THANNITHODU",Financial Services
Pappiniseri Co-operative Rural Bank Limited PAYMENT,Financial Services
"NEFT-CANARA BANK, VANDSE",Financial Services
Chaitanya Godavari Gramina Bank,Financial Services
POS DEBIT KESHAV SEHKARI BANK LIMITED,Financial Services
UPI-KULIKILIAD CO-OPERATIVE,Financial Services
Puthen veettil Bankers PAYMENT,Financial Services
NEFT-KERALA BANK,Financial Services
India1,Financial Services
POS DEBIT MADGAUM URBAN BANK,Financial Services
"UPI-STATE BANK OF INDIA, WALAYAR",Financial Services
Karnatka Vikas Bank Kerur PAYMENT,Financial Services
NEFT-INDIA POST ATM,Financial Services
Elampal Cooperative Bank,Financial Services
POS DEBIT CATHOLICAL SERIAL BANK (CSB),Financial Services
UPI-TATA ATM,Financial Services
SVC Co-operative Bank Limited PAYMENT,Financial Services
NEFT-NIRMAL UJJWAL CREDIT CO.OP. SOCIETY LTD,Financial Services
"Kerala Grameen Bank, Poochakal",Financial Services
POS DEBIT FINCARE SMALL FINANCE BANK,Financial Services
UPI-ESAF SERVICE BANK,Financial Services
Kannadi Service Cooperative Bank Ltd. PAYMENT,Financial Services
NEFT-VAZHOOR FARMERS SERICE CO OPERATIVE BANK,Financial Services
Peechi Service Cooperative Bank,Financial Services
POS DEBIT ELAMKULAM SERVICE COOPERATIVE BANK,Financial Services
UPI-CSB,Financial Services
Sub Treasury sb ttrssrri PAYMENT,Financial Services
NEFT-STATE BANK OF INDIA (SAGAR DIGHI BRANCH),Financial Services
Rajasthan Marudhara garmin Bank,Financial Services
POS DEBIT THE TAMIL NADU CIRCLE CO-OPERATIVE BANK,Financial Services
UPI-KARUR VYSYA BANK ATM,Financial Services
"Inchianyani service Cooperative Bank, Inchianyani PAYMENT",Financial Services
NEFT-LIFE INSURANCE CORPORATION OF INDIA,Financial Services
PADB,Financial Services
POS DEBIT YES BANK,Financial Services
UPI-CARMEL BANKERS,Financial Services
Nadathara Farmers Bank PAYMENT,Financial Services
"NEFT-PAPPINISSERI COOPERATIVE RURAL BANK, BAKKALAM EVENING BRANCH",Financial Services
L&T Finance Ltd,Financial Services
POS DEBIT ICICI BANK JAGTIAL - BRANCH & ATM,Financial Services
UPI-KRISHI PATTIN SAHAKARI BANK,Financial Services
Punjab Bank ATM PAYMENT,Financial Services
NEFT-E-CORNER,Financial Services
Farmers Bank izhakombu,Financial Services
POS DEBIT BANK OF INDIA (SHIRODA),Financial Services
UPI-KERALA,Financial Services
Icici PAYMENT,Financial Services
NEFT-VIKAS SOUHARDA CO OPERATIVE BANK LTD,Financial Services
Co-Operative City Bank Limited,Financial Services
POS DEBIT THE KANGRA CENTRAL CO-OPERATIVE BANK,Financial Services
UPI-KOTTATHARA SERVICE COOPERATIVE BANK,Financial Services
Kerala Bank Aluva Main Br PAYMENT,Financial Services
NEFT-KOLLAM DISTRICT COOPERATIVE BANK,Financial Services
"Service Co-operative Bank, Kuttilanji Branch, Cheruvattoor.",Financial Services
POS DEBIT IDCB TOWN BRANCH,Financial Services
UPI-BANDAN BANK,Financial Services
cananra bank atm PAYMENT,Financial Services
NEFT-BRD SECURITIES NTA BRANCH,Financial Services
Federal Bank Piravom Branch,Financial Services
POS DEBIT UTKARS SMALL FINANCE BANK LTD,Financial Services
UPI-KAYYUR SERVICE SAHAKARANA BANK,Financial Services
"sttytt bykh af nddy, s`ydabd PAYMENT",Financial Services
NEFT-THRISSUR DISTRICT CO- OPERATIVE BANK,Financial Services
State Bank of India Cherpu Branch,Financial Services
POS DEBIT SARASVAT BANK,Financial Services
UPI-KUNNATH BANKERS,Financial Services
People's Urban Co-operative Bank PAYMENT,Financial Services
NEFT-EDACHERI SERVICE COOPERATIVE BANK,Financial Services
Sahkari Mandli Bharatnagar,Financial Services
POS DEBIT JANATA BANK LTD,Financial Services
UPI-CHIPLUN URBAN COOPERATIVE BANK,Financial Services
Pipra Coperative Society Bank PAYMENT,Financial Services
NEFT-ORIENTAL BANK OF CONMERCE,Financial Services
Karshika Grama Vikasana Bank,Financial Services
POS DEBIT MOODADI SERVIVE CO OPERATIVE BANK,Financial Services
UPI-NEERICODE SERVICE BANK,Financial Services
Thidanad Service Co-operative Bank PAYMENT,Financial Services
NEFT-PUNJAB BANK ATM,Financial Services
"Andhra Bank DVK,",Financial Services
POS DEBIT PARODA VKSS SOCIETY LIMITED,Financial Services
UPI-TABA DESIGN STUDIO,Financial Services
Bank Of Baroda PAYMENT,Financial Services
NEFT-ESAF ATM ALAGAPPANAGAR,Financial Services
ESAF small finance Bank,Financial Services
POS DEBIT UTTARAKHAND RAJYA SAHKARI BANK,Financial Services
UPI-ATM LAKSHAPUR,Financial Services
Oonnukal Cooperative Bank PAYMENT,Financial Services
NEFT-BANK OF INDIA E-GALLERY,Financial Services
PNB,Financial Services
POS DEBIT ANDHRA BANK,Financial Services
UPI-PUNNAYURKULAM SERVICE CO OPERATIVE BANK,Financial Services
Kerala Bank Choondy Branch PAYMENT,Financial Services
NEFT-VIDYA SAHAKARI BANK,Financial Services
National Co-operative Bank Ltd.,Financial Services
POS DEBIT KARNATAKA VIKASA GRAMINA BANK,Financial Services
"UPI-J&K BANK, RATNIPORA",Financial Services
South Indian Bank Meenangadi PAYMENT,Financial Services
NEFT-SDCC BANK,Financial Services
Nagpur Nagarik Sahakari Bank Ltd.,Financial Services
POS DEBIT PANJAB NATIOANL BANK,Financial Services
UPI-MOOTHOT BANK MATTUKKATTA,Financial Services
SBH bank PAYMENT,Financial Services
NEFT-SUNDARAM FINANCE LTD,Financial Services
grameen bank,Financial Services
"POS DEBIT PALLICKAL SERVICE CO-OPERATIVE BANK,THENGAMAM",Financial Services
UPI-KERALA GRAMIN BANK KANIYAMBETTA BRANCH,Financial Services
PLDB Bank PAYMENT,Financial Services
NEFT-GANDHI PLAZA,Financial Services
sarva up grahmin bank,Financial Services
"POS DEBIT STATE BANK OF INDIA, MULUND E",Financial Services
UPI-ODISHA GRAMYA BANK HEAD OFFICE,Financial Services
Kurichy Cooperative Bank PAYMENT,Financial Services
NEFT-KAVERI KALPATARU GRAMEENA BANK,Financial Services
Thrissur District Co-operative Bank,Financial Services
POS DEBIT MEGHALAYA RURAL BANK,Financial Services
UPI-KERALA STATE CO-OPERATIVE BANK LIMITED,Financial Services
aikkarnadu cooperative bank PAYMENT,Financial Services
NEFT-BELLADA - BAGEWADI IRBAN SOUHARDA SAHAKARI BANK LTD.,Financial Services
The Andhra Bank Employees co-operative Bank Ltd,Financial Services
POS DEBIT KSFE,Financial Services
UPI-VIJAYA BANK EXTENSION COUNTER,Financial Services
Zoroastrian Co Op Bank Ltd PAYMENT,Financial Services
NEFT-SOUTH INDISN BANK,Financial Services
ICICI Bank - Karve Nagar Branch,Financial Services
"POS DEBIT KERALA COPERATIVE SOCIETY BANK, KADAKKAVOOR",Financial Services
UPI-SAHYADRI CO-OPERATIVE CREDIT SOCIETY LTD,Financial Services
Lekshmi Vilas ATM PAYMENT,Financial Services
NEFT-FATIMANAGAR CO-OPERATIVE BANK LTD.,Financial Services
Thrikkakara Service Co-Operative Bank Ltd No E 148,Financial Services
"POS DEBIT PANAYAL SERVICE CO-OPERATIVE BANK, KOTTAPUNNA BRANCH",Financial Services
UPI-IOB NOYYAL BRANCH,Financial Services
ATM (SBT) PAYMENT,Financial Services
NEFT-SURYODAY SMALL FINANCE BANK LTD KALABURGI,Financial Services
Muthoot Finance Ltd,Financial Services
POS DEBIT KOTTAYAM DISTRICT COOPERATIVE BANK,Financial Services
"UPI-BANK OF BARODA, MAYUR VIHAR PHASE 3",Financial Services
Karnataka State Co-op Apex Bank PAYMENT,Financial Services
NEFT-AMARAVATHI COOPERATIVE BANK,Financial Services
Hdfc,Financial Services
"POS DEBIT NAGPUR NAGARIK SAHAKARI BANK LTD., MANEWADA",Financial Services
UPI-VIJAYA BANK,Financial Services
"thumboor Co-operative Bank,pattepadam PAYMENT",Financial Services
NEFT-IMDA,Financial Services
bank of india,Financial Services
POS DEBIT APGVB,Financial Services
UPI-KOSAMMATTAM FINANCE,Financial Services
Peoples Urban Co Coperative Bank PAYMENT,Financial Services
NEFT-CHEPPAD KANNIMEL SERVICE CO-OPERATIVE BANK,Financial Services
BNP Paribas,Financial Services
POS DEBIT AMBALLOOR JANATHA SERVICE CO-OPERATIVE BANK,Financial Services
UPI-VISAKHA GRAMEENA VIKAS BANK,Financial Services
Muthukulam Service Co-Operative Bank PAYMENT,Financial Services
NEFT-DHANALAXMI BANK,Financial Services
atm kerala gramena bank,Financial Services
POS DEBIT TAMILNAD MERCANTILE BANK,Financial Services
UPI-KUZHUPPILLY SERVICE CO-OPERATIVE BANK,Financial Services
Employees Housing Cooperative Society PAYMENT,Financial Services
NEFT-SAHAKARANA,Financial Services
The National Co-operative Bank,Financial Services
POS DEBIT SOUTH INDIAN BANK VELLARAKKAD BRANCH,Financial Services
UPI-CHEMMARUTHY SERVICE CO - OPERATIVE BANK,Financial Services
Cenara bank PAYMENT,Financial Services
NEFT-KUTTIADI PANCHAYATH SERVICE CO- OPERATIVE BANK ( VADAYAM BRANCH),Financial Services
Vyshya co-operative bank,Financial Services
POS DEBIT AUTOMATED TELLER MACHINE(ATM) CANARA BANK,Financial Services
UPI-KARNATAKA BANK,Financial Services
HDFC bank PAYMENT,Financial Services
NEFT-SOUTH INDIAN BANK & ATM,Financial Services
Federal bank ATM,Financial Services
POS DEBIT THIRUVALLA TALUK MARCHANT'S CO OPERATIVE SOCIETY,Financial Services
UPI-SBI MOGAPAIR,Financial Services
P K P S Bank Sorhalli PAYMENT,Financial Services
NEFT-THANE JANATA SAHAKARI BANK (TJSB)),Financial Services
AP Grameena Vikas bank,Financial Services
"POS DEBIT ALLAHABAD BANK, BARUIPARA BRANCH",Financial Services
UPI-STATE BANK OF INDIA SBI,Financial Services
APGV bank PAYMENT,Financial Services
NEFT-KAKKODI URBAN CO-OPERATIVE SOCIETY,Financial Services
Indian Bank ATM,Financial Services
POS DEBIT ATM SBI,Financial Services
UPI-PACS BANK KINNAL,Financial Services
The Edamon Service Co-Operative Bank PAYMENT,Financial Services
NEFT-BANK OF RAJASTHAN,Financial Services
Valanchery Service Cooperative Bank,Financial Services
POS DEBIT CHAITANYA GODAVARI BANK,Financial Services
UPI-FEDERAL BANK ATM,Financial Services
Irinjalakuda town co-operative bank PAYMENT,Financial Services
NEFT-KUMARANALLOOR SERVICE CO-OPERATIVE CO-OPERATIVE BANK,Financial Services
J&K Bank amd Atm,Financial Services
POS DEBIT KUMARANALLOOR SERVICE CO-OPERATIVE BANK LTD,Financial Services
"UPI-KERALA BANK, PERUMBAVOOR EVENING",Financial Services
Chavakkad Farkka Cooperative Rural Bank PAYMENT,Financial Services
NEFT-UJJIVAN,Financial Services
Buldana Urban Cooperative Credit Society,Financial Services
POS DEBIT KARNATAKA VIKAS GRAMEEN BANK,Financial Services
"UPI-ANDHRA BANK, KUNTALA",Financial Services
Naduvannur Regional Co-op Bank PAYMENT,Financial Services
"NEFT-PUNJAB NATIONAL BANK, BANSWARA",Financial Services
"Service Co-Operative Bank, Ayyappankavu",Financial Services
POS DEBIT KBS BANK CORPORATE OFFICE,Financial Services
UPI-ILLAHABAD BANK,Financial Services
Melathil bank PAYMENT,Financial Services
NEFT-MUTHOOT MINI,Financial Services
Federal Bank Manjeri Branch and ATM Calicut Road,Financial Services
POS DEBIT ATM - KERALA GRAMIN BANK,Financial Services
UPI-THE WAYANAD DISTRICT CO-OPERATIVE BANK,Financial Services
Office PAYMENT,Financial Services
"NEFT-SCDCC BANK, VANDSE",Financial Services
Yes Bank Mapusa MSME Branch,Financial Services
POS DEBIT QUILON COOPERATIVE URBAN BANK HEAD OFFICE,Financial Services
UPI-INDIAN OVERSEAS BANK MALLASAMUDRA,Financial Services
Sbi Atm PAYMENT,Financial Services
NEFT-MONEY SPOT ATM,Financial Services
Vadakkumpuram Service Cooperative Bank,Financial Services
POS DEBIT MUTHOOT FINCORP PALAKKAL BRANCH,Financial Services
UPI-OMASSERY SERVICE CO-OPERATIVE BANK LTD - KOODATHAI BRANCH,Financial Services
ICICI Bank ATM PAYMENT,Financial Services
NEFT-SIB ATM,Financial Services
Amballur Town Cooperative Society,Financial Services
POS DEBIT SBH ATM MANAGE,Financial Services
UPI-ANDHRA BANK,Financial Services
Bank of Maharashtra PAYMENT,Financial Services
NEFT-SBI INTOUCH,Financial Services
baroda(vijaya) bank,Financial Services
"POS DEBIT ANDHRA BANK, SYAMALANAGAR BRANCH",Financial Services
UPI-BESIK BYAANK LIMITTEDD,Financial Services
Town Bank Prumba Branch PAYMENT,Financial Services
NEFT-COOPERATIVE URBAN BANK,Financial Services
Syndicate Bank Kodibettu Branch,Financial Services
POS DEBIT INDIA 1ATM,Financial Services
"UPI-SERVICE COOPERATIVE BANK, KADANAD",Financial Services
hdfc bank PAYMENT,Financial Services
NEFT-JAMMU AND KASHMIR BANK SHALTENG,Financial Services
Muthoot FinCorp Ltd.,Financial Services
POS DEBIT STATE BANK OF INDIA (SBI),Financial Services
UPI-ALLEPYDISTRICTBANK,Financial Services
Peroor Service Society Bank PAYMENT,Financial Services
NEFT-SYNDICATEBANK SHORAPUR BRANCH,Financial Services
Kasargod service co-operative bank,Financial Services
POS DEBIT SOORYA BANK,Financial Services
UPI-VALAVOOR SERVICE CO.OPERATIVE BANK,Financial Services
Max Life Insurance Co. Ltd PAYMENT,Financial Services
NEFT-IOB REGINAL OFFICE,Financial Services
Axis Bank Cards & Merchant Acquiring,Financial Services
POS DEBIT SBI LOANS,Financial Services
UPI-JANSEVA SAHKARI BANK,Financial Services
State Bank Of India Kooriyad Branch PAYMENT,Financial Services
NEFT-SREEKARYAM SERVICE SAHAKARANA BANK,Financial Services
Chambakkara Service Sahakarana Bank,Financial Services
POS DEBIT MULTI PURPOSE SAHAKARANA SANGAM,Financial Services
UPI-KOLAZHY COOPERATIVE BANK,Financial Services
"The Dayanand Multi Cooperative Society, Mapusa Branch PAYMENT",Financial Services
NEFT-STATE BANK OF INDIA MAIN BRANCH,Financial Services
The Mathikere Credit Co-operative Society Ltd.,Financial Services
POS DEBIT MARIYATHURUTHU CO-OPERATIVE BANK,Financial Services
UPI-NEEROZHIKKAL FINACIERS,Financial Services
Khaptad PAYMENT,Financial Services
"NEFT-DNS BANK, KOTHRUD BRANCH",Financial Services
Vaikom Bankers,Financial Services
POS DEBIT RAIGANJ CENTRAL CO-OPERATIVE BANK,Financial Services
UPI-MUTHOOT FINANCE KAMPTEE,Financial Services
SBI Ullala PAYMENT,Financial Services
NEFT-CANERA BANK MEENANGADI,Financial Services
ashraf,Financial Services
POS DEBIT PAYYANNUR RURAL BANK MAHADEVAGRAMAM BRANCH,Financial Services
UPI-KIZHAKKUMURI KURIES (P) LTD.,Financial Services
Service cooperative BankK PAYMENT,Financial Services
NEFT-INDUS BANK- SPECIALISED BRANCH,Financial Services
State Bank of India P.B.B. Branch,Financial Services
POS DEBIT KZM KTB `DL,Financial Services
UPI-ICICI BANK ATM,Financial Services
Velloor Service Sahakarna Bank PAYMENT,Financial Services
NEFT-ICICI PRUDENTIAL LIFE INSURANCE COMPANY LIMITED,Financial Services
State Bank of India Kurgunta,Financial Services
POS DEBIT INDUS BANK,Financial Services
UPI-CHAITANYA GODAVARI GRAMEEMA BANK,Financial Services
Yes bank Atm PAYMENT,Financial Services
"NEFT-SERVICE CO OPERATIVE BANK, EZHOME",Financial Services
Eraviperoor East Corporative Bank,Financial Services
POS DEBIT KERALA GRAMIN BANK,Financial Services
UPI-IIFL FINANCE,Financial Services
IOB atm PAYMENT,Financial Services
NEFT-THANIYAM CO-OPERATIVE BANK,Financial Services
HDFC BANK ATM,Financial Services
POS DEBIT MEENACHIL CO-OPERATIVE AGRICULTURAL AND RURAL DEVELOPMENT BANK,Financial Services
UPI-DHANLAXMI BANK ATM,Financial Services
Elappully Service Co-operative bank PAYMENT,Financial Services
NEFT-PULLUR COOPERATIVE BANK,Financial Services
State ATM,Financial Services
POS DEBIT KOTTAPPADY CO-OPERATIVE BANK,Financial Services
UPI-ALLAHABAD BANK PAYYANUR,Financial Services
Manappuram Finance PAYMENT,Financial Services
"NEFT-SBI,VATTAPPARA",Financial Services
Telangana grameena bank,Financial Services
POS DEBIT STATE BANK OF MYSORE ATM,Financial Services
UPI-VENGOLA SERVICE CO OPERATIVE BANK,Financial Services
GP Parsik Sahakari Bank (Head Office) PAYMENT,Financial Services
NEFT-INDORE CITIZEN SAKH SAHKARITA SANSTHA,Financial Services
Cosmos Co-Operative Bank,Financial Services
POS DEBIT DHARMAPURI CENTRAL COOP BANK,Financial Services
UPI-INDIAN OVERSEAS BANK VADAKARA,Financial Services
Big kanchipuram cooperative town Bank PAYMENT,Financial Services
NEFT-PUNYAM CHITS,Financial Services
Thimiri co-operative bank,Financial Services
POS DEBIT BHARAT CO OP BANK,Financial Services
UPI-SBI SECHU ZUBZA BR,Financial Services
Choondacherry service Co operative bank PAYMENT,Financial Services
NEFT-KANJIRAPPALLY SERVICE CO-OPERAIVE BANK,Financial Services
State Bank of India - Hospet,Financial Services
POS DEBIT VALAPAD COOPERATIVE BANK,Financial Services
UPI-PANCHAGANGA RAITHARA SEVA SAHAKARI SANGHA LTD.,Financial Services
noor communication PAYMENT,Financial Services
"NEFT-KERALA BANK (MURICKASSERY CO-OPERATIVE BANK),CHEMPAKAPPARA",Financial Services
Langpi Dehangi,Financial Services
POS DEBIT WAYANAD DISTRICT CO-OPERATIVE BANK,Financial Services
UPI-HDFC HOME LOANS,Financial Services
"Eramala Service Co-operative Bank,Ladies Branch PAYMENT",Financial Services
NEFT-THE KOMMERI SERVICE CO-OPERATIVE BANK,Financial Services
The Kottayam Co-operative Bnk,Financial Services
POS DEBIT CANERA BANK RATHKHAAL MANILA,Financial Services
UPI-MAMALA SERVICE CO-OPERATIVE BANK,Financial Services
S.B.I A.T.M PAYMENT,Financial Services
NEFT-BANDHAN BANK,Financial Services
Muttom Urban Bank,Financial Services
POS DEBIT IRIKKUR SERVICE COOPERATIVE,Financial Services
UPI-CENTRAL BANK OF INDIA PATNI BRANCH RAMGHARWA,Financial Services
Seate Bank Of India Siyalpur PAYMENT,Financial Services
"NEFT-STATE BANK OF INDIA, KALLARA BRANCH",Financial Services
Chayam Sevice Sahakarana Bank,Financial Services
POS DEBIT INDIA POST PAYMENTS BANK AND POST OFFICE,Financial Services
UPI-BANKOF BARODA,Financial Services
"State Bank of Sikkim, Tadong Branch PAYMENT",Financial Services
NEFT-HDFC BANK KAMSHET BRANCH,Financial Services
co-operative bank koonammuchi,Financial Services
POS DEBIT POONJAR SERVICE CO OPERATIVE BANK,Financial Services
UPI-CDM,Financial Services
branch PAYMENT,Financial Services
"NEFT-KOLACHERY SERVICE CO-OPERATIVE BANK,KOLACHERY",Financial Services
Pantheerankave Kozikode District Cooprative Bank,Financial Services
POS DEBIT VITHURA CO-OPERATIVE BANK,Financial Services
UPI-LAKSHMI VILAS BANK ATM,Financial Services
"ICICI Bank Bodhan, Bodhan - Branch & ATM PAYMENT",Financial Services
NEFT-KERALA GRAMIN BANK THIRUVAMBADY,Financial Services
kanaka maha lakshmi bank,Financial Services
POS DEBIT ABN AMRO,Financial Services
UPI-DHANYA BANK,Financial Services
Kerala Bank Atm Trikkakara Br. PAYMENT,Financial Services
NEFT-J&K BANK CORPORATE HEADQUARTERS,Financial Services
The Adavivaram Co - Operative Credit Society Ltd.,Financial Services
"POS DEBIT KERALA BANK, KOTHAMANGALAM MAIN",Financial Services
UPI-URBAN CO-OPERATIVE BANK,Financial Services
mundur co-operative bank PAYMENT,Financial Services
NEFT-POTHANICAD FARMERS COOPERATIVE BANK,Financial Services
Pullur Service Co-Operative Bank Head Office,Financial Services
POS DEBIT PUNJAB & MAHARASHTRA CO-OPERATIVE BANK,Financial Services
UPI-UDYAM SAHAKARI BANK LTD,Financial Services
Tumkur Grain Merchant Bank PAYMENT,Financial Services
NEFT-LIC HOUSING FINANCE LTD,Financial Services
koruprolu Bank,Financial Services
POS DEBIT IDUKKI DISTRICT COOPERAITIVE BANK VAZHITHALA,Financial Services
UPI-UCO BANK,Financial Services
panacode service co operative bank PAYMENT,Financial Services
NEFT-FARMER'S CO-OPERATIVE BANK,Financial Services
Bank of india,Financial Services
POS DEBIT CALICUT CITY SERVICE CO-OPERATIVE BANK LTD,Financial Services
UPI-PAYTM ATM,Financial Services
Kerala Grammina Bank PAYMENT,Financial Services
NEFT-SBM BANK ATM,Financial Services
cherumoodu pattika jadhi service sahakarana bank,Financial Services
POS DEBIT IDBI BANK AMD ATM,Financial Services
UPI-CO-OPERATIVE BANK URUKUNNU,Financial Services
BANK OF BARODA JYOTI NAGAR PAYMENT,Financial Services
NEFT-CANARA BANK ALONG,Financial Services
SBI Bank amd Atm,Financial Services
POS DEBIT CAPITAL LOCAL AREA BANK,Financial Services
UPI-SBI ATM (SAMBALPUR RAILWAY STATION),Financial Services
adat farmers bank PAYMENT,Financial Services
"NEFT-CHENNAI CO-OPERATIVE BANK, SAF GAMES VILLAGE",Financial Services
"Kolachery Grameena Vanitha co-operative society,Kolachery",Financial Services
POS DEBIT AGRNNII BYAANK LIMITTEDD,Financial Services
"UPI-ICICI BANK LANGER HOUSE, HYDERABAD - BRANCH & ATM",Financial Services
Account Office PAYMENT,Financial Services
NEFT-KVB ATM,Financial Services
State Bank of India Zonal Office,Financial Services
POS DEBIT MADAI COOPERATIVE BANK,Financial Services
UPI-DHANALEKSHMI BANK,Financial Services
Hitachi PAYMENT,Financial Services
"NEFT-SERVICE COOPERATIVE BANK, KULASEKHARAPURAM(NORTH)",Financial Services
Saptagiri Grameena Bank,Financial Services
POS DEBIT SARASWAT BANK ATM,Financial Services
UPI-CENTRAL BANK OF INDIA DHANHAR DIHULI BRANCH,Financial Services
Shubham Banking Seva Kendra PAYMENT,Financial Services
NEFT-S N V R C BANK,Financial Services
kerala gramin,Financial Services
POS DEBIT LOKMANYA MULTIPURPOSE COOPERATIVE SOCIETY,Financial Services
"UPI-GRAMINA VIKAS BANK, MADIKONDA",Financial Services
Amravati District Central Co-Operative Bank PAYMENT,Financial Services
NEFT-PSC BANK,Financial Services
vanitha sahakarana bank,Financial Services
POS DEBIT EVENING BRANCH QUILON COOPERATIVE URBAN BANK,Financial Services
UPI-ESAF,Financial Services
kerala gramin bank periya PAYMENT,Financial Services
NEFT-VM LOANS FINANCIAL CONSULTANCY,Financial Services
Axis bank branch,Financial Services
POS DEBIT CATHOLIC CYRIAN BANK,Financial Services
UPI-BANK OF TOKYO,Financial Services
Erumeli Service Cooperative Bank PAYMENT,Financial Services
NEFT-KADAMBUR SERVICE CO-OPERATIVE BANK,Financial Services
Karnataka Gramin Vikas Bank (rnls),Financial Services
"POS DEBIT SERVICE CO-OPERATIVE BANK, VALLIKUNNAM",Financial Services
UPI-DHANLAKSHMI BANK,Financial Services
The Kanaka Mahalakshmi Cooperative Bank PAYMENT,Financial Services
NEFT-REVATHY FINANCERS,Financial Services
Grameen Bank.,Financial Services
POS DEBIT PUBLIC SERVANT S CO-OPERATIVE BANK,Financial Services
UPI-CITIZEN CREDIT CO-OPERATIVE BANK LTD (PANJIM BRANCH),Financial Services
Regional Kerakarshaka Society PAYMENT,Financial Services
NEFT-CHHATTISGARH GRAMIN BANK,Financial Services
Sarswat Bank,Financial Services
POS DEBIT MADHAVAVILASAM SERVICE COOPERATIVE BANK,Financial Services
UPI-MUTHOLAPURAM SERVICE CO-OPERATIVE BANK (ANTHIYAL BRANCH),Financial Services
Andaman Cooperative Bank PAYMENT,Financial Services
NEFT-SBI DASTURNAGAR,Financial Services
Karalimukku Muthoot,Financial Services
POS DEBIT NAGALAND RURAL BANK,Financial Services
UPI-SERVICE CO_OPERATIVE BANK,Financial Services
RMGB Bank PAYMENT,Financial Services
NEFT-SYNDICATE BANK CHIKKADPALLY,Financial Services
"Kerala Bank, Karimugal Branch",Financial Services
"POS DEBIT SBI BANK,VAKAYAR",Financial Services
UPI-STTEETT BYAANK AAPH INDDIYAA,Financial Services
"Cooperative Bank, Kudassanad PAYMENT",Financial Services
NEFT-ICICI BANK BLUE RIDGE,Financial Services
BRKGB Mor,Financial Services
"POS DEBIT CANARA BANK, MAHABUBNAGAR",Financial Services
UPI-BHOOMI VIKAS BANK,Financial Services
Ammancherry Service Co-Operative Bank PAYMENT,Financial Services
NEFT-LIC OFFICE,Financial Services
SBI CDM,Financial Services
POS DEBIT DECCAN GRAMINA BANK,Financial Services
UPI-CITY UNION BANK SURYAPET,Financial Services
NKGSB Bank ATM PAYMENT,Financial Services
NEFT-ANDRA BANK,Financial Services
Axis Bank and Atm,Financial Services
POS DEBIT CHEVITTUTHOTTATHIL FINANCIER,Financial Services
UPI-HDFC BANK PALDI BRANCH,Financial Services
Kerala Gramin Bank (Nanminda Branch) PAYMENT,Financial Services
NEFT-THE COOPERATIVE BANK,Financial Services
Unoin Bank and ATM,Financial Services
POS DEBIT SERVICE CO OPERATIVE BANK,Financial Services
UPI-CHALAKUDY TALUKCOOPERATIVE AGRICULTURAL VILLAGE DEVELOPEMENT BANK LTD.,Financial Services
Garud marketing PAYMENT,Financial Services
"NEFT-CO-OPERATIVE BANK, VELLOOR",Financial Services
IndiusInd Bank,Financial Services
POS DEBIT INDIRA GANDHI CHOWK;SBI CHUTIA,Financial Services
UPI-IDCB,Financial Services
Sarva Haryana Gramin Bank PAYMENT,Financial Services
NEFT-AXIS BANK SIKAR,Financial Services
"Karimannor co-operative Bank, Ezhumuttom",Financial Services
POS DEBIT PUNJAB AND SINDH BANK,Financial Services
"UPI-STATE BANK OF INDIA, B-ZONE BRANCH",Financial Services
Kotak Bank PAYMENT,Financial Services
NEFT-PUTHUPPALLY VILLAGE COOPERATIVE BANK,Financial Services
State Bank of Hyderabad (ATM),Financial Services
POS DEBIT SIVAPURAM COPERATIVE BANK,Financial Services
UPI-MAHA BANK,Financial Services
HDFC BANK PAYMENT,Financial Services
NEFT-DNS BANK,Financial Services
H P State co-operative agriculture and rural bank,Financial Services
POS DEBIT LAKSHMI VILLAS BANK,Financial Services
UPI-LIC OF INDIA BRANCH,Financial Services
Karnataka Vikasa Grameena Bank PAYMENT,Financial Services
NEFT-INDIA POST PAYMENTS BANK,Financial Services
"KERALA BANK ,District Cooperative Bank",Financial Services
POS DEBIT J&AK BANK ATM,Financial Services
UPI-NUNGAMBAKAM SASWATHA DHANA RAKSHAKA NIDHI,Financial Services
"Kerala Bank, Paingottoor Branch PAYMENT",Financial Services
NEFT-SOUTH INDIAN BANK AND ATM,Financial Services
Axis Bank Kuriachira,Financial Services
POS DEBIT KALLUR SERVICE CO-OPERATIVE BANK,Financial Services
UPI-THE KANAKA MAHALAKSHMI CO-OPERATIVE BANK,Financial Services
sonaalii byaaNk PAYMENT,Financial Services
NEFT-CENTRAL BANK OF INDIA AMMAPATTINAM,Financial Services
pappiniserri vanitha bank,Financial Services
POS DEBIT MUZHAPPILANGAD SERVICE SAHAKARANA BANK,Financial Services
UPI-PUNJAB NATIONAL BANK,Financial Services
Rohini sec 20 PAYMENT,Financial Services
NEFT-KERALA BANK ANGAMALY ATM,Financial Services
Central Bank Of India ATM,Financial Services
POS DEBIT EROOR SERVICE SAHAKARANA BANK,Financial Services
UPI-LATUR DISTRICT CO-OPERATIVE BANK,Financial Services
Gramin Women CO-operative Socity PAYMENT,Financial Services
NEFT-HOUSING DEVELOPMENT FINANCE CORPORATION,Financial Services
Bank of Punjab (currency exchange),Financial Services
POS DEBIT SBI ODAKKALI,Financial Services
UPI-ERICADU CANARA BANK,Financial Services
FINO PAYMENT BANK PAYMENT,Financial Services
NEFT-FIRST IDFC BANK,Financial Services
Payyannur Rural Bank Swamimukku Branch,Financial Services
POS DEBIT MAYYANAD REGIONAL COOPERATIVE BANK,Financial Services
UPI-MAYYANAD,Financial Services
Kaveri Grameena Bank PAYMENT,Financial Services
NEFT-AAIISIIAAIISIIAAII BAINK DVAARKAA SEKTTR-11,Financial Services
J&K Bank ILM Centre,Financial Services
POS DEBIT IOB ATM,Financial Services
"UPI-KODASSEY ELINJIPARA SERVICE BANK , CHAIPANKUZHY BRANCH",Financial Services
City Bank PAYMENT,Financial Services
NEFT-THE PATTAZHY SERVICE COOPERATIVE BANK LTD,Financial Services
Payyannur Rural Bank Karivellur branch,Financial Services
POS DEBIT SBI PEROORKADA BRANCH OFFICE,Financial Services
UPI-SBI KANNANALLOOR,Financial Services
icic bank PAYMENT,Financial Services
NEFT-NAGALSSERY SERVICE CO-OPERATIVE BANK LTD,Financial Services
Kassrgod District Co Operative Bank LTD,Financial Services
POS DEBIT THANE BHARAT SAHAKARI BANK,Financial Services
"UPI-SERVICE CO-OPERATIVE BANK, KADAMPAZHIPURAM",Financial Services
UCO Bank PAYMENT,Financial Services
NEFT-J&K BANK NRI SERVICES AND ATM,Financial Services
Mangalpady Service Co-op Bank Head Office,Financial Services
"POS DEBIT PAPPINIVATTOM SERVICE CO OPERATIVE BANK, KOOLIMUTTAM",Financial Services
UPI-PNB ATM,Financial Services
State bank ATM PAYMENT,Financial Services
NEFT-STATE BANK OF INDIA ATM,Financial Services
CSE bank,Financial Services
POS DEBIT FEDARAL BANK,Financial Services
UPI-INDIAN BANK THOLICODE,Financial Services
Saraswat Co Op Bank PAYMENT,Financial Services
NEFT-DEVA FINANCE,Financial Services
North Malabar Gramin Bank,Financial Services
"POS DEBIT SERVICE CO-OPERATIVE BANK, MADIKAI",Financial Services
UPI-JAMNAGAR DISTRICT CO-OPERATIVE,Financial Services
Shikshak o-operative Bank PAYMENT,Financial Services
NEFT-MAPUSA URBAN CO-OP BANK OF GOA LTD.,Financial Services
Service Co Operative Society,Financial Services
POS DEBIT VAZHAKULAM SERVICE CO-OPERATIVE BANK LTD NO.2824,Financial Services
UPI-RAJASTHAN MARUDHARA GRAMIN BANK,Financial Services
Bavdhan Merchant PAYMENT,Financial Services
NEFT-SOUTH INDIAN,Financial Services
State Bank of India Paipra ADB,Financial Services
POS DEBIT DEUTSCHE BANK,Financial Services
UPI-PARASSALA SERVICE COORPORATIVE BANK,Financial Services
muthoot bank PAYMENT,Financial Services
NEFT-TAMIL NADU CO-OPERATIVE BANK,Financial Services
Co-Operative Bank Kuttichal,Financial Services
POS DEBIT LDCC BANK ATM,Financial Services
UPI-ANDHRA BANK ATM COM BANK,Financial Services
Janaseva Sahakari Bank PAYMENT,Financial Services
"NEFT-WASHIM URBAN CO-OPERATIVE BANK, AMRAVATI",Financial Services
CANARA BANK - ADOOR,Financial Services
POS DEBIT PUNJAB NATIONAL BANK (PNB),Financial Services
UPI-KOTAK,Financial Services
puubaalii byaaNk limittedd PAYMENT,Financial Services
NEFT-J&K BANK BARSOO,Financial Services
ICICI Mutual Funds,Financial Services
POS DEBIT IRINJALAKUDA KARSHIKA GRAMA VIKASANA BANK,Financial Services
UPI-URBAN COOPERATIVE BANK,Financial Services
Service Co-operative bank PAYMENT,Financial Services
NEFT-PORORA SERVICE SAHAKARANA BANK,Financial Services
Idukki District Cooperative Bank,Financial Services
POS DEBIT PATHANAMTHITTA DISTRICT CO OPERATIVE BANK,Financial Services
UPI-KUTTIYERI SERVICE CO-OPERATIVE BANK,Financial Services
Thonnakkal Service Co-operative Bank Vengode Branch PAYMENT,Financial Services
NEFT-ABHYUDAYA BANK,Financial Services
esaf bank,Financial Services
POS DEBIT VELUR CO-OPERATIVE BANK,Financial Services
UPI-THE PUDUPPADI SERVICE COOPERATIVE BANK LTD,Financial Services
Canara Bank Chelannu Kumaraswami PAYMENT,Financial Services
NEFT-ATM INDIAN OVERSEAS BANK OORUKERE,Financial Services
Perumanna Service Co - Operative Bank,Financial Services
POS DEBIT NAINITAL BANK LTD. SEC-16 ROHINI,Financial Services
UPI-TAMILNADU MERCHANTILE BANK,Financial Services
Thrissur District Town Co-operative Bank PAYMENT,Financial Services
NEFT-STTETT BAINK ETTIIEM,Financial Services
Kadamthottu finance,Financial Services
POS DEBIT ADOOR COOPERATIVE BANK,Financial Services
UPI-KANGRA CENTRAL CO-OPERATIVE BANK,Financial Services
kumarakom Service Co Operative Bank PAYMENT,Financial Services
NEFT-KERALA BANK ALUVA PALACE BR.,Financial Services
Kannur Co-operative Bank,Financial Services
"POS DEBIT PARATHODU SERVIVE CO-OPERATIVE , PARATHODU-",Financial Services
UPI-CHAITANYA GODAVARI GRAMEENA BANK,Financial Services
AP Mahesh Cooperative Urban Bank Ltd PAYMENT,Financial Services
NEFT-BAPUJI BANK ATM,Financial Services
Muvattupuzha Urban Co operative Bank,Financial Services
POS DEBIT KERALA BANK ADIMALI MAIN BRANCH,Financial Services
UPI-TPSC BANK,Financial Services
The Ullala Service Cooperative Bank PAYMENT,Financial Services
NEFT-FARMERS BANK,Financial Services
"Kallar Service Cooperative Bank, Anachal",Financial Services
"POS DEBIT CANARA BANK, EZHIKKARA",Financial Services
UPI-VAIPUR SERVICE CO-OPERATIVE BANK,Financial Services
Bharat Cooperative Central Bank PAYMENT,Financial Services
NEFT-ANGAMALY SERVEICE CO-OPERATIVE BANK,Financial Services
Stat Bank of India,Financial Services
POS DEBIT GOL BANK,Financial Services
UPI-SBI INDUSTRIAL AREA BRANCH,Financial Services
Kerala Gramin Bank Vellamunda PAYMENT,Financial Services
NEFT-TGB,Financial Services
The National Co-Operative Bank Ltd.,Financial Services
POS DEBIT CATHOLIC SYRIAN BANK CHERIYANAD,Financial Services
UPI-KASARAGOD CO-OPERATIVE TOWN BANK,Financial Services
Pazhayakunnummel Service Co Operative Bank Ltd PAYMENT,Financial Services
NEFT-LIC OF INDIA,Financial Services
Co operative bank aravanchal,Financial Services
POS DEBIT PALLICHAL COOPERATIVE BANK,Financial Services
"UPI-ICICI BANK - MIDC BRANCH, DOMBIVALI PHASE II",Financial Services
Near Akshay Coffee House PAYMENT,Financial Services
NEFT-CENTRAL BANK ATM,Financial Services
cheenikuzhi co-operative bank,Financial Services
"POS DEBIT JANATA SAHAKARI BANK, KOTHRUD BRANCH",Financial Services
UPI-LIC,Financial Services
panjab national bank PAYMENT,Financial Services
NEFT-SBT ATM MUNDATHANAM,Financial Services
Veliyannoor Co-Operative Bank Ltd,Financial Services
POS DEBIT KIZHATHADIYOOR CO-OPERATIVE BANK,Financial Services
UPI-ICICI ATM,Financial Services
united india insurance company limited PAYMENT,Financial Services
NEFT-PEROORKADA CO-OPERATIVE SOCIETY BANK,Financial Services
Canara Bank Keshampet,Financial Services
POS DEBIT KERALA GRAMINA BANK,Financial Services
UPI-KALNAD CO-OPERATIVE SERVICE BANK,Financial Services
kerala gramin bank koodaranhi PAYMENT,Financial Services
NEFT-SOUTH INDIAN,Financial Services
Valavoor Cooperative bank,Financial Services
POS DEBIT BEYPORE SERVICE CO OPERATIVE BANK,Financial Services
UPI-INDIA ONE A T M,Financial Services
icici bank atm PAYMENT,Financial Services
NEFT-UJJWAL SMALL FINANCE,Financial Services
Bharanickavu Service Co Operative Bank Ltd,Financial Services
POS DEBIT MAHARAJA BANK,Financial Services
UPI-DHANALAKSHMI BANK,Financial Services
Unity Small Finance Bank PAYMENT,Financial Services
NEFT-GDC,Financial Services
Jaya Jan Seva Kendra,Financial Services
POS DEBIT UNION CHITS AND FUNDS,Financial Services
UPI-LVB BANK,Financial Services
Kaladi Gramapanchayath Service Co - Operative Bank PAYMENT,Financial Services
NEFT-VIJAYALAKSHMI BANK,Financial Services
"Challissery service co operative bank , koonammoohi branch",Financial Services
POS DEBIT U A E EXCHANGE,Financial Services
"UPI-BANK OF BARODA, BANSWARA",Financial Services
Central Bank PAYMENT,Financial Services
NEFT-VANIYAMABALAM RURAL COOPERATIVE SOCIETY,Financial Services
Financial Services,Financial Services
POS DEBIT THE KASARAGOD EDUCATION EMPLOYEES COOPERATIVE SOCIERT,Financial Services
UPI-YAVATMAL DISTRICT CENTRAL COOPERATIVE BANK,Financial Services
Karivellur service Co-operative Bank Main branch Karivellur PAYMENT,Financial Services
NEFT-KOROM BANK,Financial Services
Uttanbanga Khsetriya Gramin Bank H.O,Financial Services
POS DEBIT KOILANDY SERVICE CO-OPERATIVE BANK,Financial Services
UPI-ERAMAM KUTTOOR SERVICE CO OP BANK,Financial Services
Mayyanad Cooperative Society PAYMENT,Financial Services
"NEFT-PEOPLE,S URBAN BANK",Financial Services
ATM (Central Bank of India),Financial Services
POS DEBIT KERALA STATE CO-OPERATIVE BANK KADAKKAL,Financial Services
UPI-KOLLAM DISTRICT COOPERATIVE BANK,Financial Services
Panachikkad Cooperate Bank PAYMENT,Financial Services
NEFT-DHANALAXMI BANK ATM,Financial Services
Banker's Adda,Financial Services
POS DEBIT KATTAPPANA COOPERATIVE BANK NIRMALACITY,Financial Services
UPI-FEDERAL BANK AND ATM,Financial Services
Jalaram credit co-op society PAYMENT,Financial Services
NEFT-CO-OPERATIVE SOCIETY,Financial Services
IDFC Bank,Financial Services
POS DEBIT MUMBAI BANK - MDCC,Financial Services
UPI-CATHOLIC SYRIN BANK,Financial Services
The Thane Dist Central Co-op Bank LTD PAYMENT,Financial Services
NEFT-KARNATAKA VIKAS GRAMEENA BANK ATM,Financial Services
Kanayannur Service Co-operative Bank,Financial Services
POS DEBIT BANK OF MAHARASHTRA,Financial Services
UPI-SERVICE CO-OPERATIVE BANK KOOTAR,Financial Services
KVB PAYMENT,Financial Services
NEFT-KAKKOOR SERVICE CO-OP BANK,Financial Services
SBI Dharwad Main Branch,Financial Services
POS DEBIT CORPORATION BANK ATM,Financial Services
UPI-ALUVA BANK JN,Financial Services
"Kerala Bank, Azhikode Branch PAYMENT",Financial Services
NEFT-DHANALAXMI BANK ATM,Financial Services
SBI Bank and Atm,Financial Services
POS DEBIT 029,Financial Services
UPI-SOUTH INDIAN BANK,Financial Services
DCB PAYMENT,Financial Services
"NEFT-KERALA BANK, ARAKKUNNAM",Financial Services
Yavatmal cooperative bank,Financial Services
POS DEBIT MINI MUTHOOTE,Financial Services
UPI-BANH OF BARODA HAROTI,Financial Services
Ezhome Service Co-operative Bank PAYMENT,Financial Services
NEFT-ABHYUDAYA CO OP BANK LTD,Financial Services
Attingal Municipal Town Co-operative Bank,Financial Services
POS DEBIT KOITHOORKONAM WELFARE CO-OPERATION SOCIETY,Financial Services
UPI-ANDHRA PRADESH GRAMEENA VIKAS BANK,Financial Services
SBI ATM (2 Nos) PAYMENT,Financial Services
"NEFT-POOVATHUM KADAVU FARMERS CO-OPERATIVE BANK, THEKKUDAN BAZZAR",Financial Services
Calicut City Cooperative Bank,Financial Services
"POS DEBIT KARIVELLUR VANITHA CO-OPERATIVE SOCIETY, KOTHAYMUKK, PAYYANUR",Financial Services
UPI-STATE BANK OF INDIA KAUSANI BRANCH,Financial Services
Small Industries Development Bank of India PAYMENT,Financial Services
NEFT-BANK NATIONAL DE PARIS,Financial Services
Kerala Bank Adimali Evening Branch,Financial Services
POS DEBIT JILA SAHAKARI KENDRIYA BANK,Financial Services
UPI-TELANGANA STATE CO-OPERATIVE BANK,Financial Services
Bank of Baroda Apmc Branch PAYMENT,Financial Services
NEFT-IDFC FIRST BANK - BANER BRANCH,Financial Services
Vayalar Co-operative Bank,Financial Services
POS DEBIT POSTBANK,Financial Services
UPI-SBI PERSONAL BANKING BRANCH,Financial Services
A.P.M.C Nagrik Bank PAYMENT,Financial Services
NEFT-THE MANGALORE CATHOLIC CO-OPERATIVE BANK LTD,Financial Services
Abhinandan Urban Co-Op Bank,Financial Services
POS DEBIT DR PANJABRAO DESHMUKH URBAN CO-OP BANK,Financial Services
UPI-PALIKUNNU CO OPERATIVE BANK,Financial Services
SBI Branch Tral PAYMENT,Financial Services
NEFT-ALGATES CONSULTING IMF PVT LTD,Financial Services
Cheerachira Service Cooperative Bank,Financial Services
POS DEBIT CANARA BANK& ATM BUDHANOOR,Financial Services
UPI-BANK OF MAHARASHTRA DAPODI,Financial Services
town bank PAYMENT,Financial Services
NEFT-INDIAN BANK,Financial Services
Chaitanya godavari grameena bank,Financial Services
POS DEBIT KPB NIDHI LTD,Financial Services
UPI-VEERANAKAVU SERVICE CO-OPERATIVE BANK,Financial Services
Navaikulam Service Co-Operation Bank PAYMENT,Financial Services
NEFT-CO OPERATIVE SERVICE BANK,Financial Services
District Co Operative Bank,Financial Services
POS DEBIT SERVICE COOPERATIVE BANK,Financial Services
UPI-INDIAN BANK MAITREE VIHAR BRANCH,Financial Services
The Kerala State Financial Limited Edapally Branch PAYMENT,Financial Services
NEFT-VIJAYA BANK,Financial Services
"Service Co Operative Bank, Uzhamalakkal",Financial Services
POS DEBIT SVC CO-OPERATIVE BANK,Financial Services
UPI-NAME=KARNATAKA BANK,Financial Services
VSS Bank (Vyavasya Seva Sahakari Sangha) Alooru PAYMENT,Financial Services
NEFT-CANARA BANK OFFICE & ATM,Financial Services
Kotak,Financial Services
POS DEBIT PARIYARAM COOPERATIVE BANK,Financial Services
UPI-NANDURA URBAN CREDIT COOPERATIVE SOCIETY,Financial Services
Puthuppadi service Co-operative Bank PAYMENT,Financial Services
NEFT-THANE JANATA SAHAKARI BANK (TJSB),Financial Services
Kalupur Commercial Co-operative Bank,Financial Services
POS DEBIT COOPRATIVE BANK,Financial Services
UPI-THE KOLLAM CITY SERVICE COOPERATIVE BANK,Financial Services
"The State Bank of India, Ahmedabad Office PAYMENT",Financial Services
NEFT-CENTRAL BANK OF INDIA,Financial Services
"Cooperative Bank, Enath",Financial Services
"POS DEBIT PAZHAKULAM SERVICE CO-OPERATIVE BANK,THENGUMTHARA",Financial Services
UPI-AK ENTERPRISES,Financial Services
UTI PAYMENT,Financial Services
NEFT-INSURANCE,Financial Services
State Bank of India Khurdha Hed Office,Financial Services
POS DEBIT STATE BANK OF INDIA BIKANER,Financial Services
UPI-SBI-ATM,Financial Services
Indian Overseas Bank - Armoor Branch PAYMENT,Financial Services
NEFT-ELAVOOR SERVICE SAHAKARANA BANK,Financial Services
CSB Bhavan,Financial Services
POS DEBIT AU SMALL FINANCE BANK,Financial Services
UPI-MANDIR TALA,Financial Services
Pattannur Co-operative Bank PAYMENT,Financial Services
NEFT-KVB BANK ATM,Financial Services
Paschimbanga Gramin Bank,Financial Services
POS DEBIT MADAKKIMALA SERVICE CO OPERATIVE BANK MUTTIL BRANCH,Financial Services
"UPI-STATE BANK OF INDIA , YELLAVARM DONDAPETA BRANCH",Financial Services
Punjab Natinal Bank PAYMENT,Financial Services
NEFT-MELUKAVU SERVICE COOPERATIVE BANK,Financial Services
Pld Bank Humnabad,Financial Services
POS DEBIT CORPORATE BANK,Financial Services
UPI-OCHIRA HOUSING CO-OPERATIVE SOCIETY,Financial Services
Muthoottu PAYMENT,Financial Services
NEFT-SBI REGIONAL OFFICE,Financial Services
Manappuram gold loan,Financial Services
POS DEBIT SVC CO-OPERATIVE BANK (SHAMRAO VITHAL CO-OPERATIVE BANK),Financial Services
UPI-BARODA RAJASTHAN KSHETRIYA GRAMIN BANK,Financial Services
Viijaya Bank PAYMENT,Financial Services
NEFT-HOTEL EASWARY BAR,Food & Dining
Mother's Bake,Food & Dining
POS DEBIT CAFE MOJO CUP,Food & Dining
UPI-HASI'S KITCHEN,Food & Dining
vishal snacks PAYMENT,Food & Dining
NEFT-CAFE DURGA,Food & Dining
Amato Dessert Cafe,Food & Dining
POS DEBIT BANDRA EATS,Food & Dining
UPI-SHA BAKERY AND CAKE STORE,Food & Dining
Aquaris PAYMENT,Food & Dining
NEFT-TGIF,Food & Dining
Ashwini Bar and Restaurant,Food & Dining
POS DEBIT CAMILO'S BAR & RESTAURANT,Food & Dining
UPI-KERALA FAMILY RESTAURANT,Food & Dining
Asado PAYMENT,Food & Dining
NEFT-GUPTA CHAT HOUSE,Food & Dining
Hotal Plaza,Food & Dining
POS DEBIT LOVELY RESTAURANT,Food & Dining
UPI-ANNAPURNAM SOUTH INDIAN DINING,Food & Dining
Amaravathi Palace PAYMENT,Food & Dining
NEFT-FRIENDS CAFE,Food & Dining
Ambadi,Food & Dining
POS DEBIT AL JIDHA HOTEL,Food & Dining
UPI-ADITHYA BAKERY,Food & Dining
Ghar Aangan PAYMENT,Food & Dining
NEFT-UNDERGROUND CAFE & RESTURANT,Food & Dining
eat and eat,Food & Dining
POS DEBIT EPID,Food & Dining
UPI-ZAK CAFE,Food & Dining
Jee Enn Sons PAYMENT,Food & Dining
NEFT-INTERNET,Food & Dining
Thachus Nadan Thattukada,Food & Dining
POS DEBIT JAI GURUDEV,Food & Dining
UPI-AYYA CHETTINAD UNAVAGAM,Food & Dining
Hotel Manjushree PAYMENT,Food & Dining
NEFT-THE CITY WOK,Food & Dining
One way Food,Food & Dining
POS DEBIT THOUFEEQ COOLBAR,Food & Dining
UPI-LEMONI FRESH CONDIMENTS,Food & Dining
Udpi Hotel PAYMENT,Food & Dining
NEFT-CHOCKO CHIPS,Food & Dining
Aranyam Cafe and Resort,Food & Dining
POS DEBIT KATRAJ JUNCTION,Food & Dining
UPI-CHAI SUTA BAR,Food & Dining
Sri Vinayaka Juice PAYMENT,Food & Dining
NEFT-BAKERY AND SNACKS,Food & Dining
CUC Restaurant,Food & Dining
POS DEBIT JALUK,Food & Dining
UPI-IDLI MAMA,Food & Dining
Manas PAYMENT,Food & Dining
NEFT-THARAVADU RESTUARANT,Food & Dining
Cosy Nook,Food & Dining
POS DEBIT ARYA PRASAD,Food & Dining
UPI-SASTHA HOTEL,Food & Dining
Happy Turtle PAYMENT,Food & Dining
NEFT-AL AMEEN BAKERY,Food & Dining
Zam Zam Express,Food & Dining
POS DEBIT HAMSUKKA HOTEL,Food & Dining
UPI-HOTEL S' PAL,Food & Dining
Dolma Aunty Momos PAYMENT,Food & Dining
NEFT-SIVA BAKERY,Food & Dining
CHINESE CORNER,Food & Dining
POS DEBIT CLUB 7,Food & Dining
UPI-KOYAL GRAND,Food & Dining
Chellappan Chettante Chayakada PAYMENT,Food & Dining
NEFT-SAI ARAVIND FOOD COURT,Food & Dining
Simon's Place,Food & Dining
POS DEBIT TONY BAR,Food & Dining
UPI-J HEARSCH AND CO,Food & Dining
Cafe kava PAYMENT,Food & Dining
NEFT-ORANGE LIVE RESTAURANT,Food & Dining
Irani Restaurant,Food & Dining
POS DEBIT SRI GANESH BAKERY AND CONDIMENTS,Food & Dining
UPI-ALISHA RESTAURANT,Food & Dining
Nandini Cool Joint PAYMENT,Food & Dining
NEFT-HOPE CAFE,Food & Dining
WS Bakers,Food & Dining
POS DEBIT SRIKRISHNA MISTANNA BHANDAR,Food & Dining
UPI-POLICE OFFICERS MESS,Food & Dining
Swami PAYMENT,Food & Dining
NEFT-HIT N RUN,Food & Dining
Hotel Ravi Pure Veg,Food & Dining
POS DEBIT NILA BAKERY,Food & Dining
UPI-THE KAGDI RESORT,Food & Dining
Nom Noms PAYMENT,Food & Dining
NEFT-UTTARAKHAND RESTAURANT & SWEET SHOP,Food & Dining
lee best bakers,Food & Dining
POS DEBIT PANCHWATI RESTAURANT CUM BAR,Food & Dining
UPI-CAT CAFE STUDIO,Food & Dining
indian coffee house PAYMENT,Food & Dining
NEFT-COCHIN,Food & Dining
Tara Hotel Pure-Veg,Food & Dining
POS DEBIT VEE BAKE,Food & Dining
UPI-SWISS CASTEL,Food & Dining
Affogato PAYMENT,Food & Dining
NEFT-CREPITO,Food & Dining
TEN 11,Food & Dining
POS DEBIT YADAV DHABA &RESTAURANT`S,Food & Dining
UPI-ROYAL SWEET,Food & Dining
Sri Surya Family Restaurant PAYMENT,Food & Dining
NEFT-COTA HOTEL,Food & Dining
hunkal coffee,Food & Dining
POS DEBIT AMOL BAKERY,Food & Dining
UPI-KEBAB AND BIRYANI STATION,Food & Dining
Cheesecake and Co. PAYMENT,Food & Dining
NEFT-PRASANTHI BAR,Food & Dining
Jain Dhaba,Food & Dining
POS DEBIT KUNG PAO TOWN,Food & Dining
UPI-ZORKO,Food & Dining
Alles Klar PAYMENT,Food & Dining
NEFT-BIRYANI QUEEN,Food & Dining
WHITE CRAB,Food & Dining
POS DEBIT THE BOMBAY SWEET STALL,Food & Dining
UPI-SEETA RAAM DHABA,Food & Dining
Khans Cafe PAYMENT,Food & Dining
NEFT-GRANTIK - JUICE CENTER,Food & Dining
Anu food,Food & Dining
POS DEBIT INORBIT,Food & Dining
UPI-TIBETAN FAMILY KITCHEN,Food & Dining
MARVEL FERIA PAYMENT,Food & Dining
NEFT-SHRIIRAAM VDDAAPAAV,Food & Dining
Palm Shade,Food & Dining
POS DEBIT THE LAKE HILL,Food & Dining
UPI-AL-HUSSAI,Food & Dining
padipurayil restaurant PAYMENT,Food & Dining
NEFT-RAJISTHAN MAHADEV HOTEL,Food & Dining
Juicy Bites,Food & Dining
POS DEBIT MIRZA,Food & Dining
UPI-ROYAL THAI,Food & Dining
North Canteen PAYMENT,Food & Dining
NEFT-MANU- MUNDAKKAL HOUSE,Food & Dining
Kannaki Restuarant,Food & Dining
POS DEBIT JYOTI BAKERY,Food & Dining
UPI-DILLIWAALA 6,Food & Dining
Flourishing Flora PAYMENT,Food & Dining
NEFT-PRESIDENT DHABA,Food & Dining
Madhur Milan Cafe,Food & Dining
POS DEBIT THE SECOND HOME,Food & Dining
UPI-MANGLAM,Food & Dining
quality PAYMENT,Food & Dining
NEFT-HIMALAYA HOTEL (RESTAURANT),Food & Dining
S & S Super Stores,Food & Dining
POS DEBIT VELELA FAMILY RESTAURANT AND FUNCTION HALL,Food & Dining
UPI-KANT DINING HALL & RESTAURANT,Food & Dining
Sea Lounge Beach Shack PAYMENT,Food & Dining
NEFT-YUVASREE THATTUKADA,Food & Dining
Brij Hub,Food & Dining
POS DEBIT SHELLY'S,Food & Dining
UPI-SOFTY,Food & Dining
Paakashala Heritage PAYMENT,Food & Dining
NEFT-KAMI MAA RESTAURANT,Food & Dining
Ambalavayal Toddy Shop,Food & Dining
POS DEBIT SREE MANJUNATHA JUICE AND CONDIMENTS,Food & Dining
UPI-AKSHYA BAKERY,Food & Dining
Raj beer Shop PAYMENT,Food & Dining
NEFT-HYDERABADI BIRYANI,Food & Dining
California Burrito,Food & Dining
POS DEBIT FROZEN CASTLE,Food & Dining
UPI-MATUKI RESTAURANT,Food & Dining
La'CUOCO PAYMENT,Food & Dining
NEFT-BEERAN'S CAFE,Food & Dining
Jayashree,Food & Dining
"POS DEBIT CENTRAL CAFE, KUNHIPALLI",Food & Dining
UPI-DEFENCE BAKERY,Food & Dining
valiyaveetil bakers PAYMENT,Food & Dining
NEFT-CAFE PAPPAYA,Food & Dining
friends lane,Food & Dining
POS DEBIT RK RESTAURANT,Food & Dining
UPI-RAGHUNATH CHATNI PURI,Food & Dining
My Fones PAYMENT,Food & Dining
NEFT-TEMPLE TREE,Food & Dining
Tashi Homestay,Food & Dining
POS DEBIT SUDAMACHE POHE,Food & Dining
UPI-AMBADY BAKERY AND FRUITS,Food & Dining
Barefoot Bayside Brasserie (B3) PAYMENT,Food & Dining
NEFT-AL NAJEEB,Food & Dining
Naivedjam Bhog,Food & Dining
POS DEBIT SADYA,Food & Dining
UPI-VALAR CHICKEN,Food & Dining
Interval - Pure Veg. Bollywood Eatery PAYMENT,Food & Dining
NEFT-CAFE 60 FEET,Food & Dining
Consil,Food & Dining
POS DEBIT PONNUMANI STORES,Food & Dining
UPI-BALAJI MITHAI BHANDAR,Food & Dining
Halder's PAYMENT,Food & Dining
NEFT-SHAHI BHOT,Food & Dining
Urban Flavours,Food & Dining
POS DEBIT AL MADIINAH BIRYANI STORE,Food & Dining
UPI-DARYA AC,Food & Dining
Hotel Rahat PAYMENT,Food & Dining
NEFT-UTTARA KARNATAKA JOLADA ROTTI MANE,Food & Dining
The Hungry Bear,Food & Dining
POS DEBIT THE GREAT INDIAN PUB,Food & Dining
UPI-RASOI THE VEG KITCHEN,Food & Dining
Tejashwini Hotel PAYMENT,Food & Dining
NEFT-SPICE OF JOY,Food & Dining
Food Court - 2,Food & Dining
POS DEBIT NEW UDUPI VEG,Food & Dining
UPI-CHATTU HOTEL,Food & Dining
Camp PeaceTrips PAYMENT,Food & Dining
NEFT-FOODS4U,Food & Dining
SPR Bar and Restaurant,Food & Dining
POS DEBIT BLISSFUL BITES,Food & Dining
UPI-PALCO HOTEL AND BAKERY,Food & Dining
Club Samara PAYMENT,Food & Dining
NEFT-CHAUPATI,Food & Dining
Hotel Jai Mahakal,Food & Dining
POS DEBIT JAMES CHAN CHINESE FAST FOOD,Food & Dining
UPI-SHIRODKARS FAST-FOOD,Food & Dining
Habibi Chips Centre PAYMENT,Food & Dining
NEFT-HOTEL KAILASAM,Food & Dining
Akshaya Bhavan,Food & Dining
POS DEBIT BAKE DAY,Food & Dining
UPI-BENNE HERITAGE BANGALORE DOSA,Food & Dining
Tasty Bakes PAYMENT,Food & Dining
NEFT-THE TOWNHOUSE BISTRO CAFE,Food & Dining
The Bar Stock Exchange,Food & Dining
POS DEBIT JOEL JIYA BAKERY,Food & Dining
UPI-VITTIL OON,Food & Dining
Honest Bakery Nilambur PAYMENT,Food & Dining
NEFT-MADRAS COFFEE HOUSE,Food & Dining
Durga Sweets and Snacks,Food & Dining
POS DEBIT ELAF SNACKS KITCHEN,Food & Dining
UPI-RAJA ELECTRICLA SHOP,Food & Dining
Annaporna Cafe PAYMENT,Food & Dining
NEFT-HAKA,Food & Dining
Ala Dakshinapuramlo,Food & Dining
POS DEBIT SALAD COOLBAR AND BAKERY,Food & Dining
UPI-GOLY PAV NO 1,Food & Dining
A- One Star Caterers PAYMENT,Food & Dining
NEFT-TAKE OFF,Food & Dining
Sun glow,Food & Dining
POS DEBIT LA VUE THE COFFEE SHOP,Food & Dining
UPI-CARBONARE SEAFOOD,Food & Dining
Sai Samudra PAYMENT,Food & Dining
NEFT-POPPINS CURRY SHOP,Food & Dining
Shaheen Cafe,Food & Dining
POS DEBIT COSTA COFFEE,Food & Dining
UPI-MANAYATHU RESTAURANT,Food & Dining
Anand Sea Food Restaurant & Bar PAYMENT,Food & Dining
NEFT-FREE OF GLUTEN,Food & Dining
Stash Cafe,Food & Dining
POS DEBIT CHEAP FOOD PLACES,Food & Dining
UPI-GANDHI PURI SHOP,Food & Dining
Hunger Point PAYMENT,Food & Dining
NEFT-CHOICE,Food & Dining
Meera Delicacy,Food & Dining
POS DEBIT FRIED CHICKEN,Food & Dining
UPI-MAKRI HOTEL,Food & Dining
Parvati Kutir PAYMENT,Food & Dining
NEFT-ORIGIN BISTRO,Food & Dining
IM SECTION,Food & Dining
POS DEBIT DYLAN,Food & Dining
UPI-BLUE SKY RESTAURANT & GUESTHOUSE,Food & Dining
Choupatii PAYMENT,Food & Dining
NEFT-ASHOKA VEG,Food & Dining
Sree Durga,Food & Dining
POS DEBIT HOTEL NEW KARNATAKA,Food & Dining
UPI-HELLO FOOD,Food & Dining
Aaradhya Bakery PAYMENT,Food & Dining
NEFT-KAKU CHI MESS,Food & Dining
Navathanyam,Food & Dining
POS DEBIT AKBAR HOTET,Food & Dining
UPI-FRESH AND FRESH JUICE SHOP,Food & Dining
GK Food Paradise PAYMENT,Food & Dining
NEFT-RANGANATH IYYANGAR BAKERY,Food & Dining
Friends food & fast food center,Food & Dining
POS DEBIT ORHAN SHAWARMA HOUSE,Food & Dining
UPI-KL 8 MOTO HUB,Food & Dining
Lawns Way Bar PAYMENT,Food & Dining
NEFT-EDENS HOTEL,Food & Dining
Vanitha thattukada,Food & Dining
POS DEBIT SHINE BAKERY,Food & Dining
UPI-QUALITY FAST FOOD,Food & Dining
fast food corner PAYMENT,Food & Dining
NEFT-NENAPU,Food & Dining
Cafe Garrage,Food & Dining
POS DEBIT HOLIGE MANE,Food & Dining
UPI-LIQUIDS BAR AND KITCHEN,Food & Dining
Relish Scoop Bar and Cafe PAYMENT,Food & Dining
NEFT-BY THE BAY,Food & Dining
R. K. Gandhi Food Zone,Food & Dining
POS DEBIT MOONPEAK ESPRESSO,Food & Dining
UPI-TMR SAMOSA,Food & Dining
Bismi Fast Food PAYMENT,Food & Dining
NEFT-MATHAS COFFEE,Food & Dining
Chikkoos fancy chicken,Food & Dining
POS DEBIT CHAKUM CHUKUM,Food & Dining
UPI-KING BAR AND RESTAURANT,Food & Dining
Rayalaseema Ruchulu PAYMENT,Food & Dining
NEFT-DUM MARO DUM,Food & Dining
Sri Sivasakthi Mess,Food & Dining
POS DEBIT CORRETTO,Food & Dining
UPI-PANANGAD NIGHTS,Food & Dining
Sri Kumari pure veg PAYMENT,Food & Dining
NEFT-SAPHIRE RESTAURANT,Food & Dining
Sea View Restaurant,Food & Dining
POS DEBIT TELANGANA HOTEL,Food & Dining
UPI-DESSI CUPPA.,Food & Dining
Pandora's Box PAYMENT,Food & Dining
NEFT-NICE CAFE,Food & Dining
Street food,Food & Dining
POS DEBIT BAGYA HOTEL,Food & Dining
UPI-HOTEL DILHI DARBAR,Food & Dining
Immus PAYMENT,Food & Dining
NEFT-BANGALORE IYYENGAR BAKERY & SWEETS,Food & Dining
Farmberry Fuzznn,Food & Dining
POS DEBIT FOOD CAFE,Food & Dining
UPI-BGDAADII RESTTORENTT,Food & Dining
Aghanjar Chai & Pakoda PAYMENT,Food & Dining
NEFT-COOL HOUSE,Food & Dining
dhe kozhikoden,Food & Dining
POS DEBIT HIRA BAR & RESTAURANT,Food & Dining
UPI-KABULEEWALA,Food & Dining
north indian restaurant PAYMENT,Food & Dining
NEFT-MCDONALD'S,Food & Dining
J 14,Food & Dining
POS DEBIT SABITRI SWEETS,Food & Dining
UPI-PAAKSHALA,Food & Dining
Anglow PAYMENT,Food & Dining
NEFT-MAN BHAVAN,Food & Dining
DNR College canteen,Food & Dining
POS DEBIT MALABAR RESTAURANT ATHANI,Food & Dining
UPI-SRI LAKSHMI VENKATESHWARA HOTEL MEENULI,Food & Dining
Ohri's PAYMENT,Food & Dining
NEFT-KHURANA GOL GAPPE WALA,Food & Dining
Diya Cafe Restaurant,Food & Dining
POS DEBIT HUNGRY SHARK THE RIVER NEST,Food & Dining
UPI-RAAS BAR,Food & Dining
HIMACHAL MAGGI HOTSPOT PAYMENT,Food & Dining
NEFT-A ONE BAKERS,Food & Dining
ROx meetup point,Food & Dining
POS DEBIT KAIRALI FRESH JUICE CORNER,Food & Dining
UPI-HOTEL BHAVANI,Food & Dining
Pizza Den PAYMENT,Food & Dining
NEFT-SITARA,Food & Dining
Kaisar Bakery Store,Food & Dining
POS DEBIT BAJI STALL,Food & Dining
UPI-KAMAL CHAT HOUSE,Food & Dining
GuruDev Bakery PAYMENT,Food & Dining
NEFT-HIDDEN CAFE,Food & Dining
Raravi's Restaurant,Food & Dining
POS DEBIT EDEN 'S BAKERY,Food & Dining
UPI-BHAVANI VEG RESTAURANT,Food & Dining
Pereira Pub & Rest PAYMENT,Food & Dining
NEFT-RITHSH KUMAR GUPTA F.L. SHOP,Food & Dining
Nahar's Chandan Vegetarian Restaurant,Food & Dining
POS DEBIT ABSOLUTE BARBEQUE (AB'S),Food & Dining
UPI-TAMARIND TIFFIN BY SUNDERS,Food & Dining
creame more PAYMENT,Food & Dining
NEFT-RELAX INN,Food & Dining
Milagro Mumbai,Food & Dining
POS DEBIT PATIALA HOUSE,Food & Dining
UPI-PIZZA WORLD,Food & Dining
Cheetal Grand PAYMENT,Food & Dining
NEFT-TANGO FAST FOOD AND JUICE CENTER,Food & Dining
Tarangini Multi-Cuisine Outdoor,Food & Dining
POS DEBIT MATHA BAKERY,Food & Dining
UPI-ICE CUBES,Food & Dining
Vasudev Chaat Bhandar PAYMENT,Food & Dining
NEFT-ASWATHI HOTEL,Food & Dining
Chief Book,Food & Dining
POS DEBIT LITTLE BUNS BAKERY,Food & Dining
UPI-CHINA BOWL RESTAURANT,Food & Dining
Shree Baba Ramdev Dhaba PAYMENT,Food & Dining
NEFT-KURIKKAL BAKERY,Food & Dining
Badusha Hot and Sweet,Food & Dining
POS DEBIT THAIPARAMBIL BAKERS,Food & Dining
UPI-RUCHIKOODU TAKE AWAY,Food & Dining
Zammoria PAYMENT,Food & Dining
NEFT-DONER VALLEY,Food & Dining
Adams cake world,Food & Dining
POS DEBIT LEELA BAKERY KALLARA,Food & Dining
UPI-ZAM ZAM HOTEL,Food & Dining
Sitara Cafe PAYMENT,Food & Dining
NEFT-GAGAN SWEETS & RESTURANT,Food & Dining
Tasty foody,Food & Dining
POS DEBIT SAMOSA JUNCTION,Food & Dining
UPI-SHAH ALAM TEA STALL SHAAH AALM TTI STTL CAFE,Food & Dining
Flavia PAYMENT,Food & Dining
NEFT-J J BAKERS,Food & Dining
Al Farzan,Food & Dining
POS DEBIT SASI BAKERY,Food & Dining
UPI-THE MERAK BREWHOUSE,Food & Dining
Aromas of Kodai PAYMENT,Food & Dining
NEFT-KAHVA,Food & Dining
Juice Canteen,Food & Dining
POS DEBIT CASSEROLE RESTAURANT,Food & Dining
UPI-CHINAR BAR AND RESTAURANT,Food & Dining
Kobe Sizzler PAYMENT,Food & Dining
NEFT-RAJAMUNDRY VARI RUCHULU,Food & Dining
Calicut Wytehouse,Food & Dining
POS DEBIT VIBES9 V9 CAFE,Food & Dining
UPI-SRI KRISHNA RAJA BHAVAN,Food & Dining
Radhagobinda Mistanna Bhandar PAYMENT,Food & Dining
NEFT-OPEN VIEW RESTAURANT/DHABA,Food & Dining
Millet Shakti Cafe,Food & Dining
POS DEBIT SREE MAHAVEER PUR VEG RESTAURANT,Food & Dining
UPI-VIJAY CHAAT BHANDAR,Food & Dining
Mvk sweets PAYMENT,Food & Dining
NEFT-OVEN,Food & Dining
Museum Canteen,Food & Dining
POS DEBIT MAPRO GARDEN RESTAURANT,Food & Dining
UPI-SR BAKERY,Food & Dining
The Fish Of My Dream PAYMENT,Food & Dining
NEFT-CHAK-KHUM,Food & Dining
Sunflower restaurant,Food & Dining
POS DEBIT KB BAKER'S,Food & Dining
UPI-154 BREAKFAST CLUB,Food & Dining
Nagaloka Restaurant PAYMENT,Food & Dining
NEFT-NEW MOHAN RESTAURANT & BAR,Food & Dining
Paparizza,Food & Dining
POS DEBIT SUBHANKAR HOTEL,Food & Dining
UPI-BIKASH BABU SWEETS AND CHAATS,Food & Dining
Mahe Restaurant PAYMENT,Food & Dining
NEFT-MALVWA,Food & Dining
manikanda vilasam Bean & Tea Leaf,Food & Dining
POS DEBIT CAFE BLUE,Food & Dining
UPI-BRU BAABAA,Food & Dining
Gossip PAYMENT,Food & Dining
NEFT-KOLESO 24/7,Food & Dining
Vismaya cafa unit,Food & Dining
POS DEBIT MOIDEEN IKKAS CHAYAKKADA,Food & Dining
UPI-WELL TASTE BAKERY,Food & Dining
SK fried chicken PAYMENT,Food & Dining
NEFT-IYENGARS BAKERY,Food & Dining
VS BakeryElampazhannoor,Food & Dining
POS DEBIT GREEN EGGS,Food & Dining
UPI-FLAVOURS,Food & Dining
Madhushala PAYMENT,Food & Dining
NEFT-BIKANER NAMKEEN BHANDAR,Food & Dining
Zam Zam Kebab Centre,Food & Dining
POS DEBIT LAZIZ,Food & Dining
UPI-JANATA HOTEL,Food & Dining
Fuku Coffee Commune PAYMENT,Food & Dining
NEFT-SAGARRESTAURANT & BAR,Food & Dining
Delicacy Chinese Restaurant,Food & Dining
POS DEBIT THE BAKER'S HUB,Food & Dining
UPI-CAKE PANDA,Food & Dining
Sri Thirumala Cafe PAYMENT,Food & Dining
NEFT-VASANTHAM,Food & Dining
Salt & Sugar,Food & Dining
POS DEBIT SEA NONAS,Food & Dining
UPI-A ONE BAKERY,Food & Dining
Koshy's PAYMENT,Food & Dining
NEFT-JOBIN'S RESTAURANT,Food & Dining
Taacos Seafood Restaurant,Food & Dining
POS DEBIT PINAKOLADA,Food & Dining
UPI-COCHIN BAKERY,Food & Dining
Nary's Rose PAYMENT,Food & Dining
NEFT-UPAHAR KERALA MESS,Food & Dining
sharma sweets,Food & Dining
POS DEBIT ROYAL BAKERY STORES,Food & Dining
UPI-SAILANI CAFE,Food & Dining
Tandoor Chai Point PAYMENT,Food & Dining
NEFT-OM DS CAFE,Food & Dining
Gratitude Cafe,Food & Dining
POS DEBIT LUCKY FOOD COURT,Food & Dining
UPI-FIA'S LOUNGE,Food & Dining
New World PAYMENT,Food & Dining
NEFT-PEREIRA BAR AND RESTAURANT,Food & Dining
Desi cupa,Food & Dining
POS DEBIT HOTEL NARAIN CONTINENTAL,Food & Dining
UPI-M S K BAKERY &COOLBAR,Food & Dining
Naveen Kamar Hotel PAYMENT,Food & Dining
NEFT-SEAVIEW CAFE VASHI,Food & Dining
Achayante adukkala,Food & Dining
POS DEBIT SANDWISH SMUGGLERS,Food & Dining
UPI-CHAI BANDI,Food & Dining
CAFE COFEE DAY PAYMENT,Food & Dining
NEFT-SAI RESTAURENT,Food & Dining
Marlin Cay Beach Resort,Food & Dining
POS DEBIT KHK HOSTEL MESS,Food & Dining
UPI-FIVE STAR BAKERY,Food & Dining
Midnight Cafe PAYMENT,Food & Dining
NEFT-ROSE MARIYA COFFEE,Food & Dining
ray cafe,Food & Dining
POS DEBIT RAJWADE HOTEJ,Food & Dining
UPI-SPROUTARIAN,Food & Dining
Shiva Hotel PAYMENT,Food & Dining
NEFT-VALLEY VIEW,Food & Dining
Pinto Fast-food,Food & Dining
POS DEBIT HOTEL SHERATON,Food & Dining
UPI-BROTHERS BAWARCHI,Food & Dining
s.R bakery PAYMENT,Food & Dining
NEFT-VAN DO WE EAT,Food & Dining
Koko,Food & Dining
POS DEBIT ICE LAND BEKARY,Food & Dining
UPI-SMOKE N OVEN PITSTOP,Food & Dining
Taj Tristar PAYMENT,Food & Dining
NEFT-BABA ROTI WALE,Food & Dining
The Hub,Food & Dining
POS DEBIT REAL ARABIA,Food & Dining
UPI-FREE MEAL BY ANNATHANA COMMITTEE,Food & Dining
Light Of Bharat PAYMENT,Food & Dining
NEFT-RESTAURANTS,Food & Dining
Fiplee's Restaurant Pubs,Food & Dining
POS DEBIT COASTAL DELIGHT,Food & Dining
UPI-GUDHA KATLA RSTORENT,Food & Dining
Toddy PAYMENT,Food & Dining
NEFT-UP SOUTH,Food & Dining
Opal,Food & Dining
POS DEBIT OPEN HOUSE,Food & Dining
UPI-BAGURUMBA,Food & Dining
Aimen economic shakes PAYMENT,Food & Dining
NEFT-LUCKY SPECIAL FOOD WALA,Food & Dining
Mukhtar Chicken shop,Food & Dining
POS DEBIT HILTON RESTAURANT,Food & Dining
UPI-CHAI KADA,Food & Dining
Jose Mess PAYMENT,Food & Dining
NEFT-BERRYS,Food & Dining
Johny Hot Dog,Food & Dining
POS DEBIT 7TH HEAVEN BAKERY,Food & Dining
UPI-PALLAVI TIFFIN CENTER,Food & Dining
Udupi Gardenia Jayantinagar PAYMENT,Food & Dining
NEFT-NALLA RUCHI,Food & Dining
11 east Street cafe,Food & Dining
POS DEBIT BLACK VANILLA,Food & Dining
UPI-WOTA SHAWARMA,Food & Dining
Siddhu Family Dhaba PAYMENT,Food & Dining
NEFT-SHAHI QILA,Food & Dining
Sweetpot bakers,Food & Dining
POS DEBIT CAFE ALOHA,Food & Dining
UPI-PRASAD TIFFIN CENTER,Food & Dining
Hotel Guruprasad PAYMENT,Food & Dining
NEFT-STREET SWEAT CAFE,Food & Dining
Cafe Waah Maratha,Food & Dining
POS DEBIT RAMBO CAFE,Food & Dining
UPI-MAYA LUNCH HOME,Food & Dining
Santosh Paan Tea and Cold Drinks PAYMENT,Food & Dining
NEFT-SHRI KRISHNA RESTAURANT,Food & Dining
swad bakery,Food & Dining
POS DEBIT TVLOLZ,Food & Dining
UPI-HOTEL ARYAAS (VEG),Food & Dining
Taste of Khatta Meetha PAYMENT,Food & Dining
NEFT-MANOJ BHAVAN - MAMANDUR,Food & Dining
FoodHub,Food & Dining
POS DEBIT AL FATHAH,Food & Dining
UPI-ARYASVEG VEGETARIAN RESTAURANT,Food & Dining
Kiran Restrau PAYMENT,Food & Dining
NEFT-NAAZ BIRIYANI,Food & Dining
Sree arya bhavan,Food & Dining
POS DEBIT KESAR KANHA,Food & Dining
UPI-DARJEELING FAST FOOD,Food & Dining
CutiePie Cakes PAYMENT,Food & Dining
NEFT-BANGALORE JUICY,Food & Dining
Janatha Hotel & Restaurant,Food & Dining
POS DEBIT NAKKSHATRA,Food & Dining
UPI-KAMAT VEGETARIAN RESTAURANT,Food & Dining
Gulshan Bhai Ke Cholle Bhature PAYMENT,Food & Dining
NEFT-HALA RYMPEI,Food & Dining
Panchamruth,Food & Dining
POS DEBIT PARTH RESTAURANT,Food & Dining
UPI-NH 44 HOTEL & RESTAURANT,Food & Dining
Sharda Misthan Bhandar PAYMENT,Food & Dining
NEFT-7 SPICES,Food & Dining
Shugar-Shack,Food & Dining
POS DEBIT HSB FAMILY RESTAURANT,Food & Dining
UPI-ANANTHAPURI,Food & Dining
Sandhya Sagar PAYMENT,Food & Dining
NEFT-CHAMPARAN HANDIWALE,Food & Dining
The Curry Leaf,Food & Dining
POS DEBIT VYANJAN THE FAMILY CAFE & RESTAURANT,Food & Dining
UPI-IYANGAR BAKERY,Food & Dining
Desabhimani bakery unit PAYMENT,Food & Dining
NEFT-ACHIJA,Food & Dining
krishnam restaurant,Food & Dining
POS DEBIT WESTEND TAKEAWAY,Food & Dining
UPI-LEO'S FAMILY RESTAURANT & BAR,Food & Dining
Andhra Vilas PAYMENT,Food & Dining
NEFT-CRAZY CAFE,Food & Dining
New Banglor Bakery,Food & Dining
POS DEBIT CHURCHYS CHICKEN,Food & Dining
UPI-PREETHI BAKERS,Food & Dining
Shahenshah PAYMENT,Food & Dining
NEFT-NARVDA CHAT SENTAR,Food & Dining
Kanha Pure Veg,Food & Dining
POS DEBIT TASHKEND CAFE,Food & Dining
UPI-IFC-D MESS ALIAS KRISHNA MESS,Food & Dining
trishul PAYMENT,Food & Dining
NEFT-UNIFY LOUNGE & BAR,Food & Dining
"barhi dates, nuts, chocolate",Food & Dining
POS DEBIT JUICY BAY CAFE,Food & Dining
UPI-SAANVI TIFFINS,Food & Dining
GUPTA SWEETS PAYMENT,Food & Dining
NEFT-ICM FOOD,Food & Dining
Raja Hotel,Food & Dining
POS DEBIT MAMU CHICKEN BHATKAL,Food & Dining
UPI-RED ROSE CAFE,Food & Dining
Hotel Sethu PAYMENT,Food & Dining
NEFT-MOUNT PARK,Food & Dining
DZire paying guest and mess,Food & Dining
POS DEBIT MCHUS SNACKS,Food & Dining
UPI-THE POPPIN`S CAKE BAKERY,Food & Dining
amrai resort PAYMENT,Food & Dining
NEFT-PARK AND EAT,Food & Dining
TeaTent,Food & Dining
POS DEBIT JHELUM CAFE,Food & Dining
UPI-UNDER THE NEEM TREES,Food & Dining
cafe 24 PAYMENT,Food & Dining
NEFT-SANSAR,Food & Dining
CK Hotel,Food & Dining
POS DEBIT BOBA CAFE - A TRUE BUBBLE TEA,Food & Dining
UPI-BURMA BAKERY,Food & Dining
Pumpernickel German Bakery PAYMENT,Food & Dining
NEFT-RAM BHOJNALAY,Food & Dining
Bakery and coolbar,Food & Dining
POS DEBIT YE LO CHAI,Food & Dining
UPI-PETIT FOUR,Food & Dining
Nanma PAYMENT,Food & Dining
"NEFT-CHAAT DI HATTI, WANI",Food & Dining
Anjappar Chetinad Restaurant,Food & Dining
POS DEBIT KARNAVATI FASTFOOD,Food & Dining
UPI-THE OUT LAWS,Food & Dining
Dosawala PAYMENT,Food & Dining
NEFT-SALTY SEA,Food & Dining
Arusuvai Cafe,Food & Dining
POS DEBIT MUN PAANAI BIRIYANI,Food & Dining
UPI-THE CLUB,Food & Dining
Saras Parlur PAYMENT,Food & Dining
NEFT-RED BUCKET BIRYANI,Food & Dining
Rasoi Se,Food & Dining
POS DEBIT CODE N CURRY,Food & Dining
UPI-FOOD POINT DHABA,Food & Dining
Kalika PAYMENT,Food & Dining
NEFT-RAMBLES CAFE,Food & Dining
V16 Bar,Food & Dining
POS DEBIT JAMES BAKERY,Food & Dining
UPI-SALEEM KALYANI BIRYANI POINT,Food & Dining
Istanbul Doner Turkish Grill PAYMENT,Food & Dining
NEFT-LUNCH AT OFFICE,Food & Dining
Alans Restaurant,Food & Dining
POS DEBIT MULTI SPICE,Food & Dining
"UPI-CANTEEN, CHC MEENANGADI",Food & Dining
Ashok Bhavan PAYMENT,Food & Dining
NEFT-SICILIA ITALIAN RESTAURANT & LOUNGE,Food & Dining
Sanjay Hotel,Food & Dining
POS DEBIT AMMU'S RESTAURANT,Food & Dining
UPI-THE LIGHT HOUSE,Food & Dining
Bake Arabia PAYMENT,Food & Dining
NEFT-KESHAV REDDY SWEETS,Food & Dining
Shwarma King,Food & Dining
POS DEBIT HII,Food & Dining
UPI-HOTEL DE PONDICHERY,Food & Dining
Amrapali Dhaba PAYMENT,Food & Dining
NEFT-SWEET OWEN,Food & Dining
Apni Maa Ki Rasoi,Food & Dining
POS DEBIT DINER'S PAVILION,Food & Dining
UPI-HOTEL SHRAVANI,Food & Dining
Kitchen and Recreation PAYMENT,Food & Dining
NEFT-CHICHEN POINT,Food & Dining
Iron Bar & Grill,Food & Dining
POS DEBIT AROMA CAFE,Food & Dining
UPI-BMD || BURGER - MELTS - DOGS,Food & Dining
CesKaz Deli PAYMENT,Food & Dining
NEFT-SHRISTI SAGAR,Food & Dining
Hotel Seven Star,Food & Dining
POS DEBIT NEW CANTEEN,Food & Dining
UPI-THE DESERT BOX CAFE BAKE HOUSE,Food & Dining
A-1 Hyderabad Biriyani & Fast Food PAYMENT,Food & Dining
NEFT-SPARROW'S PIZZERIA,Food & Dining
Ruchi Juice Corner,Food & Dining
POS DEBIT SHAHI RASOI,Food & Dining
UPI-PAPPADA VADA,Food & Dining
restaurant PAYMENT,Food & Dining
NEFT-HAPPINESS DHAABA,Food & Dining
Negi Bakers,Food & Dining
POS DEBIT MDS BAKERY,Food & Dining
UPI-SCOFFIES,Food & Dining
Vazhiyoram Thattukada PAYMENT,Food & Dining
NEFT-BAQSA,Food & Dining
Aimie,Food & Dining
POS DEBIT HOTEL MANOSHANTI,Food & Dining
UPI-VVV,Food & Dining
Food Kasoot PAYMENT,Food & Dining
NEFT-STREET JUICE SHOP,Food & Dining
The Wanton,Food & Dining
POS DEBIT FISHER ME,Food & Dining
UPI-THE BELGIAN WAFFLE,Food & Dining
99 Biryani Point PAYMENT,Food & Dining
NEFT-SOUTH INDIAN DOSA CORNER,Food & Dining
pulllyoorN,Food & Dining
POS DEBIT SRI CHAKRA HOUSE,Food & Dining
UPI-AISWARYA RESTAURANT,Food & Dining
Brothers Bakes PAYMENT,Food & Dining
NEFT-MANKAR DOSA CENTRE,Food & Dining
Roasted bite,Food & Dining
POS DEBIT SOUTH INDIAN CANTEEN (LADIES),Food & Dining
UPI-AMAR FAST FOOD AND TIFFIN,Food & Dining
Surya Bar and Restraunt PAYMENT,Food & Dining
NEFT-PUTTA HOTEL,Food & Dining
Aalishan,Food & Dining
POS DEBIT PISHWARYA,Food & Dining
UPI-MEGHALAYA FOOD & MOMOS,Food & Dining
Juize Hunt PAYMENT,Food & Dining
NEFT-VILLAGE BAKERS,Food & Dining
Hotel Radhas,Food & Dining
POS DEBIT VINCENT'S,Food & Dining
UPI-ARABIAN COOL DRINKS,Food & Dining
Sujana Mess PAYMENT,Food & Dining
NEFT-CCB,Food & Dining
Thara Coffee Caravan,Food & Dining
POS DEBIT JAVA CAFE,Food & Dining
UPI-HONEY LAND BAKERY,Food & Dining
Subway PAYMENT,Food & Dining
NEFT-HOTEL SEETHAMBA,Food & Dining
Daily Fresh Restaurant,Food & Dining
POS DEBIT THE OTHER CRESCENT,Food & Dining
UPI-FILMY FOODS,Food & Dining
Reena Bakery PAYMENT,Food & Dining
NEFT-AYUTTHAYA CUISINES OF INDIA,Food & Dining
Godavari Cafe,Food & Dining
POS DEBIT ATITHI SARKAR,Food & Dining
UPI-MANIS,Food & Dining
White House Restaurant PAYMENT,Food & Dining
NEFT-DILDAR BIRYANI CORNER,Food & Dining
Surya Cafe&Rooms,Food & Dining
POS DEBIT UNNI NANDAN SARBATH,Food & Dining
UPI-NEW RELAX INN,Food & Dining
Asha Sweets and Snacks PAYMENT,Food & Dining
NEFT-SAGAR GAIRE,Food & Dining
DMW Thakur Village - Dimsum Momos Wontons,Food & Dining
POS DEBIT LEGENDS CAFE & RESTRO,Food & Dining
UPI-SUNSET BAR & RESTAURANT,Food & Dining
recreation centre PAYMENT,Food & Dining
NEFT-DURGA,Food & Dining
Sridhara Hotel,Food & Dining
POS DEBIT ANNAPURNA UPAHAR GRUHA,Food & Dining
UPI-KALPATARU LINE HOTEL,Food & Dining
Cake Carnivel PAYMENT,Food & Dining
NEFT-BAKERY CAFE,Food & Dining
Maharashtra Bakers,Food & Dining
POS DEBIT HOTEL KARTHIKA,Food & Dining
UPI-BISTRO 226,Food & Dining
Wrapafella PAYMENT,Food & Dining
"NEFT-MATHA HOTEL, FAMILY RESTAURANT & COOLBAR",Food & Dining
Dekevas,Food & Dining
POS DEBIT VENKATESWARA ROYAL DINE FAMILY RESTURANT,Food & Dining
UPI-GOLDEN CORNER,Food & Dining
Seagull Cafe PAYMENT,Food & Dining
NEFT-HRITHIKA,Food & Dining
Flavours Restaurant,Food & Dining
POS DEBIT SIKKIM TOURISM FOOD STALL,Food & Dining
UPI-PATISTREE BAKERY,Food & Dining
Dyning Hall PAYMENT,Food & Dining
NEFT-AK BIRIYANI POINT,Food & Dining
Mims Cafe,Food & Dining
POS DEBIT HANGOUT @ NANDI,Food & Dining
UPI-SANTHOSH FAMILY DHABA,Food & Dining
domino's pizza branch tambeshwar puram PAYMENT,Food & Dining
NEFT-JAYANAGAR THINDI MANE,Food & Dining
sai bakery,Food & Dining
POS DEBIT PUZHAMEEN STALL 2,Food & Dining
UPI-AB DAKSHIN,Food & Dining
Rasoee Dhaba PAYMENT,Food & Dining
NEFT-MR. BEANS,Food & Dining
Chocolate bakery,Food & Dining
POS DEBIT JHELUM,Food & Dining
UPI-SPICY DADDY,Food & Dining
RJ KITCHEN PAYMENT,Food & Dining
NEFT-PAWAN NAMKEEN,Food & Dining
THE WAFFLE .COM DWARKA,Food & Dining
POS DEBIT SRI AADITYA RESTAURANTS,Food & Dining
UPI-VASU,Food & Dining
royal dum biriyani PAYMENT,Food & Dining
NEFT-SRI VISHNU PARK,Food & Dining
Maruti Suzuki Driving School - Popular Vehicles And Services Ltd,Food & Dining
POS DEBIT BANGLORE BAKERY,Food & Dining
UPI-GOWDTHI'S KITCHEN,Food & Dining
Thalassery Cafe PAYMENT,Food & Dining
NEFT-CHOTE LAL TEA STORE,Food & Dining
Ira Restaurant,Food & Dining
POS DEBIT SANT GADGE BABA AMRAVTI UNIVERSITY CANTEEN,Food & Dining
UPI-S.S BAKERY,Food & Dining
La La Land Cakeshop Muvattupuzha PAYMENT,Food & Dining
NEFT-AKHIL FOOD,Food & Dining
Jatashankar Dhaba,Food & Dining
POS DEBIT LEV1 BAR & RESTAURANT,Food & Dining
UPI-PPS THATTUKADA,Food & Dining
Tiny House Cafe PAYMENT,Food & Dining
NEFT-CAFE TERRACE AT NIGHT,Food & Dining
Pure Vegetarian,Food & Dining
POS DEBIT NAMASTE TIFFIN,Food & Dining
UPI-AMUL SHOP,Food & Dining
A AND A STORES PAYMENT,Food & Dining
NEFT-ARAFA RESTAURANT,Food & Dining
frydays cafe,Food & Dining
POS DEBIT SUDIP CAFE,Food & Dining
UPI-BAINIWAL SWEETS,Food & Dining
Taste Land PAYMENT,Food & Dining
NEFT-SRIVARI BAKERY,Food & Dining
Varkey's Plaza,Food & Dining
POS DEBIT KRISHNA COFFEE HOUSE,Food & Dining
UPI-KALLERY RESTAURANT,Food & Dining
Cafe Buns & Beans PAYMENT,Food & Dining
NEFT-BUMPER BIRYANI,Food & Dining
Desi Scoops,Food & Dining
POS DEBIT SHIVAJI MAHARAJ CHOWK RADI,Food & Dining
UPI-JAGADAMBA TEA,Food & Dining
Star Restaurant PAYMENT,Food & Dining
NEFT-MOHAMMAD,Food & Dining
Kamat Nandanvan,Food & Dining
POS DEBIT MARIA STORES & BAKERY,Food & Dining
UPI-HOTEL MADAVUR,Food & Dining
Greens PAYMENT,Food & Dining
NEFT-CAFE DE BISTRO,Food & Dining
St. George bakery,Food & Dining
POS DEBIT SUNSET PARADISE,Food & Dining
UPI-ZEST RESTAURANT,Food & Dining
Cafe Roam Wild PAYMENT,Food & Dining
NEFT-ACHMAN RESTAURANT,Food & Dining
Alario's garden,Food & Dining
POS DEBIT FOOD STATION,Food & Dining
UPI-NOUREEN FAST FOOD,Food & Dining
Harshit Fast Food PAYMENT,Food & Dining
NEFT-SHRI RAMANAS,Food & Dining
Barbequeen Restaurant,Food & Dining
POS DEBIT SHUBHANAND MALVANI LAJAT,Food & Dining
UPI-SUN BISCUIT FACTORY,Food & Dining
Laxmi PAYMENT,Food & Dining
NEFT-THE TAU'S RESTAURANT,Food & Dining
Aja - fresh grilled healthy,Food & Dining
POS DEBIT MOMO CORNER,Food & Dining
UPI-HARI GOVINDA'S,Food & Dining
Mookken Devassy Palarivattom and Co PAYMENT,Food & Dining
NEFT-CAFE ROOTS,Food & Dining
Om Sai Burger,Food & Dining
POS DEBIT HIMACHAL BHAWAN DINING HALL,Food & Dining
UPI-BOTTLE OPENER,Food & Dining
GRILL N CHILL PAYMENT,Food & Dining
NEFT-AL MANNA,Food & Dining
Taj Mahal,Food & Dining
POS DEBIT FOOD FOR YOU,Food & Dining
UPI-TYPSY,Food & Dining
Supriya Cafe PAYMENT,Food & Dining
NEFT-SANZHA CHULHA,Food & Dining
Pravasi Hotel,Food & Dining
POS DEBIT ZAMZAM CHICKEN CENTRE,Food & Dining
UPI-DEV DEV HOTEL AND FAST FOODS,Food & Dining
Hotel Ravikant PAYMENT,Food & Dining
NEFT-GAJALI,Food & Dining
byt Hbd,Food & Dining
POS DEBIT JAI BANGALA SWEET SHOP,Food & Dining
UPI-BANZARA A. C. RESTAURANT,Food & Dining
baji shop PAYMENT,Food & Dining
NEFT-BEER OPENER SHACK,Food & Dining
Vasihnav Chaat Bhandaar,Food & Dining
POS DEBIT SANTHOSH COOLBAR,Food & Dining
UPI-ARABIAN MAHAL,Food & Dining
Mounika Restaurant and Bar PAYMENT,Food & Dining
NEFT-HOTEL POURNAMI,Food & Dining
Vinanti Restaurant & Bar,Food & Dining
POS DEBIT THE KITCHEN OF JOY,Food & Dining
UPI-FOOD CART,Food & Dining
Gianis Ice Cream PAYMENT,Food & Dining
NEFT-STUTI FOOD COURT,Food & Dining
FREZA'S,Food & Dining
POS DEBIT MAYURA BAKERY AND JUICE,Food & Dining
UPI-THE BAR STOCK EXCHANGE,Food & Dining
Hotel New Aryas PAYMENT,Food & Dining
NEFT-HARIS FOOD CAFE,Food & Dining
Anjali Fruits & Food Court,Food & Dining
POS DEBIT HOTEL SAI KIRAN,Food & Dining
UPI-SHRI GURU UPAHARA,Food & Dining
Cafe Lune PAYMENT,Food & Dining
NEFT-NORLING CAFE,Food & Dining
Jalaram Dhokla House,Food & Dining
POS DEBIT YO! DIMSUM,Food & Dining
UPI-STIFF WAVES,Food & Dining
The Swings Cafe PAYMENT,Food & Dining
NEFT-OLAPANDAL RESTAURANT,Food & Dining
Plavilayil Coffee,Food & Dining
POS DEBIT LITTLE SAIGON,Food & Dining
UPI-HOTEL SHREE SAI PALACE,Food & Dining
Delux Bakery PAYMENT,Food & Dining
NEFT-SWEET REVENGE CAFE,Food & Dining
Murali's Hotel,Food & Dining
POS DEBIT PANDHARINATH MISAL,Food & Dining
UPI-DUNES RESTAURANT,Food & Dining
KF Bakers PAYMENT,Food & Dining
NEFT-OM SIDDHESHWAR,Food & Dining
Ria's Cuisine,Food & Dining
POS DEBIT AKHTAR FOOD WORKER,Food & Dining
UPI-PIND RESTAURENT,Food & Dining
Hotel Zeeshan PAYMENT,Food & Dining
NEFT-PRASHANTH RESTAURANT,Food & Dining
FuiyOh!,Food & Dining
POS DEBIT PATIL KATTA,Food & Dining
UPI-SPROUT,Food & Dining
kukku Coolbar PAYMENT,Food & Dining
NEFT-KUPPU'S KAFE,Food & Dining
MadyMade Pizza,Food & Dining
POS DEBIT TACOBELL,Food & Dining
UPI-WAFFLES BAE TRIVANDRUM,Food & Dining
shkib PAYMENT,Food & Dining
NEFT-RAJ CHINESE HOUSE,Food & Dining
ora cafe and lounge,Food & Dining
POS DEBIT JAIN BAKERS,Food & Dining
UPI-RAGHAVENDRA TIFFIN CENTRE,Food & Dining
Kunjamara's Trichur Gate Restaurant PAYMENT,Food & Dining
NEFT-ZAMORINS,Food & Dining
Kesar Da Dhaba,Food & Dining
POS DEBIT FLAVOURS OF SOUTH,Food & Dining
UPI-NAVARATHNA BAR & RESTAURANT,Food & Dining
ramesh tea shop PAYMENT,Food & Dining
NEFT-HOTEL AYODHYA UPAHAR,Food & Dining
Baga 24,Food & Dining
POS DEBIT PEREIRA'S BEACH SHACK,Food & Dining
UPI-SHTAAKSSII PHUUDDS,Food & Dining
Thanima Bakers PAYMENT,Food & Dining
NEFT-NEW KALPATARU PICE HOTEL,Food & Dining
Erra Karam,Food & Dining
POS DEBIT THE KIND,Food & Dining
UPI-CAFETERIA,Food & Dining
Sri Lakshmi Ganapati Sweets PAYMENT,Food & Dining
NEFT-SICHUAN,Food & Dining
Momai Pan & Hotel & garage,Food & Dining
POS DEBIT MORITZ NANO RESTAURANT,Food & Dining
UPI-MANNATHU BEAKERS,Food & Dining
Chole Kulche PAYMENT,Food & Dining
NEFT-OG BY THE LAKE,Food & Dining
FrozenFuels,Food & Dining
POS DEBIT GREEN PARK,Food & Dining
UPI-SWATHI RESTAURANT,Food & Dining
Supreme bakery PAYMENT,Food & Dining
NEFT-JHONY COOL,Food & Dining
peechattuchira toddy shop,Food & Dining
POS DEBIT MIKE'S PLACE,Food & Dining
UPI-RIVIERA,Food & Dining
nagore PAYMENT,Food & Dining
NEFT-BLUE SEA RESTAURANTS,Food & Dining
BIZEAL the dream bakery,Food & Dining
POS DEBIT AMRUT HOTEL,Food & Dining
UPI-SUNSET BY THE JETTY,Food & Dining
My O Bites PAYMENT,Food & Dining
NEFT-DAWAT BHOJNALAYA,Food & Dining
Tea Trails Cafe,Food & Dining
POS DEBIT THE GARDEN CAFE,Food & Dining
UPI-SANAM,Food & Dining
Ayaz's The Kebab Palace PAYMENT,Food & Dining
NEFT-THE COFFEE FACTORY,Food & Dining
green feilds,Food & Dining
POS DEBIT SUNDAR NIWAS,Food & Dining
UPI-THE FOOD CULTURE,Food & Dining
Chillis Restaurant PAYMENT,Food & Dining
NEFT-VIRUS BISTRO AND KITCHEN,Food & Dining
AL-Rahim Family Restaurant,Food & Dining
POS DEBIT CAPGEMINI CAFETERIA,Food & Dining
UPI-SWEETS OVEN,Food & Dining
Fresco Bakery PAYMENT,Food & Dining
NEFT-MAGNOLIA,Food & Dining
Booster chaaya,Food & Dining
POS DEBIT ROHITH SUGAR CANE CENTRE,Food & Dining
UPI-KANISHKA KULFI,Food & Dining
Ana Menakshree Restaurant PAYMENT,Food & Dining
NEFT-BHAGINI PARK,Food & Dining
Sumdo Cafe,Food & Dining
POS DEBIT BAKLAVACHI,Food & Dining
UPI-RISTY BAKERY,Food & Dining
swagath tea shop PAYMENT,Food & Dining
NEFT-NIKS BURGER,Food & Dining
Inchakkatu bakers,Food & Dining
POS DEBIT NANDINI PALACE,Food & Dining
UPI-BEACH HOUSE,Food & Dining
Bademiya Seekh Kebab Stall PAYMENT,Food & Dining
"NEFT-BEST BAKERS, MC",Food & Dining
Sidhhi vijanayak cakewala,Food & Dining
POS DEBIT GAURANGA'S GARDEN RESTAURANT,Food & Dining
UPI-JOG AJI,Food & Dining
Popeyes Famous Louisiana Chicken PAYMENT,Food & Dining
NEFT-YO YO CITY CAFE,Food & Dining
Ikkayees Biriyani,Food & Dining
POS DEBIT BEETLE CAFE,Food & Dining
UPI-ANNAPURNA CAFE,Food & Dining
Quick Bites PAYMENT,Food & Dining
NEFT-ATUL CAFE,Food & Dining
New Ambur Hot Biriyani,Food & Dining
POS DEBIT SANJHA CHULHA RESTAURANT,Food & Dining
UPI-FISH MARKET,Food & Dining
MIKHAEL bakery PAYMENT,Food & Dining
NEFT-COCOA CAFE,Food & Dining
Samarth,Food & Dining
POS DEBIT CAFE DELIGHT,Food & Dining
UPI-QURUBANI BRIYANI,Food & Dining
Whispering Rocks PAYMENT,Food & Dining
NEFT-VALIYAVEETIL CHICKEN CENTER,Food & Dining
Vibhas,Food & Dining
POS DEBIT AROMA BAKERY,Food & Dining
UPI-BASHA RESTAURANT,Food & Dining
Ghoter Authentic Goan Restaurant PAYMENT,Food & Dining
NEFT-SHIVALLI RESTAURANT (NORTH),Food & Dining
Mughal Darbar 90,Food & Dining
POS DEBIT CHUTNEY HOUSE,Food & Dining
UPI-SHANKAR BHEL HOUSE,Food & Dining
Rose land cafe PAYMENT,Food & Dining
NEFT-CHAI PARTY,Food & Dining
Melting pot,Food & Dining
POS DEBIT HOTEL GOWRI SHANKAR,Food & Dining
UPI-GUDDU DHAVA DHAVA,Food & Dining
Shri Durga Prasad Vegetarian Restaurant PAYMENT,Food & Dining
NEFT-SRI SAI FOODS,Food & Dining
Kannankandy bakery coolbar,Food & Dining
POS DEBIT ARAMANE DONNE BIRYANI,Food & Dining
UPI-SUCHI MULTI CUISINE,Food & Dining
kovilakam PAYMENT,Food & Dining
NEFT-RAM KI BANDI,Food & Dining
The Thickshake Factory,Food & Dining
POS DEBIT PATEL CAFE,Food & Dining
UPI-WATERFALL PREMIUM TEA OUTLET,Food & Dining
Seven Hills Bakery PAYMENT,Food & Dining
NEFT-NAMMA SOUTH,Food & Dining
Olivia Communications,Food & Dining
POS DEBIT CRUNCHY MUNCHY,Food & Dining
UPI-LE PETIT PALOLEM,Food & Dining
Momo my iove fast food PAYMENT,Food & Dining
NEFT-SHRI SHIV SAGAR RESTAURANT,Food & Dining
Panchras Multi Cuisine Family Restaurant,Food & Dining
POS DEBIT HOTEL MANZA,Food & Dining
UPI-CUBE STOP,Food & Dining
New Hariprasad PAYMENT,Food & Dining
NEFT-KHAMSUM BAKERY,Food & Dining
ram,Food & Dining
POS DEBIT KOTTUPALLIL TEA SHOP,Food & Dining
UPI-SHAKE SQUARE,Food & Dining
Door No. 1 PAYMENT,Food & Dining
NEFT-DELHI CHAAT BHANDAR,Food & Dining
Marrybrown,Food & Dining
POS DEBIT MUMAL,Food & Dining
UPI-ANANDAM,Food & Dining
"Chikku's Bakery and Stationary,Menatheril PAYMENT",Food & Dining
NEFT-FOOD SHOP,Food & Dining
Fisherman's,Food & Dining
POS DEBIT LEJIN BAKERY,Food & Dining
UPI-J J RESTAURANT,Food & Dining
Sanjeevi Unavagam PAYMENT,Food & Dining
NEFT-DHARMA RESSORTS,Food & Dining
Alfa Food Court,Food & Dining
POS DEBIT GATSBY,Food & Dining
UPI-RED BUCKET BIRYANI,Food & Dining
Deexha Hotel PAYMENT,Food & Dining
NEFT-LALU VEG FAMILY RESTAURANT,Food & Dining
Appante Chayakkada,Food & Dining
POS DEBIT THE BAZZAR RESTAURANT,Food & Dining
UPI-SOMAA,Food & Dining
Temple Square PAYMENT,Food & Dining
NEFT-LALITHA SAI RESTAURANT AND BAR,Food & Dining
Casamia Restaurant,Food & Dining
POS DEBIT THE OFFICE,Food & Dining
UPI-CHINNOSE BAKERY,Food & Dining
Sri Mahaveera Grinders PAYMENT,Food & Dining
NEFT-CHAYAPEEDIKA,Food & Dining
BRU cafe kmea,Food & Dining
POS DEBIT IMLY,Food & Dining
UPI-ECO HUB,Food & Dining
Food Hub PAYMENT,Food & Dining
NEFT-CHARRDEWARI,Food & Dining
Karaikudi Mess,Food & Dining
POS DEBIT ALPHONSA RESTAURANT,Food & Dining
UPI-RAWAT FAST FOOD,Food & Dining
Green Gala Cafe PAYMENT,Food & Dining
NEFT-SWAMY VEGETARIAN CANTEEN,Food & Dining
Hotel Kerala,Food & Dining
POS DEBIT MADHURIMA BAKERY HOT AND COOL,Food & Dining
UPI-ARABIAN CAFE,Food & Dining
Shalimar food court PAYMENT,Food & Dining
NEFT-I:BA,Food & Dining
vr bakers,Food & Dining
POS DEBIT GROCERY SHOP,Food & Dining
UPI-SHEETAL,Food & Dining
Cafe Connect PAYMENT,Food & Dining
NEFT-ARABIAN MEXICO,Food & Dining
bichu hot and coolbar,Food & Dining
POS DEBIT HOTEL RAANGA,Food & Dining
UPI-FROZEN BOTTLE THIRUVALLA,Food & Dining
Hotel Prabha International PAYMENT,Food & Dining
NEFT-MSR BAKES AND SWEETS,Food & Dining
Sri Devi Cafe,Food & Dining
POS DEBIT FOOD,Food & Dining
UPI-N.M RESTAURANT,Food & Dining
"ANNI big city hotel, etc PAYMENT",Food & Dining
NEFT-RICHUSE CAKE BAKE,Food & Dining
Habba Kadal Kashmiri Restaurant,Food & Dining
POS DEBIT PAPA JEES,Food & Dining
UPI-TIPSY TOPSY BAKERY,Food & Dining
Surguru PAYMENT,Food & Dining
NEFT-BLEND CAFE & RESTAURANT,Food & Dining
ankit bakery,Food & Dining
POS DEBIT THE SANDWICH SHOP,Food & Dining
UPI-LIMRA TEA HOTEL,Food & Dining
Love sugar PAYMENT,Food & Dining
NEFT-VINDHU MAHARAJ FAMILY RESTAURANT,Food & Dining
Urban Crave,Food & Dining
POS DEBIT COSMOS,Food & Dining
UPI-Y2K RESTAURANT,Food & Dining
CHAI CHURI PAYMENT,Food & Dining
NEFT-HOTEL MAYURA SAGAR,Food & Dining
SOS Cafe,Food & Dining
POS DEBIT AUBREE,Food & Dining
UPI-BLEND - ROYAL ORCHID SUITES,Food & Dining
colombo bakes PAYMENT,Food & Dining
NEFT-BEST THUKPA (100RS),Food & Dining
D.S Juice Parlour,Food & Dining
POS DEBIT ROSSAYA RESTAURENT,Food & Dining
UPI-EKTU ADDA,Food & Dining
Nahdi Mandi Restaurant PAYMENT,Food & Dining
NEFT-LALITHA BAKERY,Food & Dining
Hari Hotel,Food & Dining
POS DEBIT CAFE 5060,Food & Dining
UPI-MANGO BAKES,Food & Dining
Cake of the Day PAYMENT,Food & Dining
NEFT-GOOD KARMA,Food & Dining
Laidback Cafe,Food & Dining
POS DEBIT XPRESS,Food & Dining
UPI-FOODIES KITCHEN,Food & Dining
Mineority PAYMENT,Food & Dining
NEFT-A.J.S PURE VEG RESTAURANT,Food & Dining
Sun City Bakery,Food & Dining
POS DEBIT ARYA RESTAURANT,Food & Dining
UPI-LOBOS COURT YARD,Food & Dining
Chicken Bombay PAYMENT,Food & Dining
NEFT-HOTEL APARNA,Food & Dining
Pizza Paris,Food & Dining
POS DEBIT SOMA RESO BAR,Food & Dining
UPI-ZANZIBAR,Food & Dining
sri saravana bakery PAYMENT,Food & Dining
NEFT-LUCKHNOW STREET,Food & Dining
Maa Durge,Food & Dining
POS DEBIT UDUPI UPACHAAR VEG,Food & Dining
UPI-JALORI PASS CHAI STANDS,Food & Dining
A-One Chips Centre PAYMENT,Food & Dining
NEFT-MOM'S MAGIC AC RESTAURANT,Food & Dining
FC 1,Food & Dining
POS DEBIT SWAPAN'S FAMILY RESTAURANT,Food & Dining
UPI-WRITERS CAFE,Food & Dining
Refreshing Corner PAYMENT,Food & Dining
NEFT-ROYAL COFFEE,Food & Dining
Dosage Drug House,Food & Dining
POS DEBIT GOOD WILL HOTEL,Food & Dining
UPI-LOTS OF CHEAP LOCAL FOOD (VERY LOCAL VIBES),Food & Dining
Sri Krishna PAYMENT,Food & Dining
NEFT-WIMBIES BAKERY,Food & Dining
Crystal Bakers,Food & Dining
POS DEBIT BISMILLAH BIRIYANI,Food & Dining
UPI-DHATU,Food & Dining
Momo Kutir PAYMENT,Food & Dining
NEFT-CHAI SHAI BAR,Food & Dining
Sanika Cafe,Food & Dining
POS DEBIT KADAI DHUDH,Food & Dining
UPI-IMPERIAL HOTEL,Food & Dining
vada pav wala PAYMENT,Food & Dining
NEFT-VINAYAKA TIFFIN CENTRE,Food & Dining
Jay bhavani vadapav,Food & Dining
"POS DEBIT ALIF CHICKEN CENTRE,KADUVATHODE",Food & Dining
UPI-DOG & THE BONE,Food & Dining
Janata Cream Parlour PAYMENT,Food & Dining
NEFT-HOTEL NEW ATITHYA,Food & Dining
Ansh Restaurant,Food & Dining
POS DEBIT BHARANI KAFE,Food & Dining
UPI-JUST BAKED,Food & Dining
Rings by Annie PAYMENT,Food & Dining
NEFT-KANNIMANGA RESTUARANT,Food & Dining
Roll Call,Food & Dining
POS DEBIT PARVATI DAILY GRIND COFFEE,Food & Dining
UPI-KAPILAVASTU,Food & Dining
Old Mess PAYMENT,Food & Dining
NEFT-XAXTICAR,Food & Dining
Arun Tea Stall & Pan Shop,Food & Dining
POS DEBIT MANDICROODS,Food & Dining
UPI-SK FAST FOOD,Food & Dining
Hotel Karnataka PAYMENT,Food & Dining
NEFT-MF DELITO DIET,Food & Dining
yeti momos,Food & Dining
POS DEBIT SRI GOWRI SANKARA,Food & Dining
UPI-PAJI'S,Food & Dining
Maa Aanapurna Dhaba PAYMENT,Food & Dining
NEFT-TASTE & GO,Food & Dining
Horizon Cafe,Food & Dining
POS DEBIT SHAPPU CURRY,Food & Dining
UPI-BALTON'S (THE REGGAE SHACK),Food & Dining
Food Land PAYMENT,Food & Dining
NEFT-SHANGRILA,Food & Dining
Ice Magic Cafe,Food & Dining
POS DEBIT MUKUNDA HOSPITAL CANTEEN,Food & Dining
UPI-NIRANJANA BAKERY,Food & Dining
Ojeen PAYMENT,Food & Dining
NEFT-AKSHAYA RESTAURANT,Food & Dining
Deccan Harvest,Food & Dining
POS DEBIT TREAT HOUSE BAKERY,Food & Dining
UPI-WHITE ROCK BAR & RESTAURANT,Food & Dining
second wife PAYMENT,Food & Dining
NEFT-SADGURU SNACKS,Food & Dining
Saleem Biriyani,Food & Dining
POS DEBIT GOURI FAMILY RESTAURANT,Food & Dining
UPI-DOMINO'S PIZZA,Food & Dining
Aahara Bhavan PAYMENT,Food & Dining
NEFT-STREET TEA,Food & Dining
The Skyee 11,Food & Dining
POS DEBIT SHREE MARUTHI MILITARY HOTEL,Food & Dining
UPI-DFC ARABIC FOOD COURT,Food & Dining
Sweet and Soft PAYMENT,Food & Dining
NEFT-OVENFRESH,Food & Dining
New sameer bakery,Food & Dining
POS DEBIT CAFE KINARA,Food & Dining
UPI-JMB UTTAM BHOG,Food & Dining
C S Meals PAYMENT,Food & Dining
NEFT-MAA HARI DHABA & RESTAURANT,Food & Dining
The Grand Chef,Food & Dining
POS DEBIT PANCH TAARA,Food & Dining
UPI-ARAFA BIRIYANI HOUSE,Food & Dining
Santosh Bhel PAYMENT,Food & Dining
NEFT-AKHIL BAR AND RESTAURANT,Food & Dining
Amma Restaurant And Coolbar,Food & Dining
POS DEBIT RIJO BAKERS,Food & Dining
UPI-READER'S COFFEE HOUSE,Food & Dining
Karthika Hotel PAYMENT,Food & Dining
NEFT-HIMALAYA BAKERY,Food & Dining
Kurtikar Bar & Restaurant,Food & Dining
POS DEBIT MAHER GRUH UDYOG,Food & Dining
UPI-POLICE CANTEEN,Food & Dining
VIJAYA HOTEL PAYMENT,Food & Dining
NEFT-RUSTLERS,Food & Dining
Nebula,Food & Dining
POS DEBIT THE D PIZZA,Food & Dining
UPI-OM SHANTI,Food & Dining
Waah Mumbai! PAYMENT,Food & Dining
NEFT-CHINKARA HALL,Food & Dining
New Majestic,Food & Dining
POS DEBIT REGENCY FAMILY RESTAURANT AND BAR,Food & Dining
UPI-BESTOW,Food & Dining
Cafe Cloud PAYMENT,Food & Dining
NEFT-SHANTI HOTEL,Food & Dining
Rolls Mainia,Food & Dining
POS DEBIT RAJ CATERING TAKE AWAY,Food & Dining
UPI-SHER-E-PUNJAB,Food & Dining
Kelvin77friendsbean Ravet PAYMENT,Food & Dining
NEFT-THOMSON BAKERY TOONS BEEKKRRI,Food & Dining
Vantashala,Food & Dining
POS DEBIT DOLPHIN FAST FOOD,Food & Dining
UPI-HERBAL CHICKEN PAYYANUR,Food & Dining
hotel sagar PAYMENT,Food & Dining
NEFT-HOTEL MAHADEVAN,Food & Dining
KK Restaurant,Food & Dining
POS DEBIT DANISH DARBAR,Food & Dining
UPI-SHOOKETTS,Food & Dining
Suprabhat Grand Hotel & Banquet PAYMENT,Food & Dining
NEFT-SURUCHI,Food & Dining
Ganga Jamuna,Food & Dining
POS DEBIT RAJPUROHIT RESTAURANT,Food & Dining
UPI-HAZAEL BROWNIES,Food & Dining
Harshi Super Sandwich PAYMENT,Food & Dining
NEFT-BIHARI CHICKEN WALA,Food & Dining
Cafe 131,Food & Dining
POS DEBIT AYYAPPA JUICE PARADISE,Food & Dining
UPI-7 SEVEN HILLS RESTAURANT,Food & Dining
Aaryas Vegetarian Restaurant PAYMENT,Food & Dining
NEFT-MIRCHI FAST FOOD,Food & Dining
S M Bakes,Food & Dining
POS DEBIT DELHI BIRYANI CAFE,Food & Dining
UPI-DADDYZZ KITCHEN,Food & Dining
Breeze PAYMENT,Food & Dining
NEFT-HOTEL VEG BHAVAN,Food & Dining
siitaa raam vaissnnv bhojnaaly,Food & Dining
POS DEBIT NUSTEBAR,Food & Dining
UPI-ASSAM TEA &COFFEEE,Food & Dining
CITA PANI FRIED AND GRILLED PAYMENT,Food & Dining
NEFT-YUVARANI BAR,Food & Dining
Santhrupthi Hotel,Food & Dining
POS DEBIT THE BEACH CAFE,Food & Dining
UPI-REDDY'S HOTEL,Food & Dining
Helapuri Restaurant & Buffet PAYMENT,Food & Dining
NEFT-COCOA AND CREME ROOFTOP CAFE,Food & Dining
The Coffee Concept,Food & Dining
POS DEBIT I TERRACE,Food & Dining
UPI-K P RESTAURANT,Food & Dining
Salvin bar PAYMENT,Food & Dining
NEFT-THE ROGUE ELEPHANT CAFE,Food & Dining
Foodies Corner,Food & Dining
POS DEBIT KUNNPURAM,Food & Dining
UPI-HOTEL THALASSERY,Food & Dining
Dasabhuja PAYMENT,Food & Dining
NEFT-MADHUVAN'S - THE VILLAGE,Food & Dining
Hatti Kapi,Food & Dining
POS DEBIT RADHAS,Food & Dining
UPI-MISHRA'S,Food & Dining
Sofi Bakers PAYMENT,Food & Dining
NEFT-CHEF BAKER'S,Food & Dining
Vishnu Garden Vegetarian Restaurant,Food & Dining
POS DEBIT NATIONAL MILK CENTRE,Food & Dining
UPI-MOMOGUYS,Food & Dining
Sangam sweets PAYMENT,Food & Dining
NEFT-HOTEL VARAM,Food & Dining
SAI VADA PAV,Food & Dining
POS DEBIT LOADED KAKKANAD,Food & Dining
UPI-PREMVATI,Food & Dining
Jam Jam Tea and Cool Bar PAYMENT,Food & Dining
NEFT-AJAYETTANTE BAKERY,Food & Dining
Ambadi Cool Bar,Food & Dining
POS DEBIT APPACHAN'S BAKERY,Food & Dining
UPI-HIPP-E PANDA,Food & Dining
Arun Fast Foods PAYMENT,Food & Dining
NEFT-CAFE INDRA,Food & Dining
New Yamway,Food & Dining
POS DEBIT CHHOLE KULCHE STAND,Food & Dining
UPI-PRIYA CAFE,Food & Dining
Hotel New Ice Point PAYMENT,Food & Dining
NEFT-GANGA BHAWAN CANTEEN,Food & Dining
Kankanady Rajkamal Restaurant,Food & Dining
POS DEBIT RAHHAMS,Food & Dining
UPI-HOTEL SHAHI DARBAR,Food & Dining
NH37 DHABA PAYMENT,Food & Dining
NEFT-NEW UDUPI PARK,Food & Dining
Sajan Restaurant,Food & Dining
POS DEBIT THE BODHI CAFE,Food & Dining
UPI-PIC A BITE,Food & Dining
Singla's PAYMENT,Food & Dining
NEFT-UPPUKANDAM MESS,Food & Dining
PM Restaurant,Food & Dining
POS DEBIT THE BLUE BOOZE,Food & Dining
UPI-HELLO ANDREY,Food & Dining
Gaurav chicken shop PAYMENT,Food & Dining
NEFT-A R BAKERY,Food & Dining
Harisree,Food & Dining
POS DEBIT ARTJUNA PANJIM,Food & Dining
UPI-NIVA BAKERY N JUICE,Food & Dining
Ice Land PAYMENT,Food & Dining
NEFT-PANKJ'S SAMBAR,Food & Dining
the cafe addict bistro,Food & Dining
POS DEBIT AKSHAY KIRANA ICE CREAM....,Food & Dining
UPI-ACHIJA RESTAURANT,Food & Dining
Safari Gardern Restaurant PAYMENT,Food & Dining
NEFT-CHATKAARA,Food & Dining
Albaik,Food & Dining
POS DEBIT PREM MISTHAN BHANDAR,Food & Dining
UPI-MOOKAMBIKA BAR& RESTURANT,Food & Dining
Shathavahana PAYMENT,Food & Dining
NEFT-GHAR KA KHANA,Food & Dining
Jayaram Fast foods center,Food & Dining
POS DEBIT VEER JI MALAI CHAAP WAALE,Food & Dining
UPI-KWIK,Food & Dining
Babaleshwar Daneshwari Hotel PAYMENT,Food & Dining
NEFT-ST.THOMAS BAKERY,Food & Dining
The Burger Company,Food & Dining
POS DEBIT CLOCK TOWER RESTAURANT,Food & Dining
UPI-CAFE KUDUMBASHREE,Food & Dining
Ganesh Bakery PAYMENT,Food & Dining
NEFT-DEVU BAKERY,Food & Dining
BoraBora Goa,Food & Dining
POS DEBIT ONLY FISH,Food & Dining
UPI-AYYAPPA TEA SHOP,Food & Dining
Hostel Rajasugam;Hotel Rajasugam PAYMENT,Food & Dining
NEFT-MANJUNATH BAR & RESTAURANT,Food & Dining
Nasar Restaurant,Food & Dining
POS DEBIT DESSI CUPPA THRIPRAYAR,Food & Dining
UPI-KASBAH COSTA COFFEE,Food & Dining
Pallavi PAYMENT,Food & Dining
NEFT-GAYATHRI,Food & Dining
North Dining (and Meditation),Food & Dining
POS DEBIT QUEENS CHINESE CORNER,Food & Dining
UPI-PAUL PUNJAB FAMILY RESTAURANT,Food & Dining
Sri Hari Hara Sweets PAYMENT,Food & Dining
NEFT-SPORTS CLUB,Food & Dining
Kathi Junction,Food & Dining
POS DEBIT CHAI AASHRAM,Food & Dining
UPI-MIRCHI RESTAURANT,Food & Dining
New Banjara Cafe PAYMENT,Food & Dining
NEFT-R.A.S MOBILE RECHARGE AND BAKERY,Food & Dining
Chaap Adda,Food & Dining
POS DEBIT NANDHANA MESS,Food & Dining
UPI-BHUKKAD'S CAFE,Food & Dining
Standard Bakery PAYMENT,Food & Dining
NEFT-TASTE OF PLACE,Food & Dining
Srinivasa Garden Restaurant & Bar,Food & Dining
POS DEBIT RAJ BHAVAN VEGETARIAN RESTAURANT,Food & Dining
UPI-SBS CHICKEN BIRIYANI,Food & Dining
Corn Dog PAYMENT,Food & Dining
NEFT-MIRCHI,Food & Dining
Infusion Restaurant,Food & Dining
POS DEBIT TSAAI SSHEN YEH,Food & Dining
UPI-DE CANDOLIM DECK,Food & Dining
Chills & Chillies PAYMENT,Food & Dining
NEFT-CORN INSTA,Food & Dining
Sri Ganesh Juice Center,Food & Dining
POS DEBIT GLUTTON,Food & Dining
UPI-QUIK FIZZY MOCKTAIL BAR,Food & Dining
Shrimanti Misal and Snacks PAYMENT,Food & Dining
NEFT-SHIV SKTI RESTUARENT,Food & Dining
Annaji Cafe,Food & Dining
POS DEBIT VENKETESWARA BAKERY,Food & Dining
UPI-SHAN-E-PUNJAB DHABA,Food & Dining
psk bakkery PAYMENT,Food & Dining
NEFT-B&B BAKERS,Food & Dining
Koreyaki,Food & Dining
POS DEBIT JUST BURGER,Food & Dining
UPI-CREAMY TOWN,Food & Dining
Marhaba PAYMENT,Food & Dining
NEFT-KIMCHI & CO,Food & Dining
vanshika resturant,Food & Dining
POS DEBIT ELA,Food & Dining
UPI-KHATTAA MEETTAA,Food & Dining
Taza mandi PAYMENT,Food & Dining
NEFT-MADRASI FOOD PARK,Food & Dining
Wat-a-Burger,Food & Dining
POS DEBIT MYLAPORE FILTER COFFEE,Food & Dining
UPI-ANBU FOODS,Food & Dining
chat bandhar PAYMENT,Food & Dining
NEFT-FLAVORS NON VEG RESTAURANT,Food & Dining
Flying Spaghetti Monster,Food & Dining
POS DEBIT ZIYAFAT,Food & Dining
UPI-SHRII DTT,Food & Dining
lolipop PAYMENT,Food & Dining
NEFT-GRUB MONKEY'S,Food & Dining
Beena Hotel,Food & Dining
POS DEBIT RAVI DHABA,Food & Dining
UPI-THARAKANS BAKERY,Food & Dining
Call From Parudeesa PAYMENT,Food & Dining
NEFT-HAZELNUT BAKERS,Food & Dining
Ting Tong Momo's,Food & Dining
POS DEBIT AFC FRIED CHICKEN,Food & Dining
UPI-RAMYA BAKERY,Food & Dining
Rail Ahar PAYMENT,Food & Dining
"NEFT-CAFETERIA ,HRT UNIVERSITY",Food & Dining
Nescafe Coffee shop,Food & Dining
POS DEBIT RAHUL SWEETS AND NAMKIN,Food & Dining
UPI-LOVLY'S CAFE,Food & Dining
MERRY WINES PAYMENT,Food & Dining
NEFT-KEVENTORS.,Food & Dining
Sumai seafood restaurant,Food & Dining
POS DEBIT ZARANJ,Food & Dining
UPI-RAKU'S RESTAURANT AND GERMAN BAKERY,Food & Dining
Bina Highway Family Restaurant PAYMENT,Food & Dining
NEFT-ANNAPOORNESHWARI HOTEL GALAGALI,Food & Dining
Angels in my Kitchen,Food & Dining
POS DEBIT SHANMUGA MULTI CUISINE RESTAURANT,Food & Dining
UPI-FRIENDS TEA COURT,Food & Dining
Shifa's Chicken Stall PAYMENT,Food & Dining
NEFT-ANNA BAKERY,Food & Dining
Nattarasan,Food & Dining
POS DEBIT BURGER CASTLE,Food & Dining
UPI-ZEESHAN RESTAURANT,Food & Dining
Uba Tuba PAYMENT,Food & Dining
NEFT-AATHI BAKERY & SWEETS,Food & Dining
Vee cafe,Food & Dining
POS DEBIT KANTI BAKES & FLAKES,Food & Dining
UPI-COFFEE METANOIA,Food & Dining
G. D. Bar And Restaurant PAYMENT,Food & Dining
NEFT-7 DAYS RESTAURANT,Food & Dining
Holy Turtle,Food & Dining
POS DEBIT JAYAM AGRO FOODS - FRESH MANGO PULP,Food & Dining
UPI-RASHMI SWEETS,Food & Dining
Sone Side Dhaba PAYMENT,Food & Dining
NEFT-BRINDAVAN GRAND,Food & Dining
Qzine Restaurant,Food & Dining
POS DEBIT KENNY'S,Food & Dining
UPI-CITY BAKES AND CAKES,Food & Dining
Hotel Mushk Darbar PAYMENT,Food & Dining
NEFT-SAI SANTOSH JUICE CENTRE,Food & Dining
sagar bhojanalay,Food & Dining
POS DEBIT TWO GOOD (FOOD | ART | STUDIO),Food & Dining
UPI-AYUR RESTAURANT,Food & Dining
Juniper Terrace PAYMENT,Food & Dining
NEFT-CRYSTAL RESTAURANT,Food & Dining
km sweets,Food & Dining
POS DEBIT CLUB JAYABHERI,Food & Dining
UPI-CLASSIC SANDWICH,Food & Dining
Rahman Chicken Corner PAYMENT,Food & Dining
NEFT-GMB RESTAURANT,Food & Dining
Cafe Azzure New Airport Road,Food & Dining
POS DEBIT DURGA HOT CHIPS,Food & Dining
UPI-SKY GRILL,Food & Dining
prakash sweets PAYMENT,Food & Dining
NEFT-GRILL N CHILL,Food & Dining
Amma Bakery & Restaurant,Food & Dining
POS DEBIT NEW MEENAKSHI COFFEE BAR,Food & Dining
UPI-HOTEL NEW SUPERMARKET,Food & Dining
cochin bakers PAYMENT,Food & Dining
NEFT-SHREE LAXMI BAKERY,Food & Dining
Neleh Nutrition Club,Food & Dining
POS DEBIT QUEENS BAKERY,Food & Dining
UPI-MUNDADANS ROYAL INN,Food & Dining
Matargasti PAYMENT,Food & Dining
NEFT-ST. ARYA BHAVAN,Food & Dining
Dadahayath Peer Mirchi Hotel,Food & Dining
POS DEBIT SPICE MAGIC PLANTATION RESTURANT,Food & Dining
UPI-PAPPA HOT AND COOL,Food & Dining
Over the Flames PAYMENT,Food & Dining
NEFT-SMOKIN HOT PIZZA AND FAST FOOD,Food & Dining
Salkara Restaurant,Food & Dining
POS DEBIT DOGRA DHABA,Food & Dining
UPI-CHAPORA FORT MAGGI POINT,Food & Dining
BEVCO PAYMENT,Food & Dining
NEFT-MUKESH CAFE,Food & Dining
Cafe Loco Moco,Food & Dining
POS DEBIT SRI KAMAKSHI ULTRA DARSHINI,Food & Dining
UPI-FOOD POINT,Food & Dining
Topchen Restaurant PAYMENT,Food & Dining
NEFT-KOI,Food & Dining
Winners Bakery,Food & Dining
POS DEBIT MUTHOOS BAKERY,Food & Dining
UPI-UNITY,Food & Dining
The Chimney Hut PAYMENT,Food & Dining
NEFT-KANNETTAN'S TEA SHOP,Food & Dining
Hangry Eye,Food & Dining
POS DEBIT VENOM BAR,Food & Dining
UPI-KAYAMKULAM BUS STAND CANTEEN,Food & Dining
SHIVAM CAFE PAYMENT,Food & Dining
NEFT-KAKAL KAI RUCHI,Food & Dining
Dining hall,Food & Dining
POS DEBIT MR CAFE,Food & Dining
UPI-ANNAPOORNESHWARI RESTAURANT,Food & Dining
barishta PAYMENT,Food & Dining
NEFT-VIJAYA DURGA FRUIT JUICE & ICE CREAMS,Food & Dining
tasty food,Food & Dining
POS DEBIT SWARNTEERTH RESTAURANT DHABA,Food & Dining
UPI-THE MMA CAFE,Food & Dining
Ruffles Restaurant PAYMENT,Food & Dining
NEFT-CAFE SANMAN,Food & Dining
PATEL HOTEL,Food & Dining
POS DEBIT PJ PIZZA JALAPENIA,Food & Dining
UPI-SRI SUBBU ARADHANA MESS,Food & Dining
Village Bar And Restaurant PAYMENT,Food & Dining
NEFT-SUPREME BAKERS,Food & Dining
The Grill Lab,Food & Dining
POS DEBIT LA AFFFAIR CAFE AND LOUNGE,Food & Dining
UPI-HOTEL GOURI KRISHNA,Food & Dining
Zain hot &cool PAYMENT,Food & Dining
NEFT-KENTUCKEE SEAFOOD RESTAURANT,Food & Dining
Lyancha Bazar 3,Food & Dining
POS DEBIT MIX@36,Food & Dining
UPI-AADISH KITCHEN,Food & Dining
Hello Indore PAYMENT,Food & Dining
NEFT-KR BAKE HOUSE,Food & Dining
Kanari Hotel,Food & Dining
POS DEBIT NORTH KARANATAKA MESS,Food & Dining
UPI-SHREE GANESH GRAND,Food & Dining
Manglam Dhaba PAYMENT,Food & Dining
NEFT-RPM,Food & Dining
North Pullu,Food & Dining
POS DEBIT RANA BAKERY,Food & Dining
UPI-SANGGEL DHABA,Food & Dining
GSR SnacksCatering PAYMENT,Food & Dining
NEFT-ICE & SPICE,Food & Dining
NEW POONA BAKERY,Food & Dining
POS DEBIT YOGI TREE CAFE,Food & Dining
UPI-SABINA,Food & Dining
MAS PAYMENT,Food & Dining
NEFT-VENITE,Food & Dining
Popeye's corner,Food & Dining
POS DEBIT DISTRICT 7 RESTRO CAFE,Food & Dining
UPI-ASHA BAKERY,Food & Dining
Anveet Pure. Veg Restaurant PAYMENT,Food & Dining
NEFT-HOTEL LIYARI,Food & Dining
Miami Day Bakery,Food & Dining
POS DEBIT YUMMY RESTAURANT,Food & Dining
UPI-REWARI SWEET ( LAJWANTI GARDEN) NAGAL RAYA,Food & Dining
Madeena Fast Food PAYMENT,Food & Dining
NEFT-KEERTHI BAKERY,Food & Dining
BEVCO Kerala State,Food & Dining
POS DEBIT LOVELY FAMILY,Food & Dining
UPI-THAAL KITCHEN,Food & Dining
Chaithanya PAYMENT,Food & Dining
NEFT-HIMLALAYAN MONK,Food & Dining
The chainsmokers Cage,Food & Dining
POS DEBIT MADURAI IDLI SHOP,Food & Dining
UPI-NON VEG RESTRAUNT,Food & Dining
Mr. Andhra Meals PAYMENT,Food & Dining
"NEFT-VISHAL NAGAR , ARU RESTAURANT",Food & Dining
LAKSHMI DURGA PAN SHOP,Food & Dining
POS DEBIT BRUFIA,Food & Dining
UPI-PAHELWAN CHAT,Food & Dining
Taran Sagar Restaurant PAYMENT,Food & Dining
NEFT-RAHUL BURGER CENTER,Food & Dining
Abid hotel,Food & Dining
POS DEBIT KOREBI COFFEE,Food & Dining
UPI-VAISHNAVAM,Food & Dining
Saraza PAYMENT,Food & Dining
NEFT-PURAN MOMOS,Food & Dining
Cakes & Bakes,Food & Dining
POS DEBIT TALK OF THE TOWN,Food & Dining
UPI-PINDS OF PUNJAB,Food & Dining
IORA KITCHEN PAYMENT,Food & Dining
NEFT-DEEPIKSHA,Food & Dining
Dui Bhai Hotel,Food & Dining
POS DEBIT MOON LAND RESTAURANT,Food & Dining
UPI-SRI SATHYA BAKERY,Food & Dining
Themis Barbeque House PAYMENT,Food & Dining
NEFT-MANJIL HOTEL,Food & Dining
Shri Lakshmi Darshini,Food & Dining
POS DEBIT COLD COFFEE,Food & Dining
UPI-VARVATHI ELECTRONIC CITY,Food & Dining
Barrel House PAYMENT,Food & Dining
NEFT-ACHAYANTE THATTUKADA,Food & Dining
Brufia Restaurant,Food & Dining
POS DEBIT SRI BASAVESHWARA SUGAR CANE,Food & Dining
UPI-HI TOWN,Food & Dining
Amma's restaurant PAYMENT,Food & Dining
NEFT-SICILY'S,Food & Dining
Vaibhav Village,Food & Dining
POS DEBIT KALA BAHIA,Food & Dining
UPI-SARAH'S BAKERY,Food & Dining
R R Bakery PAYMENT,Food & Dining
NEFT-ANIL'S STORE,Food & Dining
Wrapchik,Food & Dining
POS DEBIT HOTEL BIDISHA,Food & Dining
UPI-SHRI BHOLENATH NASTA CHAT BHANDIR,Food & Dining
Eaters Stop Restaurant 4th Town PAYMENT,Food & Dining
NEFT-SUPER FRIED CHICKEN,Food & Dining
hottl maarvaadd' thaaNvlaa,Food & Dining
POS DEBIT KHALANDARIYA FOOD PALACE,Food & Dining
UPI-AGASTYA,Food & Dining
Fog City PAYMENT,Food & Dining
"NEFT-MARINE UANA CAFE, RESTAURANT",Food & Dining
Aayisha Bakery,Food & Dining
POS DEBIT MUNNAS FAST FOOD,Food & Dining
UPI-THE STONE HOUSE,Food & Dining
The Host PAYMENT,Food & Dining
NEFT-GP MESS,Food & Dining
Bharat,Food & Dining
POS DEBIT OLD MESS/CANT.,Food & Dining
UPI-MAHESH TIFFIN CENTER,Food & Dining
Lekshmi Vanitha Hotel PAYMENT,Food & Dining
NEFT-CHAITANYA FOOD COURT,Food & Dining
Hotel Sivanta Restaurant,Food & Dining
POS DEBIT MUSKAAN BAKERY,Food & Dining
UPI-DRAGON RESTAURANT,Food & Dining
andhra cafe PAYMENT,Food & Dining
NEFT-THE COFFEE TIME,Food & Dining
Masala House,Food & Dining
POS DEBIT AL-BAKE,Food & Dining
UPI-WOW MOMO,Food & Dining
Hotel Ashoka Park Inn PAYMENT,Food & Dining
NEFT-AURA RESTAURANT,Food & Dining
Helen's Cafe,Food & Dining
POS DEBIT HOTEL RADHE KRISHNA PALACE,Food & Dining
UPI-NANHU CHICKEN,Food & Dining
Hotel Amantran PAYMENT,Food & Dining
NEFT-ONE BITE MALOUT,Food & Dining
Mess Hall 14,Food & Dining
POS DEBIT BITES N BEANS,Food & Dining
UPI-ROYAL BAKERY &FOOD CORNER KARINKALLATHANI,Food & Dining
Club India Restaurant PAYMENT,Food & Dining
NEFT-RAJINDER VAISHNAV DHABA,Food & Dining
Ikkas bakery,Food & Dining
POS DEBIT PALDAR RESTAURANT,Food & Dining
UPI-JUICE,Food & Dining
Popeyes famouslouisian chicken PAYMENT,Food & Dining
NEFT-NIRMALA,Food & Dining
Maa Bhawani Hotel,Food & Dining
POS DEBIT DEPARTMENT STORE,Food & Dining
UPI-NATTINPURAM RESTAURANT,Food & Dining
Coffee House - Family Restaurant PAYMENT,Food & Dining
NEFT-LA-JAWAB,Food & Dining
Cafe Imbibe,Food & Dining
POS DEBIT MEERU'S GRILL,Food & Dining
UPI-SAND EST RESTAURANT,Food & Dining
Tastings PAYMENT,Food & Dining
NEFT-INDIISKAIA ZABEGALOVKA,Food & Dining
Zion Food Corner,Food & Dining
POS DEBIT SAFA CAFE,Food & Dining
UPI-SPICE IT UP,Food & Dining
hospital restaurant PAYMENT,Food & Dining
NEFT-EVERYDAY BAKES,Food & Dining
aarya samrat,Food & Dining
POS DEBIT GR8 CAFE,Food & Dining
UPI-THALAIRAJ BIRYANI,Food & Dining
sindhi hotal PAYMENT,Food & Dining
NEFT-BARBECUE HUTS,Food & Dining
Eat Street,Food & Dining
POS DEBIT UZAIR TEA STALL,Food & Dining
UPI-THREE QUARTER CHINESE,Food & Dining
Woodlands PAYMENT,Food & Dining
NEFT-KAILAS MISAL,Food & Dining
French delight,Food & Dining
POS DEBIT GENERAL STORES,Food & Dining
UPI-HOTEL NEW PRESIDENT,Food & Dining
vijaya tea shop PAYMENT,Food & Dining
NEFT-ARYA TIFFINS,Food & Dining
Manikanda Vilas,Food & Dining
POS DEBIT NANDHUJA BAKES,Food & Dining
UPI-MEENAKSHY HOTEL,Food & Dining
Island view PAYMENT,Food & Dining
NEFT-SHANKAR KE MASHOOR CHHOLE KULCHE,Food & Dining
D Damodar,Food & Dining
POS DEBIT IYER IDLY,Food & Dining
UPI-PAALIMAR RESTAURANT,Food & Dining
Tree House Cafe & Restro PAYMENT,Food & Dining
NEFT-AROMA CAFE,Food & Dining
Hotel highway king,Food & Dining
POS DEBIT ELAKKAI(EELKKAAY),Food & Dining
UPI-AJ BAKERS,Food & Dining
MNM jain canteen- men PAYMENT,Food & Dining
NEFT-KADAMBA,Food & Dining
Chowmin,Food & Dining
POS DEBIT TRUBREW CAFE,Food & Dining
UPI-BURGER DUDE,Food & Dining
New Darbar PAYMENT,Food & Dining
NEFT-BEER BAR,Food & Dining
Cinnamon Kitchen,Food & Dining
POS DEBIT PARANTHA POINT,Food & Dining
UPI-NEW ERA BAKERY,Food & Dining
Blue Planet Cafe PAYMENT,Food & Dining
NEFT-RAYDAN,Food & Dining
Adora Bakery Hotel & Catering,Food & Dining
POS DEBIT CHETNA GARDEN RESTAURANT,Food & Dining
UPI-HARSHA,Food & Dining
Ratna Park PAYMENT,Food & Dining
NEFT-PONNUS BAKERY,Food & Dining
Fruitilicious,Food & Dining
POS DEBIT SHAWARMA CORNER,Food & Dining
UPI-PLANET GOA,Food & Dining
RaRaavis PAYMENT,Food & Dining
NEFT-ABHISHEK VEG,Food & Dining
Empire Stores,Food & Dining
POS DEBIT NIKKI BAKERY,Food & Dining
UPI-ORILLA,Food & Dining
Pandit Sitaram PAYMENT,Food & Dining
NEFT-PIZZOPHILE,Food & Dining
KEERTHY VEGETARIAN HOTEL,Food & Dining
POS DEBIT CAFE 64,Food & Dining
UPI-YOU STORY,Food & Dining
hoNttel dhngrvaaddaa PAYMENT,Food & Dining
NEFT-GRAND PAVILION,Food & Dining
Prince Dhaba,Food & Dining
POS DEBIT LEKSHMI BAKERY,Food & Dining
UPI-CAFE WOODLANDS,Food & Dining
Cloud Valley Cafe PAYMENT,Food & Dining
NEFT-KEBAB KINGS,Food & Dining
"Periyar Bakers, Madeena Fruits and Coolbar",Food & Dining
POS DEBIT SIDDHARATH MESS,Food & Dining
UPI-VANITHA HOTEL-NADAN MEALS WITH FISH CURRY,Food & Dining
New Sawji PAYMENT,Food & Dining
NEFT-BRIJWASI RESTAURANT AND DHABA,Food & Dining
Freddo Cakes & Cafe,Food & Dining
POS DEBIT SUBASH CHANDRA BOSE,Food & Dining
UPI-WOODHOUSE CAFE,Food & Dining
Naseeb Dhaba PAYMENT,Food & Dining
NEFT-BOULANGERIE ART CAFE,Food & Dining
Vanani Bar and Restaurant,Food & Dining
POS DEBIT RAISSA'S SHEESH MAHAL LOUNGE,Food & Dining
UPI-THE DHABBA PROJECT,Food & Dining
Swaraj Garden Restaurant PAYMENT,Food & Dining
NEFT-QUICK BITES,Food & Dining
Jonelk Bakery,Food & Dining
POS DEBIT CUPPA CAFE,Food & Dining
UPI-MINI THAYMAL,Food & Dining
Thomson Bakery PAYMENT,Food & Dining
NEFT-FATHIMA HOTEL AND SWEET HOUSE,Food & Dining
Saliha Bakery,Food & Dining
POS DEBIT COOKIES BAKERS,Food & Dining
UPI-JAIN CHAI,Food & Dining
Shikarwar Snacks and Foods PAYMENT,Food & Dining
NEFT-SAVERA,Food & Dining
MRP Wine Shop,Food & Dining
POS DEBIT SHAKE SQUARE,Food & Dining
UPI-PODI AND SPICE,Food & Dining
Madurai Jigarthanda PAYMENT,Food & Dining
NEFT-AL BAIK,Food & Dining
Shree Sai Krupa Fast Food,Food & Dining
POS DEBIT FORT QUEEN BAR,Food & Dining
UPI-THE MUSAFIR COWORKING CAFE,Food & Dining
Sri Horanadu Cafe PAYMENT,Food & Dining
NEFT-OM SAI RATNA,Food & Dining
Cafe Coffee @ MC Road,Food & Dining
POS DEBIT RJ'S COFEE SHOP,Food & Dining
UPI-DINING HALL 3,Food & Dining
Sidra food court PAYMENT,Food & Dining
NEFT-SRI RAGHAVENDRA HOTEL,Food & Dining
Sudheer Food Court,Food & Dining
POS DEBIT PEPPER STEPPERS,Food & Dining
UPI-ANSANIA,Food & Dining
Natural Lake View PAYMENT,Food & Dining
NEFT-PUTHUMANA BAKERY,Food & Dining
SASTRA Canteen,Food & Dining
POS DEBIT KAARA BY LAKE,Food & Dining
UPI-BACKERY,Food & Dining
Watsons PAYMENT,Food & Dining
NEFT-HOTEL SONA HOMELY FOOD,Food & Dining
Hotel Arihant,Food & Dining
POS DEBIT CM BAKERS,Food & Dining
UPI-HOTEL AKSHAYA BHAVAN,Food & Dining
Brown cafe PAYMENT,Food & Dining
NEFT-THALAPPARAYIL BAKERY,Food & Dining
Chill Out Restaurant,Food & Dining
POS DEBIT MONICO'S,Food & Dining
UPI-NAVTARA PURE VEG RESTAURANT - PANJIM,Food & Dining
Hum Tum Cafe PAYMENT,Food & Dining
NEFT-KGN BIRIYANI POINT,Food & Dining
Hotel Shibu,Food & Dining
POS DEBIT COFFEE NAA TEA NAA,Food & Dining
UPI-CHOWPATY,Food & Dining
The Olive Room PAYMENT,Food & Dining
NEFT-CHANDA FOODS,Food & Dining
Ice and Spice,Food & Dining
POS DEBIT HOTEL NEW SAURASHTRA,Food & Dining
UPI-CELLAR,Food & Dining
Massala King PAYMENT,Food & Dining
NEFT-LAXMI VEG RESTAURANT,Food & Dining
Terminal food court,Food & Dining
POS DEBIT TOPMIE SWEET BAR,Food & Dining
UPI-BASKIN ROBINS,Food & Dining
bakery and coolbar PAYMENT,Food & Dining
NEFT-HOT MOMOS,Food & Dining
Akshaya hotel,Food & Dining
POS DEBIT N.H FAST FOOD,Food & Dining
UPI-AVANTHI UDIPI HOTEL;AVANTHI HOTEL,Food & Dining
Pappa Food Club PAYMENT,Food & Dining
NEFT-SPICE KRAFT,Food & Dining
Dadi Key Rasoi,Food & Dining
POS DEBIT RAJ CHINESE CORNER,Food & Dining
UPI-NEW CHEF CORNER BAKERY,Food & Dining
Evara PAYMENT,Food & Dining
NEFT-UDUPI FOOD PARK,Food & Dining
Dahi Wada (Temporary),Food & Dining
POS DEBIT DAS HOTEL RESTAURANT,Food & Dining
UPI-COFFEESHOP,Food & Dining
Annapurna homely food PAYMENT,Food & Dining
NEFT-CHINESE HUT,Food & Dining
Maa Durga Hotel,Food & Dining
POS DEBIT NEW BANGALORE IYENGER BAKERY,Food & Dining
UPI-LOLLOROSO,Food & Dining
Jungle Fiesta PAYMENT,Food & Dining
"NEFT-TASTE OF TAMIL, VERY GOOD!",Food & Dining
Hotel Rajesh,Food & Dining
POS DEBIT SRI KRISHNA DOSA CENTER,Food & Dining
UPI-KHALIFA READY MEALS,Food & Dining
Shinde Chowpatty PAYMENT,Food & Dining
NEFT-MUKUNDA IYENGAR BAKERY,Food & Dining
Rakhi Keralan,Food & Dining
POS DEBIT CHETTY'S CORNER,Food & Dining
UPI-CAKES AND BAKES,Food & Dining
Cloud 9 Bakers PAYMENT,Food & Dining
NEFT-HIGHLAND NONVEG,Food & Dining
North Wind,Food & Dining
POS DEBIT SHREYA FOOD COURT,Food & Dining
UPI-S. K. RESTURANT,Food & Dining
Hotel Lucky Star PAYMENT,Food & Dining
NEFT-KALAVAPILLI BAKERS,Food & Dining
Therapy,Food & Dining
POS DEBIT KAMAT VIHAR,Food & Dining
UPI-SHARDA BHAVAN,Food & Dining
Sharada Restaurant PAYMENT,Food & Dining
NEFT-SAMSON BAKERS,Food & Dining
vr restaurant,Food & Dining
POS DEBIT K.V. RESTAURANT,Food & Dining
UPI-ACAKE WORLD BAKERY AND RESTURANT,Food & Dining
Sri balaji sweets & bakery PAYMENT,Food & Dining
NEFT-LA GIOIA,Food & Dining
Habeebi Bakery,Food & Dining
POS DEBIT CASAMIA ARABIAN,Food & Dining
UPI-THE DEEPRUPA RESTAURANT,Food & Dining
Sandesh The Prince PAYMENT,Food & Dining
NEFT-BUNU RESTAURANT,Food & Dining
Park View,Food & Dining
POS DEBIT ALSLAM CHICKEN,Food & Dining
UPI-SUPER DUBA RAGGI DOSA,Food & Dining
Malabar Variety Tasty Co- op Restaurant PAYMENT,Food & Dining
NEFT-PRABHUDEV RESTAURANT,Food & Dining
Hotel Boulevard,Food & Dining
POS DEBIT KAILASHA CAFE,Food & Dining
UPI-MR. SANDERS ISLAND,Food & Dining
Shree Manjunath PAYMENT,Food & Dining
NEFT-HARI PRASAATH,Food & Dining
Central Bar,Food & Dining
POS DEBIT ALEKHA,Food & Dining
UPI-PIZZA HOUSE FAMILY RESTAURANT,Food & Dining
Naga Cottages PAYMENT,Food & Dining
NEFT-REPOSE,Food & Dining
Muruka Hotel,Food & Dining
POS DEBIT PRAKASH LOK,Food & Dining
UPI-M B R BAKERY,Food & Dining
rock on bar restaurant PAYMENT,Food & Dining
NEFT-ST. ANTONY BAKERY & COOL BAR,Food & Dining
vismaya,Food & Dining
POS DEBIT CARVAAN CAFE & RESTAURANT,Food & Dining
UPI-KF-DONAZ HUT,Food & Dining
Saran fast food PAYMENT,Food & Dining
NEFT-INDICO'S TEA HOUSE,Food & Dining
Tony Store,Food & Dining
POS DEBIT AL-DIJAAJ,Food & Dining
UPI-TRILOKAS CAMPZONE,Food & Dining
Cream Craver PAYMENT,Food & Dining
NEFT-KAYALVARATHU,Food & Dining
Shri Rajasthani Dhaba,Food & Dining
POS DEBIT HAYATT,Food & Dining
UPI-THE KOI,Food & Dining
Thrissur bakery PAYMENT,Food & Dining
NEFT-TURNING POINT TIFFIN CENTRE,Food & Dining
New Spr Hotel,Food & Dining
POS DEBIT CHEFD MUTTON BIRYANI,Food & Dining
UPI-HOTEL SHAGUN,Food & Dining
"rainbow cake,hot or cold PAYMENT",Food & Dining
NEFT-COCKTAIL JUICE CORNER,Food & Dining
Hotel Sri Sairam,Food & Dining
POS DEBIT DEYAR CAFE & CO,Food & Dining
UPI-CHIN CHIN,Food & Dining
Orange Restaurant Cool Bars PAYMENT,Food & Dining
NEFT-ITC KOHENUR,Food & Dining
Hotel Persis Paradise,Food & Dining
POS DEBIT JACK FRUIT BAKERY,Food & Dining
UPI-CITY SPICY DOSA FACTORY,Food & Dining
The Secret Wonders PAYMENT,Food & Dining
NEFT-SELECT BAKERY AND STORES,Food & Dining
V. P. Bakery,Food & Dining
POS DEBIT SHIV SAGAR,Food & Dining
UPI-FAMOUS RESTAURANT,Food & Dining
The Hunger Games PAYMENT,Food & Dining
NEFT-LE CAFE,Food & Dining
Biju's Restaurant,Food & Dining
POS DEBIT SRI KRISHNA UPAHAR,Food & Dining
UPI-NAGORI IRANI CHAI,Food & Dining
Gavi Shree PAYMENT,Food & Dining
NEFT-CHERRY BAKERY,Food & Dining
Chappathi Point,Food & Dining
POS DEBIT SWEET MAHAL,Food & Dining
UPI-TURKISH CORMET,Food & Dining
French Empire PAYMENT,Food & Dining
NEFT-RAJASTHAN RESTAURANT,Food & Dining
Pournami,Food & Dining
POS DEBIT RAMU TIFFIN CENTER,Food & Dining
UPI-DWARKADHISH DHABA,Food & Dining
Tea N Tiffin Cafe PAYMENT,Food & Dining
NEFT-FOOD GARAGE DRIVE IN,Food & Dining
Chai Stories,Food & Dining
POS DEBIT VEG DHABA,Food & Dining
UPI-WOW BIRYANI,Food & Dining
Sri Sai Cafe PAYMENT,Food & Dining
NEFT-ABY BAKERS,Food & Dining
Litti Chokha corner,Food & Dining
POS DEBIT CAFIESTA | TEA AND COFFEE SHOP IN HALDUCHAUR,Food & Dining
UPI-CAKE ROIS,Food & Dining
Cho Cafe PAYMENT,Food & Dining
NEFT-GREEN FIELD GARDEN,Food & Dining
Malnad Mane Family Restaurant,Food & Dining
POS DEBIT COOLPOINT BAKERY,Food & Dining
UPI-EAT IN THE STREET,Food & Dining
Harsh Fast Food - Best Fast Food Cafe in Dwarka Gujarat PAYMENT,Food & Dining
NEFT-BRIJ VASI,Food & Dining
Thr Punjab - barbeque and Grill,Food & Dining
POS DEBIT SARA BAKERY,Food & Dining
UPI-RAGAM CHIPS,Food & Dining
Parashakthi Hotel PAYMENT,Food & Dining
NEFT-COFFE SHOP,Food & Dining
Delhi Faizan Muradabadi Biriyani,Food & Dining
POS DEBIT VENUS HOTEL,Food & Dining
UPI-HYDERABADI SPICE,Food & Dining
Bikaner Sweets & Restaurant PAYMENT,Food & Dining
NEFT-BLUE FOX,Food & Dining
Deepasree Janakeeya Hotel,Food & Dining
POS DEBIT HOTEL VENUS,Food & Dining
UPI-MTURAAS TOOCAI KMPENNNI,Food & Dining
Chick Bun's PAYMENT,Food & Dining
NEFT-HOTEL LATHA,Food & Dining
Combines Shoppe,Food & Dining
POS DEBIT POUSHTIKA,Food & Dining
UPI-SHARADWADI MISAL,Food & Dining
Ottaipanai tea shop PAYMENT,Food & Dining
NEFT-SRI LAXMI CHAT BANDAR,Food & Dining
Western Bakery,Food & Dining
POS DEBIT STRINGS CAFE AND BISTRO,Food & Dining
UPI-SWARTHY HOTEL,Food & Dining
Amrik Saini Poori Wala PAYMENT,Food & Dining
NEFT-CHANG SU,Food & Dining
Novel bakery,Food & Dining
POS DEBIT GOLDEN SHALIMAR FOOD PRODUCT,Food & Dining
UPI-AL-BEK,Food & Dining
The Little French Home PAYMENT,Food & Dining
NEFT-VINDHU,Food & Dining
Vista Dine,Food & Dining
POS DEBIT CAFE SUTLEJ,Food & Dining
UPI-CRAVEAT,Food & Dining
S. N. phaastt phudd PAYMENT,Food & Dining
NEFT-KHAANDESHII,Food & Dining
Faasos,Food & Dining
POS DEBIT V H AVIL MILK,Food & Dining
UPI-FLAKES BAKERY,Food & Dining
Noorgiri Restaurant & Rooms PAYMENT,Food & Dining
NEFT-FOOD CHOICE HOTEL,Food & Dining
Bohemian,Food & Dining
POS DEBIT PAULOS ANTIQUE BAR,Food & Dining
UPI-KOHINNOR BAKERS,Food & Dining
Alam muradibadi resturant PAYMENT,Food & Dining
NEFT-CHARLYS JUICE CORNER,Food & Dining
Eggspert,Food & Dining
POS DEBIT HOTEL SPICE GARDEN,Food & Dining
UPI-STREAT CAFE,Food & Dining
Hotel Parichay PAYMENT,Food & Dining
NEFT-K.AMMAJI,Food & Dining
Mess - 2,Food & Dining
POS DEBIT HALL 5 MESS,Food & Dining
UPI-SURYA FAST FOOD,Food & Dining
Wens Den PAYMENT,Food & Dining
NEFT-AARADHANA BAKES AND CAKES,Food & Dining
Backyard Burgers and Grill,Food & Dining
POS DEBIT ZAITHUN RESTAURANT,Food & Dining
UPI-GANGOTREE,Food & Dining
M.F.C PAYMENT,Food & Dining
NEFT-BAKER'S BAY,Food & Dining
vamshee international,Food & Dining
POS DEBIT YADAV CHAAT CENTRE,Food & Dining
UPI-O CAFE,Food & Dining
New Delux Bakery PAYMENT,Food & Dining
NEFT-NEENDAKARA POST OFFICE,Government & Legal
Tharish Post Office,Government & Legal
POS DEBIT LITAN POLICE STATION,Government & Legal
UPI-KUMARDUNGI POLICE STATION.,Government & Legal
Office Of The City Police Commissioner PAYMENT,Government & Legal
NEFT-INDIA POST KOTTAKKAL,Government & Legal
Guard blocking entry to Graham school,Government & Legal
POS DEBIT POLICE STATION - TEJAJI NAGAR,Government & Legal
UPI-THANDURAI SUB POST OFFICE,Government & Legal
NCL Post Office PAYMENT,Government & Legal
NEFT-OLD DIGHA POLICE STATION,Government & Legal
Kharagpur Post Ofice,Government & Legal
POS DEBIT DCP BANGALORE NORTH TRAFFIC POLICE,Government & Legal
UPI-VILLIANUR POLICE STATION,Government & Legal
Government Office PAYMENT,Government & Legal
NEFT-GURUVAYUR POST OFFICE,Government & Legal
Visakhapatnam Central Jail,Government & Legal
"POS DEBIT FIRE STATION, NORTH PARAVUR",Government & Legal
UPI-CHAMOLI DISTRICT JAIL,Government & Legal
Post Office 603104 PAYMENT,Government & Legal
NEFT-FURSUNGI POST OFFICE,Government & Legal
"Fire and Rescue Station, Kannur Airport 1",Government & Legal
POS DEBIT BOMMANAHALLI,Government & Legal
"UPI-POSTOFFICE ,MYLACOMB",Government & Legal
Kaipuzha Post Office PAYMENT,Government & Legal
"NEFT-POLICE STATION, PUNNAPRA",Government & Legal
Police Station Sadder,Government & Legal
POS DEBIT DOMCHANCH POST AND TELEGRAPH OFFICE,Government & Legal
"UPI-POLICE STATION , PUTHENCRUZ",Government & Legal
"Police Station, Mattannur PAYMENT",Government & Legal
NEFT-CENNII MEN JAAPAAN KE VAANNIJY DUUTAAVAAS J,Government & Legal
Keshiya Post Office,Government & Legal
POS DEBIT CHITTIVALASA FIRE STATION,Government & Legal
UPI-CHITTATTUKARA POST OFFICE,Government & Legal
Jharkhand Fire Services HQ PAYMENT,Government & Legal
NEFT-KHEJROLI POST OFFICE,Government & Legal
Industrial Estate Post office,Government & Legal
POS DEBIT NAVAL POLICE STATION,Government & Legal
UPI-NAZARETH HILL POST OFFICE,Government & Legal
Post Office Omalloor PAYMENT,Government & Legal
NEFT-KORAMANGALA POST OFFICE,Government & Legal
Alipiri Police Station,Government & Legal
POS DEBIT RAMANTHALI POST OFFICE,Government & Legal
UPI-PUTHUKKULAM POST OFFICE,Government & Legal
"Police Station, Pathanapuram PAYMENT",Government & Legal
NEFT-POLICE STATION CHANDIMANDIR,Government & Legal
Gujarat Police Station,Government & Legal
"POS DEBIT POST OFFICE,KAMUKUMCHERY - PIRAVANTHOOR RD, KAMUKUMCHERY, KERALA 689696, INDIA",Government & Legal
UPI-IRUMBUZHI POST OFFICE,Government & Legal
Reckong Peo PAYMENT,Government & Legal
NEFT-DHENKANAL HEAD POST OFFICE,Government & Legal
Bandra East Post office,Government & Legal
POS DEBIT CHERPU COMMUNITY HALL,Government & Legal
UPI-KORUTLA POLICE STATION,Government & Legal
Gandevi Court PAYMENT,Government & Legal
NEFT-POST OFFICE CHELAKKARA - ELANAD RD,Government & Legal
Kairali Jn,Government & Legal
POS DEBIT CHILD JAIL,Government & Legal
UPI-CHANDIPUR POLICE STATION,Government & Legal
Court Complex PAYMENT,Government & Legal
NEFT-CHIRAKKADAVU GRAMAPANCHAYAT TOWN HALL,Government & Legal
"Post Office, Vengeri",Government & Legal
POS DEBIT CUBBON PARK TRAFFIC POLICE STATION,Government & Legal
UPI-SUB-DIVISIONAL COURT,Government & Legal
Mariyathuruthu Post Office PAYMENT,Government & Legal
NEFT-NEW RAJASTHAN HIGH COURT,Government & Legal
Teppada Begur Post Office,Government & Legal
POS DEBIT HANUMANGANJ THANA,Government & Legal
"UPI-POLICE STATION, ENATHU",Government & Legal
Post Office Kattemalalawadi PAYMENT,Government & Legal
NEFT-RAPAR PADABEKAD POST OFFICE,Government & Legal
Tiruchirappalli Sub Jail,Government & Legal
POS DEBIT POST OFFICE FATEH KADAL,Government & Legal
UPI-BAVDHANDHAN POLICE STATION,Government & Legal
Jamaliya Madrassa Hall PAYMENT,Government & Legal
NEFT-DHAROOR POLICE STATION,Government & Legal
Court of Sub- Divisional Megistrate,Government & Legal
POS DEBIT C3 SEVEN WELLS POLICE STATION,Government & Legal
UPI-THALAGHATTAPURA SUB POST OFFICE,Government & Legal
Police Station Kaduthuruthy PAYMENT,Government & Legal
NEFT-THANA KATHGODAM,Government & Legal
Tisaiyanvillai Police Station,Government & Legal
POS DEBIT VARIKOLI POST OFFICE,Government & Legal
"UPI-POLICE STATION, TUMUSINGHA",Government & Legal
Nagaland Police PAYMENT,Government & Legal
NEFT-MANIKHAMB FIRE STATION,Government & Legal
Police Post Sherpur,Government & Legal
POS DEBIT PATIALA HOUSE COURT,Government & Legal
UPI-KADACHIRA POST OFFICE,Government & Legal
Kothavalsa Police Station PAYMENT,Government & Legal
NEFT-AQUEM POST OFFICE,Government & Legal
Mohanpur,Government & Legal
POS DEBIT PUZHAKKAL POSTOFFICE,Government & Legal
UPI-ELAMKADU POST OFFICE,Government & Legal
"Post Office, Aruvithara PAYMENT",Government & Legal
NEFT-POLICE RES. COLONY,Government & Legal
Main,Government & Legal
POS DEBIT MARRAIGE HALL,Government & Legal
"UPI-POLICE STATION, MANIMALA",Government & Legal
Athagarh Jail PAYMENT,Government & Legal
NEFT-NARAYANPUR POST OFFICE,Government & Legal
IG Office,Government & Legal
POS DEBIT POLICE STN (SEC-40),Government & Legal
UPI-SALIGRAM POST OFFICE,Government & Legal
Govandi Police station PAYMENT,Government & Legal
"NEFT-POLICE STATION, GADIGUDA",Government & Legal
Alapad Post Office,Government & Legal
POS DEBIT TANGASSERI POST OFFICE,Government & Legal
UPI-INDIAN POST OFFICE,Government & Legal
Davanagere Traffic Police Station PAYMENT,Government & Legal
NEFT-OTHERA POST OFFICE,Government & Legal
Police Madat Kendra,Government & Legal
POS DEBIT MANAPPALLY POLICE AID POST,Government & Legal
UPI-TATTAPANI POST OFFICE,Government & Legal
Police Station Devsar PAYMENT,Government & Legal
"NEFT-FIRE STATION, PIPARIYA",Government & Legal
BHEL Post Office,Government & Legal
POS DEBIT DODDATHOTA SUB POST OFFICE,Government & Legal
UPI-POST OFFICE KAITHARAM,Government & Legal
"Post Office, Thalayolaparambu PAYMENT",Government & Legal
NEFT-GANESHGIRI SUB POST OFFICE,Government & Legal
Nowshera Post Office,Government & Legal
"POS DEBIT POLICE STATION, KEEZHVAIPUR",Government & Legal
UPI-JARIPATKA POLICE STATION,Government & Legal
Additional District & Sessions Court PAYMENT,Government & Legal
NEFT-POSTAL STORE DEPOT ( PDS ),Government & Legal
Hare Police Station,Government & Legal
POS DEBIT THRISSUR R S POST OFFICE,Government & Legal
UPI-DAKSHIN DINAJPUR POLICE LINES,Government & Legal
"Post office , Naduvannur PAYMENT",Government & Legal
NEFT-KAILASH COLONY MARKET INTEGRATED FACILITATION BOOTH,Government & Legal
Gokuldham Police Station,Government & Legal
POS DEBIT HEAD POST OFFICE,Government & Legal
UPI-ZILLA PANCHAYAT OFFICE,Government & Legal
Tattamangalam South Post Office PAYMENT,Government & Legal
NEFT-INDIAN POST PAYYANNUR RS,Government & Legal
Akluj Polic Station,Government & Legal
POS DEBIT POST OFFICE ELAMKULAM,Government & Legal
UPI-POLICE CHOWKI CHOWK,Government & Legal
police vehicle parking PAYMENT,Government & Legal
NEFT-KANJIRAMPARA POST OFFICE,Government & Legal
Borivali Firestation,Government & Legal
POS DEBIT RUPNAGAR DISTRICT PRISON,Government & Legal
UPI-ANUVIJAY TOWNSHIP SUB POST OFFICE,Government & Legal
Vidyanagar Post Office PAYMENT,Government & Legal
NEFT-MINOR JAIL,Government & Legal
Mattanur sub post office,Government & Legal
POS DEBIT VETTOM ALISHERI,Government & Legal
UPI-POST OFFICE VELLIKULAM,Government & Legal
Speed Post PAYMENT,Government & Legal
NEFT-ARAKANDANALLUR POLICE STATION,Government & Legal
judicial first class magistrate,Government & Legal
"POS DEBIT POST OFFICE, VAZHAKULAM",Government & Legal
UPI-TAARKESHBR AGNINIRBAAPN PRISSEBAA KEN,Government & Legal
District Court Morena PAYMENT,Government & Legal
NEFT-MAIRIE OF KENEDI,Government & Legal
"Post office, Sristha",Government & Legal
"POS DEBIT POLICE STATION,POOYAPPALLY",Government & Legal
UPI-SITARGANJ JAIL,Government & Legal
Sindhurgnagari Police Station PAYMENT,Government & Legal
NEFT-WADI POLICE STATION,Government & Legal
Mavoor,Government & Legal
POS DEBIT MUNICIPAL SILVER JUBILEE TOWN HALL,Government & Legal
UPI-JUHU POLICE STATION,Government & Legal
Reportingg Police Chawki Julikote PAYMENT,Government & Legal
NEFT-SRINAGAR CENTRAL JAIL,Government & Legal
Greater Visakhapatnam Municipal Corporation,Government & Legal
POS DEBIT HAILAKANDI POST OFFICE,Government & Legal
UPI-OLD POLICE STATION,Government & Legal
Vyloppilli Samskrithi Bhavan PAYMENT,Government & Legal
NEFT-TIS HAZARI COURTS COMPLEX,Government & Legal
POST OFFICE NAHAN,Government & Legal
POS DEBIT POST OFFICE KUMARANELLOOR,Government & Legal
"UPI-POLICE STATION,PANANGAD",Government & Legal
Ujire Post Office PAYMENT,Government & Legal
NEFT-HENNUR TRAFFIC POLICE STATION,Government & Legal
Madikeri Palace,Government & Legal
"POS DEBIT INDUSTRIAL TRIBUNAL, ESI COURT AND COMMISSIONER EMPLOYEES COMPENSATION",Government & Legal
UPI-MAHE POLICE STATION,Government & Legal
Collectorate PAYMENT,Government & Legal
NEFT-MONU PROPERTY AGENT,Government & Legal
"Janamythri Police Station, Palarivattom",Government & Legal
POS DEBIT RENAPUR NAKA POLICE CHOWKI,Government & Legal
UPI-CENTAIL JAIL,Government & Legal
"Post Office, Kunnamangalam PAYMENT",Government & Legal
NEFT-RAJASTANI SANSKRUTIK MANDAL,Government & Legal
Zakiganj Court,Government & Legal
POS DEBIT ARUMUGANERI POST OFFICE,Government & Legal
UPI-C3 APPAN THIRUPPATHI POLICE STATION,Government & Legal
Post Office Shakti Nagar PAYMENT,Government & Legal
NEFT-MATELI POLICE STATION,Government & Legal
"Indian Post Office, Cherunniyoor",Government & Legal
POS DEBIT LONIKAND POLICE STATION,Government & Legal
UPI-KUZHIMATHIKADU,Government & Legal
Theppupara Post Office PAYMENT,Government & Legal
NEFT-POLICE HEAD QUARTERS,Government & Legal
Palakkad Head Post Office,Government & Legal
POS DEBIT AWANTIPORA POLICE STATION,Government & Legal
UPI-SP OFFICE,Government & Legal
District Court Sikar PAYMENT,Government & Legal
NEFT-D6 POLICE STATION,Government & Legal
Kayyur Post Office,Government & Legal
POS DEBIT TANUKU TOWN SUB POST OFFICE,Government & Legal
UPI-CHEMBRASSERI POST OFFICE,Government & Legal
Rajahmundry central jail PAYMENT,Government & Legal
NEFT-RABINDRANAGAR SO,Government & Legal
Konchady Sub Post Office,Government & Legal
POS DEBIT SHAMSHAN GHAT ARNETU,Government & Legal
"UPI-POST OFFICE,ELAMPAL - NARIKKAL RD, ELAMPAL, VILAKKUDY, KERALA 691322, INDIA",Government & Legal
"Police Station, Pampady PAYMENT",Government & Legal
NEFT-ADYAR POST OFFICE,Government & Legal
AN College Police Station,Government & Legal
POS DEBIT DELHIVERY COURIER PVT. LTD.,Government & Legal
UPI-JB NAGAR POST OFFICE,Government & Legal
Gandhinagara Post Office PAYMENT,Government & Legal
"NEFT-POLICE STATION, CHENGANNOOR",Government & Legal
Thiruvalla Post office,Government & Legal
POS DEBIT HUBLI HEAD POST OFFICE,Government & Legal
UPI-WOMEN'S PO,Government & Legal
Irumbakachola Post Office PAYMENT,Government & Legal
"NEFT-BORDER, NO ACCES FOR FOREIGNERS",Government & Legal
Parasuvaikkal Post Office,Government & Legal
POS DEBIT RAILWAY PROTECTION FORCE OFFICE,Government & Legal
UPI-COMMUNIDADE DE PILERNE,Government & Legal
India Post Khatima PAYMENT,Government & Legal
NEFT-VIJAYANAGARA POLICE STATION,Government & Legal
VSS Nagar Sub Post Office,Government & Legal
POS DEBIT JEEVAN BHEEMA NAGAR,Government & Legal
UPI-MANOJ PARK,Government & Legal
"Post Office, Uppukandam PAYMENT",Government & Legal
"NEFT-POST OFFICE, WEST HILL",Government & Legal
Municipal Corporation,Government & Legal
POS DEBIT THRIKKARIPPUR SOUTH,Government & Legal
UPI-C2 ELEPHANT GATE POLICE STATION,Government & Legal
Vazhichal Post Office PAYMENT,Government & Legal
NEFT-DELHI TOWN HALL,Government & Legal
Khed Police Station,Government & Legal
POS DEBIT J&K POLICE STATION HOUSING COLONY BEMINA,Government & Legal
UPI-TEMBHIPADA POLICE CHOWKI,Government & Legal
Police Station Banbasa PAYMENT,Government & Legal
NEFT-INDIA POST LEH HEAD OFFICE,Government & Legal
Vemom Branch Post Office,Government & Legal
POS DEBIT KALLLUMALA,Government & Legal
UPI-KUNDURKUNNU POST OFFICE,Government & Legal
kavassery post office PAYMENT,Government & Legal
NEFT-KACHIGUDA TRAFFIC POLICE STATION,Government & Legal
Jayanagar 4th Block Post Office,Government & Legal
POS DEBIT OAKLAND POST OFFICE,Government & Legal
UPI-POST OFFICE PANAYANNARKAVU,Government & Legal
Tilakwadi Police Station PAYMENT,Government & Legal
NEFT-CHANGAMPUZHA NAGAR POST OFFICE,Government & Legal
Thekkpara Post Office,Government & Legal
POS DEBIT POST OFFICE MANNARAKULANJI,Government & Legal
UPI-CHUTIA POLICE STATION.,Government & Legal
"Office Of The Deputy Superintendent Of Police, Kanjirappally PAYMENT",Government & Legal
"NEFT-OFFICE OF THE SUPERINTENDENT OF POLICE, NADIA",Government & Legal
Chapoli,Government & Legal
POS DEBIT SALEM CENTRAL JAIL,Government & Legal
UPI-HAL POSTOFFICE,Government & Legal
Government of J&K anti Coreuption Bureau Headquarters PAYMENT,Government & Legal
"NEFT-POST OFFICE, TUMSOGE",Government & Legal
POST OFFICE Government office,Government & Legal
"POS DEBIT POLICE STATION, PADAGIRI",Government & Legal
UPI-SANJAYANAGAR POLICE STATION,Government & Legal
Kalyani Subsidiary Correctional Home PAYMENT,Government & Legal
NEFT-CHURCHGATE POST OFICE,Government & Legal
Bajaj Nagar Police Station,Government & Legal
POS DEBIT RAYAVARAM POST OFFICE,Government & Legal
"UPI-POLICE STATION, CHEVAYUR",Government & Legal
Feroke Post Office PAYMENT,Government & Legal
NEFT-SREEKRISHNAPURAM POLICE STATION,Government & Legal
Chemmannur Post Office,Government & Legal
POS DEBIT OLASSERY POST OFFICE,Government & Legal
UPI-VASANT VIHAR SUB-POST OFFICE,Government & Legal
Pancode PAYMENT,Government & Legal
NEFT-KANATTUKARA POSTOFFICE,Government & Legal
Police Station Parimpora,Government & Legal
POS DEBIT SRI NAGAR COLONY POST OFFICE,Government & Legal
UPI-KALYANCHAK POST OFFICE,Government & Legal
Post Office Kottali PAYMENT,Government & Legal
NEFT-CHERUKURI HALL,Government & Legal
Anmlai Post Office,Government & Legal
"POS DEBIT YMCA HALL, ALAPPUZHA",Government & Legal
"UPI-POST OFFICE, MAIKAVE",Government & Legal
Central Board of Excise & Customs PAYMENT,Government & Legal
NEFT-POST OFFICE KRAVALOOR,Government & Legal
pappiniseeri,Government & Legal
POS DEBIT DISTRICT ARMED RESERVE POLICE CAMP,Government & Legal
UPI-GANDHI NAGAR POST OFFICE,Government & Legal
Dinbazar Sub Post Office PAYMENT,Government & Legal
NEFT-POLICE STATION PAONTA SAHIB,Government & Legal
Rajshahi Central Jail Parade Ground,Government & Legal
POS DEBIT HUTTI POST OFFICE,Government & Legal
UPI-EZHUPATHEKKAR POST OFFICE,Government & Legal
POLICE GROUND PAYMENT,Government & Legal
NEFT-VADAKARA POST OFFICE,Government & Legal
Sri Manjunatha Enterprises,Government & Legal
POS DEBIT CATHEDRAL PARISH HALL,Government & Legal
UPI-PURULIA DISTRICT CORRECTIONAL HOME,Government & Legal
New District And Sessions Court Complex Tiswadi PAYMENT,Government & Legal
NEFT-NAGORI GARDEN,Government & Legal
Post Office Branch - Arumparthapuram,Government & Legal
POS DEBIT MUNDAGANAMANE POST OFFICE,Government & Legal
UPI-POST OFFICE CHIRAKKADAVU CENTER,Government & Legal
Khandagiri Police Station PAYMENT,Government & Legal
NEFT-MACHEL POST OFFICE,Government & Legal
Clappana Post Office,Government & Legal
POS DEBIT INDOOR STADIUM,Government & Legal
UPI-UP POLICE RADIO HEADQUARTERS,Government & Legal
Ram Bagh Police Station PAYMENT,Government & Legal
NEFT-POLICE STATION PTA,Government & Legal
Post Office Muttada,Government & Legal
POS DEBIT VITHURA MAIN POST OFFICE,Government & Legal
UPI-KHUNKHUNA POLICE STATION,Government & Legal
IT Staff Quarters PAYMENT,Government & Legal
NEFT-KUMARAPATTANAM PS,Government & Legal
"Post Office, Meenmutty",Government & Legal
"POS DEBIT FIRE AND RESCUE STATION, PAMPADY",Government & Legal
UPI-POLICE QUARTERS,Government & Legal
Post Office Parippu PAYMENT,Government & Legal
NEFT-PEERMADE POST OFFICE,Government & Legal
Umerkhadi Fire Station,Government & Legal
POS DEBIT RATNAGIRI SPECIAL DISTRICT PRISON,Government & Legal
UPI-VEMULAWADA POLICE STATION,Government & Legal
theerthapadapuram post office PAYMENT,Government & Legal
NEFT-MUNCIPAL TOWN HALL,Government & Legal
Dantewada Post Office,Government & Legal
POS DEBIT SINDHUDURG DISTRICT JAIL,Government & Legal
UPI-POST OFFICE KARITHOTTA,Government & Legal
Belakavadi Police Station PAYMENT,Government & Legal
NEFT-K.S.R.P. 2ND BATTALION,Government & Legal
balugaon fire station,Government & Legal
POS DEBIT PAZHERI,Government & Legal
UPI-RAJAKAD POLICE STATION,Government & Legal
Post Office Vadattupara PAYMENT,Government & Legal
"NEFT-POST OFFICE, NAGIARKULANGARA",Government & Legal
Head Post Office Vaikom,Government & Legal
POS DEBIT SUBHAS NAGAR SUB POST OFFICE,Government & Legal
UPI-N.R.I COASTAL POLICE STATION,Government & Legal
Panjim Head Post Office PAYMENT,Government & Legal
NEFT-NEHRU COLONY OUTPOST,Government & Legal
Champakulam Post Office,Government & Legal
POS DEBIT SHIVAJINAGAR GENERAL POST OFFICE,Government & Legal
UPI-HASSAN DISTRICT JAIL,Government & Legal
Eluru poverpata PAYMENT,Government & Legal
NEFT-CHANDRAGIRI POLICE STATION,Government & Legal
Ala post office,Government & Legal
POS DEBIT TIRUPATI URBAN SP OFFICE,Government & Legal
UPI-MADHAV JANG POLICE STATION,Government & Legal
Fire Station Mandi PAYMENT,Government & Legal
"NEFT-POLICE STATION,AYIROOR",Government & Legal
Moti Nagar Fire Station,Government & Legal
POS DEBIT POST OFFICE ARIKKULAM,Government & Legal
UPI-HARIHARA CITY COURT,Government & Legal
Sub Post Office Thekkethukavala PAYMENT,Government & Legal
NEFT-RAJAPALAYAM SOUTH POLICE STATION,Government & Legal
mahim post office,Government & Legal
POS DEBIT CHITTOOR 1 TOWN POLICE STATION,Government & Legal
UPI-GOWADI POST OFFICE,Government & Legal
Lions Club Community Hall PAYMENT,Government & Legal
NEFT-SUPERINTENDENT OF POLICE OFFICE,Government & Legal
Session Court Jalandhar,Government & Legal
POS DEBIT GOVERNMENT COURT,Government & Legal
UPI-REPORTING POLICE CHOWKI LAKSHMIBAGH,Government & Legal
POST OFFICE THALANGARA PAYMENT,Government & Legal
NEFT-JAMMU AND KASHMIR HIGH COURT,Government & Legal
"post office,keerikara",Government & Legal
POS DEBIT MERAPANI POLICE STATION,Government & Legal
"UPI-POST OFFICE, CHUNGHAM",Government & Legal
Phoolbagan Police Sation PAYMENT,Government & Legal
NEFT-ATHMALLIK JAIL,Government & Legal
"Police Station, Jaurkian",Government & Legal
POS DEBIT ADA AREA POLICE OFFICE,Government & Legal
"UPI-POLICE STATION ,PANTHEERANKAVU",Government & Legal
"Post Office,Naduvath PAYMENT",Government & Legal
NEFT-SRINIVASA FUNCTION HALL,Government & Legal
Post office Kilaikote,Government & Legal
"POS DEBIT POLICE STATION ,VALIAMALA",Government & Legal
UPI-3 APSP,Government & Legal
Thyagaraja Nagar Police Station PAYMENT,Government & Legal
NEFT-PALLIPATTI POST OFFICE,Government & Legal
Post office Pallikavala,Government & Legal
POS DEBIT YELAHANKA POST OFFICE,Government & Legal
UPI-SANKARANKOVIL COURT,Government & Legal
Ponda Post Office PAYMENT,Government & Legal
NEFT-KANJIRAM POST OFFICE,Government & Legal
Kadavanthra Post Office (Sub Office),Government & Legal
"POS DEBIT POST OFFICE ,AVILORA",Government & Legal
UPI-KOONAMMAVU POST OFFICE,Government & Legal
Delhi Police PAYMENT,Government & Legal
NEFT-PONMUDI WIRELESS REPEATER STATION,Government & Legal
Fraser Town Sub Office,Government & Legal
POS DEBIT EDAYAM POST OFFICE,Government & Legal
UPI-BARVIKA RESIDENCY,Government & Legal
Post Office Hosaagrahara PAYMENT,Government & Legal
NEFT-NEW KALPATHY POSTOFFICE,Government & Legal
Mahadanapuram,Government & Legal
POS DEBIT KIF POST OFFICE,Government & Legal
UPI-POLICE POST PANJTIRTHI,Government & Legal
Post Office Budhanoor PAYMENT,Government & Legal
NEFT-NEHRU ROAD SUB POST OFFICE,Government & Legal
Bhatiya,Government & Legal
POS DEBIT NORTH GOA DISTRICT COURTS,Government & Legal
"UPI-POST OFFICE ,KOLLAM - THIRUMANGALAM RD, VILAKKUDY, KERALA 691508, INDIA",Government & Legal
Post office Swaroopganj PAYMENT,Government & Legal
NEFT-KHARGHAR FIRE STATION,Government & Legal
RTO office bhinga sravasti,Government & Legal
POS DEBIT BERHAMPUR POLICE STATION,Government & Legal
UPI-MAROL FIRE BRIGADE,Government & Legal
Nagar Council Qadian PAYMENT,Government & Legal
"NEFT-POST OFFICE, SOUTH AZHIKODE",Government & Legal
Siliguri Special Correctional Home,Government & Legal
POS DEBIT MUNICIPAL COUNCIL MANWATH,Government & Legal
UPI-BORDER SECURITY FORCE HEAD QUARTERS JAMMU,Government & Legal
Karaikal District Munisif Court PAYMENT,Government & Legal
"NEFT-POST OFFICE,VETTICODE",Government & Legal
Karivedakam Post Office,Government & Legal
POS DEBIT VALERY POST OFFICE,Government & Legal
UPI-PADINJAKKARA,Government & Legal
Post office mankada pallippuram PAYMENT,Government & Legal
NEFT-NORTH KUTHIATHODE POST OFFICE,Government & Legal
Village Panchayat Nagoa,Government & Legal
POS DEBIT KAGAL POLICE STATION,Government & Legal
UPI-LONAVALA POLICE STATION,Government & Legal
"Police Station, Kuzhalmannam PAYMENT",Government & Legal
NEFT-THATTAMALA POST OFFICE,Government & Legal
"Post Office, Koviloor",Government & Legal
POS DEBIT ISLAMPUR FIRE STATION,Government & Legal
UPI-PERUNGUDI POLICE STATION,Government & Legal
B Block South Motibagh PAYMENT,Government & Legal
NEFT-SOUTH CITY II POST OFFICE,Government & Legal
Azhagappapuram Post office,Government & Legal
POS DEBIT POLICE STATION (REDNAAG),Government & Legal
UPI-KANPUR POLICE STATION,Government & Legal
Ulubari Post Office PAYMENT,Government & Legal
NEFT-BLUE DART-DHL COURIERS,Government & Legal
Mattathur Post Office,Government & Legal
POS DEBIT BIRMAHARAJPUR FIRE STATION,Government & Legal
UPI-AZHIKODE COASTAL POLICE STATION,Government & Legal
DCP Residence PAYMENT,Government & Legal
"NEFT-CYBER CRIME POLICE STATION, ALAPPUZHA",Government & Legal
PSI quarters,Government & Legal
POS DEBIT C I S F,Government & Legal
UPI-POLICE POST,Government & Legal
Post Office Puthenthope PAYMENT,Government & Legal
"NEFT-POST OFFICE, KOOVAPPALLY",Government & Legal
Kulur post office,Government & Legal
POS DEBIT SADHASHIVANAGAR POLICE STATION,Government & Legal
UPI-KATTAKAMPAL POST OFFICE,Government & Legal
Kharodi Post Office (India Post) PAYMENT,Government & Legal
NEFT-OKKAL POST OFFICE,Government & Legal
"28 Court Building, Civil Court, Dhanbad",Government & Legal
POS DEBIT KUSHINAGAR POST OFFICE,Government & Legal
UPI-POST OFFICE KANAKAMALA,Government & Legal
Post office vettoor PAYMENT,Government & Legal
NEFT-ADDITIONAL DEPUTY COMMISSIONER (ADC) OFFICE (INNER LINE PERMITS),Government & Legal
Police Station Gudhiyari,Government & Legal
POS DEBIT KOLASIB POLICE STATION,Government & Legal
"UPI-POST OFFICE,BHARANICKAVU",Government & Legal
Ukhra Out Post PAYMENT,Government & Legal
NEFT-KHURDHA HEAD POST OFFICE,Government & Legal
Nalgonda District Jail,Government & Legal
POS DEBIT BSNL OFFICE,Government & Legal
"UPI-POST OFFICE, VALLIKUNNAM",Government & Legal
Devikulam post Office PAYMENT,Government & Legal
NEFT-POLICE STATION NAGROTA BAGWAN,Government & Legal
Chandipur S. O. Post Office,Government & Legal
"POS DEBIT POST OFFICE , MALAPPATTAM",Government & Legal
UPI-TRAFFIC POLICE STATION CHARMINAR,Government & Legal
Police Aid Post Kakkayam PAYMENT,Government & Legal
NEFT-RATHINAPURI POLICE STATION,Government & Legal
Muttappalam post office,Government & Legal
POS DEBIT HARSUL JAIL,Government & Legal
UPI-CHEMBUCHIRA POST OFFICE,Government & Legal
"Head Post Office, Narmadapuram PAYMENT",Government & Legal
NEFT-SELAIYUR POLICE STATION,Government & Legal
Exide South Traffic Guard Police Station,Government & Legal
POS DEBIT PARVATHAPUR GRAM PANCHAYATH OFFICE,Government & Legal
UPI-POST OFFICE PALACKATHAKIDI,Government & Legal
Aarey Police Station PAYMENT,Government & Legal
NEFT-MAHENDRAGARH POLICE STATION,Government & Legal
Kakatpur Fire Station,Government & Legal
POS DEBIT THURUTHY POST OFFICE,Government & Legal
UPI-KANNUR POLICE QUARTERS,Government & Legal
Balurghat District Court PAYMENT,Government & Legal
NEFT-ZAKIGANJ FIRE SERVICE,Government & Legal
Haflong Post Office,Government & Legal
POS DEBIT GAIMUKH CHOWK POLICE STATION,Government & Legal
UPI-POST OFFICE OTTAPALAM,Government & Legal
"Post Office, Pulasseri PAYMENT",Government & Legal
NEFT-U.S. CONSULATE GENERAL IN KOLKATA,Government & Legal
Paradip Police Station,Government & Legal
POS DEBIT KAZHIMRAM POST OFFICE,Government & Legal
UPI-MONIPPALLY POST OFFICE,Government & Legal
new bairahana post office PAYMENT,Government & Legal
"NEFT-HEAD POST OFFICE, PONNANI",Government & Legal
Kasaba Police Station,Government & Legal
POS DEBIT YESHWANTPURA POLICE STATION,Government & Legal
UPI-POLICE AREA,Government & Legal
Dalanwala Sub Post Office PAYMENT,Government & Legal
NEFT-PAMARRU POLICE STATION,Government & Legal
POST OFFICE AYAPARAMPU,Government & Legal
POS DEBIT MT POOL,Government & Legal
UPI-ULTADANGA MAIN ROAD SUB POST OFFICE,Government & Legal
NM Joshi Marg Police Station PAYMENT,Government & Legal
NEFT-RAJINDER NAGAR POST OFFICE,Government & Legal
Police Station Handwara,Government & Legal
POS DEBIT POST OFFICE KUTTAMPUZHA,Government & Legal
UPI-POLICE HEAD QUARTERS,Government & Legal
Adoni Prison PAYMENT,Government & Legal
NEFT-PUSHPAKANDAM POST OFFICE,Government & Legal
India Post Pattan,Government & Legal
POS DEBIT THANA MUKHANI,Government & Legal
UPI-BADAVANE POLICE STATION,Government & Legal
Kangeyampalayam sub post office PAYMENT,Government & Legal
NEFT-VIRUPAKSHI POST OFFICE,Government & Legal
New District And Session Court Of Jabalpur,Government & Legal
POS DEBIT GUSKARA POLICE STATION,Government & Legal
UPI-BYCULLA PRISON,Government & Legal
"Cyber Crime PS ,Malappuram PAYMENT",Government & Legal
NEFT-KARAMCODE POST OFFICE,Government & Legal
Pazhayi Post Office,Government & Legal
POS DEBIT ATMAKUR POLICE STATION,Government & Legal
UPI-VILLAGE PANCHAYAT VERNA,Government & Legal
Mathura Gate Police Station PAYMENT,Government & Legal
NEFT-POST OFFICE HARIHARAPURAM,Government & Legal
Shree Maruti Courier,Government & Legal
POS DEBIT MULUND POLICE CHOWKY,Government & Legal
UPI-C-1 BARGUR POLICE STATION,Government & Legal
Post office Puthupariyaram PAYMENT,Government & Legal
"NEFT-POLICE STATION,NEDUMKANDAM",Government & Legal
"Fire And Rescue Station, Kozhikode Beach",Government & Legal
"POS DEBIT FIRE AND RESCUE STATION, PERAMBRA",Government & Legal
UPI-KOPRI POLICE STATION,Government & Legal
Post Office Passport Seva Kendra Nalgonda PAYMENT,Government & Legal
NEFT-CHEGRIYAA SIMAA SURKSSAA CAUKII,Government & Legal
Colaba Traffic Police Division,Government & Legal
POS DEBIT MUNNAR POST OFFICE,Government & Legal
UPI-MANASA POLICE STATION,Government & Legal
Wagholi Post Office PAYMENT,Government & Legal
NEFT-NEPAL KINETIC COURIER AND CARGO SERVICE (DOMESTIC AND INTERNATIONAL),Government & Legal
Yavatmal City Police Station,Government & Legal
POS DEBIT CERNTRAL JAIL,Government & Legal
"UPI-REGIONAL FIRE OFFICE, FIRE AND RESCUE SERVICES, PALAKKAD",Government & Legal
Ambedkar Bhavan PAYMENT,Government & Legal
NEFT-CHETTIPALAYAM POLICE STATION,Government & Legal
Koolimuttam Post Office,Government & Legal
POS DEBIT KUSHABHAU THAKRE COMMUNITY HALL,Government & Legal
UPI-PUTHENCAVU POST OFFICE,Government & Legal
Kumaraswamy Layout Police Station PAYMENT,Government & Legal
NEFT-RTO CHECK POST,Government & Legal
chathangottupuram post office,Government & Legal
POS DEBIT BELLARY DISTRICT COURT,Government & Legal
UPI-TRAFFIC POLICE KARNAL,Government & Legal
central jail PAYMENT,Government & Legal
"NEFT-SUB POST OFFICE, OORGAUM",Government & Legal
Nand Nagri Post Office,Government & Legal
POS DEBIT SANGTI POST OFFICE,Government & Legal
UPI-POST OFFICE BYSON VALLEY,Government & Legal
Midayikkunnu Branch Post Office PAYMENT,Government & Legal
NEFT-BLUE DART,Government & Legal
Attenganam Post Office,Government & Legal
POS DEBIT FIRE STATION GUDIYATTAM,Government & Legal
UPI-KANGARAPPADY TOWN HALL,Government & Legal
"Post Office, Cheekkonnummal PAYMENT",Government & Legal
NEFT-SONAGOPALPUR POST OFFICE,Government & Legal
"Police Chowki, Sector 18",Government & Legal
POS DEBIT DYSP OFFICE,Government & Legal
UPI-SOHAGPUR POLICE STATION,Government & Legal
"Post Office, Eravattur PAYMENT",Government & Legal
NEFT-MANGALYA CELEBRATION HALL AMRAVTI,Government & Legal
Poovachal Post Office,Government & Legal
POS DEBIT POLICE PARADE GROUND,Government & Legal
UPI-SEETHANAGARAM POST OFFICE,Government & Legal
"Police Station,Venmony PAYMENT",Government & Legal
NEFT-ISLAMPUR COURT,Government & Legal
Hasnabad Police Station,Government & Legal
POS DEBIT RATANPUR POSTOFFICE,Government & Legal
UPI-COMMUNITY CENTER,Government & Legal
Hindalga Post Office PAYMENT,Government & Legal
NEFT-CHERUKURI CONVENCTION HALL,Government & Legal
Police chowk,Government & Legal
POS DEBIT DEHRA POLICE STATION,Government & Legal
UPI-CHOVOOR POST OFFICE,Government & Legal
Police Station Nalagarh PAYMENT,Government & Legal
NEFT-SHABRI AUDITORIUM,Government & Legal
Leitanpokpi police station,Government & Legal
POS DEBIT PERINGASSERY POST OFFICE,Government & Legal
UPI-POST OFFICE VELLAYAMKUDY,Government & Legal
Integrated District Court Complex PAYMENT,Government & Legal
NEFT-DIRANG POST OFFICE,Government & Legal
cheemeni post office,Government & Legal
POS DEBIT POLICE OUTPOST,Government & Legal
UPI-DISTRICT COURT LALITPUR,Government & Legal
Karkhana Police Station PAYMENT,Government & Legal
NEFT-ATHOLI POST OFFICE,Government & Legal
Elamakkara Post Office,Government & Legal
POS DEBIT PERUMANUR SO POST OFFICE,Government & Legal
"UPI-MAGISTRATES' COURT, MADHIRA",Government & Legal
BLW Police Chauki PAYMENT,Government & Legal
NEFT-POST OFFICE IITR,Government & Legal
Karan Nagar Post Office 190010,Government & Legal
"POS DEBIT POLICE STATION, CHINGAVANAM",Government & Legal
UPI-VATVA POLICE,Government & Legal
Zakiganj Police Station PAYMENT,Government & Legal
NEFT-MIRZA SAMI HALL,Government & Legal
Fire Brigade Station,Government & Legal
POS DEBIT DISTRICT AND SESSIONS COURT GURUGRAM,Government & Legal
UPI-FIRE STATION CHANAKYAPURI,Government & Legal
"Post Office, Eranhikkal PAYMENT",Government & Legal
NEFT-KUTTIKAD POST OFFICE,Government & Legal
Vanchiyoor Junction Post office,Government & Legal
POS DEBIT KR PURAM POLICE STATION,Government & Legal
UPI-KOLLAM RMS,Government & Legal
"Fire and Rescue Station, Vadakkencherry PAYMENT",Government & Legal
NEFT-SP BUNGALOW,Government & Legal
Vaduthala Jetty Post Office,Government & Legal
POS DEBIT THALAGHATTAPURA POLICE STATION,Government & Legal
UPI-GOLDEN NEST POLICE CHOWKI,Government & Legal
Miryalaguda traffic police station PAYMENT,Government & Legal
NEFT-BALICHOWKI POST OFFICE,Government & Legal
Guruwar Peth Polic Chowki,Government & Legal
"POS DEBIT POLICE STATION, NEW MAHE",Government & Legal
UPI-POST OFFICE TEEKOY TOWN,Government & Legal
Rajarampuri Police Station PAYMENT,Government & Legal
NEFT-KAKKUR POLICE STATION,Government & Legal
kannanakuzhy post office,Government & Legal
POS DEBIT CJM,Government & Legal
UPI-VNC VAIRAM MAHAL,Government & Legal
"Police Station,Balussery PAYMENT",Government & Legal
"NEFT-POST OFFICE, MANNAPRA",Government & Legal
"Government Indian Postal service, Palliyangadi",Government & Legal
POS DEBIT THUDIYALUR POLICE STATION,Government & Legal
UPI-BHANDARA HEAD POST OFFICE,Government & Legal
Ponnani Nagaram Post Office PAYMENT,Government & Legal
NEFT-AZHIKKAL COASTAL POLICE STATION,Government & Legal
Vinobanagara Police Station,Government & Legal
POS DEBIT POST OFFICE CHERUKULANJI,Government & Legal
"UPI-FIRE AND RESCUE STATION, KOTTRAKKARA",Government & Legal
J&K Police Check-Post@ South Pulu PAYMENT,Government & Legal
NEFT-NADUVATHUR POST OFFICE,Government & Legal
Reni Sub Post office,Government & Legal
POS DEBIT DISTRICT RESERVE FORCES,Government & Legal
UPI-GUDIBANDA FIRE STATION,Government & Legal
Post office Vallikode PAYMENT,Government & Legal
NEFT-MADHUR POST OFFICE,Government & Legal
"India Post, Malappuram H.O",Government & Legal
POS DEBIT BNDM POLICE STATION,Government & Legal
UPI-POLICE STATION SOUTH ROHINI,Government & Legal
Nelamangala Taluk Office PAYMENT,Government & Legal
"NEFT-HEAD POST OFFICE, CHIKMAGALUR",Government & Legal
Police Station Vemsoor,Government & Legal
"POS DEBIT FIRE AND RESCUE STATION, PERINGOME",Government & Legal
UPI-MOKOKCHUNG TOWN HALL,Government & Legal
Sanganer Sadar Police Station PAYMENT,Government & Legal
NEFT-COURT HOUSE,Government & Legal
Porkkalamkad Post Office,Government & Legal
POS DEBIT PWD DAK,Government & Legal
UPI-JAUNPUR JAIL,Government & Legal
Hinjawadi Fire Station - Phase 1 PAYMENT,Government & Legal
"NEFT-POST OFFICE, KOODAPPULAM",Government & Legal
"Post Office, Chappanthottam",Government & Legal
POS DEBIT KARIPPOL POST OFFICE,Government & Legal
UPI-TROMBAY POLICE STATION,Government & Legal
Sub Court Thiruvalla PAYMENT,Government & Legal
NEFT-SUB POST OFFICE SHIMLA BUS STAND,Government & Legal
Government Medical College Post Office,Government & Legal
POS DEBIT CULTURAL INSTITUTE HALL,Government & Legal
UPI-BHAJGERA POLICE STATION,Government & Legal
Nellikkattiri Post Office PAYMENT,Government & Legal
NEFT-HATPIPLIYA POST OFFICE,Government & Legal
Tirthahalli Police Station,Government & Legal
POS DEBIT KOCHI FOREIGN POST OFFICE,Government & Legal
"UPI-POST OFFICE, KUNDUTHODE",Government & Legal
Motilal Nagar PAYMENT,Government & Legal
NEFT-SAKHARITALA POST OFFICE,Government & Legal
Chazhiyattiri Post Office,Government & Legal
POS DEBIT POST OFFICE CHAVARA BRIDGE,Government & Legal
"UPI-POLICE STATION, MEDICAL COLLEGE",Government & Legal
Arvankadu PO PAYMENT,Government & Legal
NEFT-BOWENPALLY POST OFFICE,Government & Legal
Post Office Maniyatt,Government & Legal
POS DEBIT MYLAPORE - TRIPLICANE TALUK OFFICE,Government & Legal
UPI-CONTROL ROOM,Government & Legal
"Police Station, Agali PAYMENT",Government & Legal
"NEFT-POLICE STATION , GANDHINAGAR",Government & Legal
Keifang Police Station,Government & Legal
"POS DEBIT POST OFFICE, PANAMARAM",Government & Legal
UPI-FARASKHANA POLICE STATION,Government & Legal
Consulate General of the Republic of Korea PAYMENT,Government & Legal
NEFT-737135 RUMTEK BRANCH OFFICE,Government & Legal
"Post Office, Puthiyangadi",Government & Legal
"POS DEBIT POST OFFICE, KOTTUR",Government & Legal
UPI-POLICE POST HUMHAMA DIATRICT BUDGAM,Government & Legal
ACP Office PAYMENT,Government & Legal
NEFT-NAGARIPURAM POST OFFICE,Government & Legal
Aruvippuram Post Office,Government & Legal
"POS DEBIT POST OFFICE, PARAPPANPOYIL",Government & Legal
"UPI-POLICE STATION, HEMAMBIKA NAGAR",Government & Legal
"Police Station,Thankamany PAYMENT",Government & Legal
NEFT-SIRSA JAIL,Government & Legal
Doddajataka,Government & Legal
POS DEBIT NAACCIYAARPURM KAAVL NILAIYM,Government & Legal
UPI-DADAR POLICE STATION,Government & Legal
Saputara Police Station PAYMENT,Government & Legal
NEFT-X1 VEPPUR POLICE STATION,Government & Legal
Police Control Room,Government & Legal
POS DEBIT MANGALWAR PETH POST OFFICE,Government & Legal
UPI-WAKF TRIBUNAL,Government & Legal
griyaahaatt pulis thaanaa PAYMENT,Government & Legal
NEFT-POLICE CHOWKI NIT 3,Government & Legal
"Police Station ,Thondernadu",Government & Legal
POS DEBIT KOTTAMURI POST OFFICE,Government & Legal
UPI-DISTRICT & SESSIONS COURT,Government & Legal
Rajesultanpur KOTWALI PAYMENT,Government & Legal
NEFT-KURUMAL POST OFFICE,Government & Legal
Rajahmundry Central Prison,Government & Legal
POS DEBIT S6 SHANKAR NAGAR POLICE STATION,Government & Legal
UPI-KHUNKHUNA POST OFFICE,Government & Legal
Moozhiyar Post Office PAYMENT,Government & Legal
NEFT-FIRE STATION SASTHAMCOTTA,Government & Legal
Canacona Police Station,Government & Legal
POS DEBIT POLICE GROUNDS,Government & Legal
"UPI-POLICE STATION,UPPUTHARA",Government & Legal
Bawana Police station PAYMENT,Government & Legal
NEFT-DTDC COURIER SERVISE,Government & Legal
Kalletumkara Post Office,Government & Legal
"POS DEBIT POST OFFICE, VANIYAMBALAM",Government & Legal
UPI-METTUR DAM,Government & Legal
Dharamshala Municipal Council PAYMENT,Government & Legal
NEFT-POLICE HOUSE,Government & Legal
District Court Gadchiroli,Government & Legal
POS DEBIT SIALSUK POLICE STATION,Government & Legal
UPI-MAYOR'S HALL,Government & Legal
"Fire and Rescue Station, Mattancherry PAYMENT",Government & Legal
NEFT-DAKAKENDU VILLAGE,Government & Legal
Kamba Police Station,Government & Legal
POS DEBIT GUNTUR CENTER JAIL,Government & Legal
UPI-PADMASHALI FUNCTION HALL,Government & Legal
Cherthala Police Station PAYMENT,Government & Legal
NEFT-THANA BHIMTAL,Government & Legal
Police Assistance,Government & Legal
POS DEBIT KATTOR POST OFFICE,Government & Legal
UPI-EDATHALA NORTH POST OFFICE,Government & Legal
Post office vettimukal PAYMENT,Government & Legal
NEFT-BASELIOUS PAULOSE II ND PARISH HALL,Government & Legal
Calangute Police Station,Government & Legal
POS DEBIT DCP OFFICE EAST ZONE AMBERPET,Government & Legal
"UPI-FIRE AND RESCUE STATION, VITHURA",Government & Legal
Cuddalore Head Post Office PAYMENT,Government & Legal
NEFT-MARGAO MUNICIPAL COUNCIL,Government & Legal
Baghchung Police station,Government & Legal
"POS DEBIT POLICE STATION, MUHAMMA",Government & Legal
UPI-SUB POST OFFICE ARTHUNKAL,Government & Legal
Pallom Post Office PAYMENT,Government & Legal
NEFT-GOL POST OFFICE (GPO),Government & Legal
Hatigarh Post Office,Government & Legal
"POS DEBIT POLICE STATION ,CHITTAR",Government & Legal
UPI-PAI MEDICALES,Government & Legal
Mayanad Post Office PAYMENT,Government & Legal
NEFT-THE PROFFESSIONAL COURIERS,Government & Legal
Vilavoorkonam Post Office,Government & Legal
POS DEBIT PALLOOR POLICE STATION,Government & Legal
UPI-POLICE STATION UDGIR RURAL.,Government & Legal
Pariyaram Post Office PAYMENT,Government & Legal
NEFT-KANNANKURICHI B 8 POLICE STATION,Government & Legal
EKart Aalephata (Samarth Enterprises),Government & Legal
POS DEBIT RUSIPADA POST OFFICE,Government & Legal
UPI-EDAKKAD POSTOFFICE,Government & Legal
Aranmula Police Station PAYMENT,Government & Legal
NEFT-PATHANAMTHITTA HEAD POST OFFICE,Government & Legal
puthencurz police station,Government & Legal
"POS DEBIT POST OFFICE, MELAMPARA",Government & Legal
UPI-CYBER CRIME POLICE STATION,Government & Legal
Paivalike Post office PAYMENT,Government & Legal
"NEFT-POST OFFICE, NEENDAPARA",Government & Legal
Melepattambi,Government & Legal
POS DEBIT KADACKANAD POST OFFICE,Government & Legal
UPI-DELAMPADY POST OFFICE,Government & Legal
Post Office Chennakunnu PAYMENT,Government & Legal
NEFT-CHAITYA BHUMI POLICE CHOWK,Government & Legal
Women Facilitation Booth,Government & Legal
POS DEBIT PERUMON BRANCH POST OFFICE,Government & Legal
UPI-POST OFFICE SAKTI,Government & Legal
Post Office Ramassagar PAYMENT,Government & Legal
NEFT-PACHIPENTA POLICE STATION,Government & Legal
Prafullanagar Auditorium,Government & Legal
POS DEBIT KADALUNDI POST OFFICE,Government & Legal
"UPI-POLICE STATION,CHEEMENI",Government & Legal
"Post office, Thamarassery PAYMENT",Government & Legal
NEFT-EZHUMUTTOM POST OFFICE,Government & Legal
Sarasvathipuram Police Station,Government & Legal
"POS DEBIT POST OFFICE,CHELERI",Government & Legal
UPI-CENTRAL STATION PS,Government & Legal
"Post Office, Karandode PAYMENT",Government & Legal
NEFT-KULATHUPUZHA POST OFFICE,Government & Legal
CRPF Camp Trehgam,Government & Legal
POS DEBIT MEDICAL COLLEGE POST OFFICE,Government & Legal
"UPI-POST OFFICE, THIRUVEGAPPURA",Government & Legal
Suryalanka Marine Coastal Security Police Station PAYMENT,Government & Legal
NEFT-KADAMTALA POLICE STATION,Government & Legal
Anti Human Trafficking,Government & Legal
POS DEBIT NEDUMANGAD POST OFFICE,Government & Legal
UPI-KULATHOOR PRAYAR,Government & Legal
Canculim Muncipal Hall PAYMENT,Government & Legal
NEFT-MUKHERJEE NAGAR POLICE STATION (GURU TEGH BAHADUR NAGAR),Government & Legal
NSEZ Post Office,Government & Legal
POS DEBIT MOHANUR POLICE STATION,Government & Legal
UPI-SHIMLA EAST POST OFFICE,Government & Legal
Post Office Panappuzha PAYMENT,Government & Legal
"NEFT-POST OFFICE ,KATHARAMMAL",Government & Legal
Uppal Police Station,Government & Legal
POS DEBIT SUBEDARI POLICE STATION,Government & Legal
UPI-JAWAHAR BAG FIRE STATION,Government & Legal
TTD KALYANA MANDAPAM PAYMENT,Government & Legal
"NEFT-POST OFFICE, THAZHAVA",Government & Legal
Sub Jail Complex,Government & Legal
POS DEBIT POLICE HEAD QUARTERS,Government & Legal
UPI-SESSIONS COURT,Government & Legal
Burha Police Outpost PAYMENT,Government & Legal
NEFT-PERINGANNUR POST OFFICE,Government & Legal
"Police Station, Ayarkunnam",Government & Legal
POS DEBIT POST OFFICE PAKKAM,Government & Legal
UPI-KIZHOOR POST OFFICE,Government & Legal
POLICE STATION SOJAT ROAD PAYMENT,Government & Legal
NEFT-OSHIWARA POLICE STATION,Government & Legal
"Post office, Mundur",Government & Legal
POS DEBIT BISTUPUR POLICE STATION.,Government & Legal
UPI-TATYA TOPE HALL,Government & Legal
Maroor Post Office PAYMENT,Government & Legal
NEFT-POST OFFICE PUTHENCHANTHA,Government & Legal
Azheekal Post Office,Government & Legal
POS DEBIT VIJAY NAGAR POLICE STATION,Government & Legal
UPI-MUGALIVAKKAM POST OFFICE - SPEED POST OFFICE,Government & Legal
Post Office Vellaramala PAYMENT,Government & Legal
NEFT-VAYALADA POST OFFICE,Government & Legal
"Residence of Divisional Commissioner,Rajshahi",Government & Legal
"POS DEBIT POST OFFICE, MANAKKARAI",Government & Legal
"UPI-POLICE STATION, PATTAMBI",Government & Legal
Kuttichal Post Office PAYMENT,Government & Legal
NEFT-KOLLAKA POST OFFICE,Government & Legal
Park Street Police Station,Government & Legal
POS DEBIT PAATTURAYIKKAL POST OFFICE,Government & Legal
UPI-SUCHINDRAM,Government & Legal
Kasba Peth Post Office PAYMENT,Government & Legal
NEFT-PUTHUKURICHY POST OFFICE,Government & Legal
Hudkeshwar Police Station,Government & Legal
POS DEBIT METTUPALAYAM HEAD POST OFFICE,Government & Legal
"UPI-POST OFFICE,VELLOOR",Government & Legal
Mamlatdar Wadi PAYMENT,Government & Legal
NEFT-GPO KOHIMA,Government & Legal
Sardarnagar Police Station,Government & Legal
POS DEBIT MALUR SESSION COURT,Government & Legal
UPI-TRICHY PORT POST OFFICE,Government & Legal
"Police Station, Ezhukone PAYMENT",Government & Legal
NEFT-KONOT POST OFFICE,Government & Legal
Robertsonpet Post Office,Government & Legal
POS DEBIT BHEEMANAD POST OFFICE,Government & Legal
"UPI-KOHIMA VILLAGE COUNCIL HALL, KVC BUILDING",Government & Legal
Surya Kaali Function Hall PAYMENT,Government & Legal
NEFT-F4 GREAMS ROAD PS,Government & Legal
Eroor West Post Office,Government & Legal
POS DEBIT PANCHAYAT GHAR,Government & Legal
"UPI-DISTRICT AND SESSIONS COURT, GAUTAMBUDHNAGAR",Government & Legal
Tulas GPO PAYMENT,Government & Legal
NEFT-EZHUPUNNA SOUTH POST OFFICE,Government & Legal
Nehru Nagar Post Office,Government & Legal
"POS DEBIT SUPERINTENDENT OF POLICE, CRIME INVESTIGATION DEPARTMENT OFFICE",Government & Legal
UPI-POST OFFICE PERUMANNUR,Government & Legal
Fire Station Podia PAYMENT,Government & Legal
NEFT-SOJAT ROAD SUB POST OFFICE,Government & Legal
"Fire and Rescue Station, Parassala",Government & Legal
POS DEBIT ANNUR POLICE STATION,Government & Legal
UPI-DISTRICT CIVIL COURT,Government & Legal
vallicode post office PAYMENT,Government & Legal
NEFT-METTUR COURT,Government & Legal
Ex-Servicemen Colony Post Office,Government & Legal
POS DEBIT J&K POLICE CHECK-POST.,Government & Legal
UPI-MADURAI PALACE POST OFFICE,Government & Legal
Redfields Post Office PAYMENT,Government & Legal
"NEFT-POST OFFICE, NELLIMOODU",Government & Legal
Tanur Police Head Quaters,Government & Legal
POS DEBIT TOWN HALL,Government & Legal
UPI-TAPCMS COMPLEX,Government & Legal
Rayakuduru Post Office PAYMENT,Government & Legal
NEFT-ALDONA POLICE STATION,Government & Legal
Marduru Post Office,Government & Legal
POS DEBIT KANNOOKKARA,Government & Legal
"UPI-POST OFFICE, CHERUKATTOOR",Government & Legal
Kalighat Fire Brigade PAYMENT,Government & Legal
NEFT-CHENGALAM SOUTH,Government & Legal
Karkhana Post Office,Government & Legal
POS DEBIT JALAHALLI POST OFFICE,Government & Legal
UPI-PALAZHI POST OFFICE,Government & Legal
Vengara post office PAYMENT,Government & Legal
NEFT-MEPPADI POST OFFICE,Government & Legal
Fire Station,Government & Legal
"POS DEBIT POST OFFICE , CHULLY",Government & Legal
"UPI-POST OFFICE, PEDDEMUL",Government & Legal
"Post Office,Kavanattinkara PAYMENT",Government & Legal
NEFT-RAYAGADA HEAD POST OFFICE,Government & Legal
Consulate General of the Republic of Singapore,Government & Legal
POS DEBIT BANER POLICE STATION,Government & Legal
UPI-POLICE OUTPOST ASSOLNA,Government & Legal
Jaitpur Thana PAYMENT,Government & Legal
"NEFT-POLICE STATION, CHAVARA",Government & Legal
Police aid post,Government & Legal
POS DEBIT DOCTOR BHIM RAO AMBEDKAR HALL,Government & Legal
UPI-SAHID SADAN MANCHA,Government & Legal
Mipi Post ITBPF PAYMENT,Government & Legal
NEFT-ASHOKANAGARA POST OFFICE,Government & Legal
Bariatu Thana,Government & Legal
"POS DEBIT DISTRICT COURTS COMPLEX, CHAKKAR,",Government & Legal
"UPI-FIRE AND RESCUE STATION, POOVANPARA, ATTINGAL",Government & Legal
Sanganer Police Station PAYMENT,Government & Legal
NEFT-POST OFFICE RAILWAY STATION,Government & Legal
Brahamkundi Post Office,Government & Legal
POS DEBIT BRANCH POST OFFICE TRIPANACHI,Government & Legal
"UPI-POST OFFICE, KONIPPAD",Government & Legal
"Police Station, Ulikkal PAYMENT",Government & Legal
"NEFT-POST OFFICE,THIRUVALI",Government & Legal
"Police Station, Paravur",Government & Legal
POS DEBIT THEKKETHUKAVALA P.O.,Government & Legal
UPI-PAMMAL POST OFFICE,Government & Legal
Mahila police station PAYMENT,Government & Legal
NEFT-KOZHIKODE RAILWAY MAIL SERVICE,Government & Legal
"Police Station ,Malayinkeezhu",Government & Legal
POS DEBIT PATANCHERU POST OFFICE,Government & Legal
"UPI-POST OFFICE, KUTTIKKADU",Government & Legal
KSEB sub-station PAYMENT,Government & Legal
NEFT-POST OFFICE MUTHUKULAM SOUTH,Government & Legal
Muncipal office siddipet,Government & Legal
POS DEBIT ANNA NAGAR POST OFFICE,Government & Legal
UPI-CHEMMAKKAD POST OFFICE,Government & Legal
"Police Station, Karipur PAYMENT",Government & Legal
NEFT-POOTHADI POST OFFICE,Government & Legal
"Post office, Peruva",Government & Legal
POS DEBIT IRILBUNG POLICE STATION,Government & Legal
UPI-THUDAYANNNOOR POST OFFICE,Government & Legal
Police Station Kaladhungi PAYMENT,Government & Legal
"NEFT-POST OFFICE, KACHERIPARAMBU",Government & Legal
District Court Karwar,Government & Legal
POS DEBIT VALAKUZHY POST OFFICE,Government & Legal
UPI-VIDYAGIRI POST OFFICE,Government & Legal
Kalyannagar post office PAYMENT,Government & Legal
NEFT-KAPPATTUMALA POST OFFICE,Government & Legal
Rajarajeshwari Nagar Post Office,Government & Legal
"POS DEBIT POLICE STATION ,PAZHAYANNUR",Government & Legal
UPI-SAHEED NAGAR POLICE STATION,Government & Legal
"Post Office, Chenappady PAYMENT",Government & Legal
NEFT-ATTAYAMPATI C 1 POLICE STATION,Government & Legal
Registration post,Government & Legal
POS DEBIT Y. N. P TRUST,Government & Legal
UPI-KALAVOOR POST OFFICE,Government & Legal
"Police Station, Edathua PAYMENT",Government & Legal
"NEFT-POLICE STATION,ANGAMALY",Government & Legal
Check post for zero point,Government & Legal
POS DEBIT THAVAM POST OFFICE,Government & Legal
"UPI-POST OFFICE, CHOONDACHERRY",Government & Legal
Barrackpore Post Office PAYMENT,Government & Legal
NEFT-UMRI KALAN NAGAR PANCHAYAT OFFICE,Government & Legal
Post Office - Chokkanathapuram,Government & Legal
POS DEBIT MAHALAKSHMIPURAM POLICE STATION,Government & Legal
UPI-HALASURU BAZAAR,Government & Legal
"Metropolitan Magistrate's Court, Bandra PAYMENT",Government & Legal
NEFT-PANACHEPALLY POST OFFICE,Government & Legal
Barrackpore Railway Station,Government & Legal
"POS DEBIT POST OFFICE, PANAYIL",Government & Legal
"UPI-POST OFFICE, MUCHEERI",Government & Legal
Post Office S.R.Gunj PAYMENT,Government & Legal
NEFT-SRI LAKSHMI MARRIAGE HALL,Government & Legal
POCSO Court,Government & Legal
POS DEBIT BANKIMOGRA POLICE STATION (NEW),Government & Legal
UPI-CIRCUIT BENCH OF CALCUTTA HIGH COURT,Government & Legal
Mekhliganj Police Station PAYMENT,Government & Legal
NEFT-MARAIMALAI NAGAR MUNICIPALITY OFFICE,Government & Legal
"Post Office, Parassery",Government & Legal
POS DEBIT COURT,Government & Legal
UPI-GARHDIWALA POLICE STATION,Government & Legal
Mulbagal Police Station PAYMENT,Government & Legal
NEFT-MARADU POLICE STATION,Government & Legal
Mapusa Detention Centre,Government & Legal
POS DEBIT OFFICE OF THE DEPUTY INSPECTOR GENERAL OF POLICE,Government & Legal
UPI-CENTRAL JAIL BHOPAL,Government & Legal
Ernakulam District Jail PAYMENT,Government & Legal
NEFT-INDIRA NAGAR FIRE STATION,Government & Legal
Vairyali bazar Police Chowki,Government & Legal
POS DEBIT POLICE LINE FARIDKOT,Government & Legal
UPI-VETAPALEM GRAM PANCHAYAT,Government & Legal
Behror court PAYMENT,Government & Legal
NEFT-JUDICIAL FIRST CLASS MAGISTRATE'S COURT,Government & Legal
Abhaynagar Post Office,Government & Legal
"POS DEBIT POST OFFICE, KUTHIRAVATTOM",Government & Legal
UPI-POST OFFICE VENPALA,Government & Legal
PostOffice PAYMENT,Government & Legal
NEFT-NANDANKANAN POLICE STATION,Government & Legal
Sivagangai Head Post office,Government & Legal
POS DEBIT JAMMU & KASHMIR STATE LEGISLATIVE ASSEMBLY,Government & Legal
UPI-NSS HEADQUARTERS,Government & Legal
New Fire Station PAYMENT,Government & Legal
NEFT-DHINKI BRANCH POST OFFICE,Government & Legal
Nellikuth Post office,Government & Legal
POS DEBIT CHANDRABHAGA HOUSE,Government & Legal
UPI-RTO OFFICE MANANTHAVADY,Government & Legal
Manappally Post Office PAYMENT,Government & Legal
NEFT-SHANMUGHAM ROAD POST OFFICE,Government & Legal
My house,Government & Legal
POS DEBIT POLICE STATION KOTWALI,Government & Legal
UPI-BIDAR CENTRAL JAIL,Government & Legal
Police Station Pachpaoli PAYMENT,Government & Legal
NEFT-JANAMYTHRI POLICE STATION,Government & Legal
Hastings Post Office (Secondary),Government & Legal
POS DEBIT VEKRA,Government & Legal
UPI-SURAMANGALAM POLICE STATION,Government & Legal
Post Office Chullimanoor PAYMENT,Government & Legal
NEFT-EAST TRAFFIC POLICE STATION,Government & Legal
"Post office,Kolachery",Government & Legal
POS DEBIT RAMANAGARA PRISON,Government & Legal
UPI-GRAMAPANCHAYATH SABHA GUJJADI,Government & Legal
kallakatta post office PAYMENT,Government & Legal
NEFT-MANOHAR INTERNATIONAL AIRPORT SATELLITE FIRE STATION,Government & Legal
State Reserve Police Force (S. R. P. F.),Government & Legal
"POS DEBIT POLICE STATION,ADHUR",Government & Legal
"UPI-POLICE STATION, KONNI",Government & Legal
Mandir Marg Police Station PAYMENT,Government & Legal
NEFT-POLICE LINES MANDI,Government & Legal
"Post Office, Karasserry",Government & Legal
POS DEBIT BALVANTRAY PRAMODARAY THAKOR HALL,Government & Legal
UPI-HINJAWADI POLICE STATION,Government & Legal
"Police Station, Pallickathodu PAYMENT",Government & Legal
NEFT-RAJAPAKAR POLICE STATION,Government & Legal
Rajgurunagar,Government & Legal
POS DEBIT DISTRICT INDUSTRIES CENTRE,Government & Legal
"UPI-POLICE STATION, MURICKASSERY",Government & Legal
Marathahalli Police Station PAYMENT,Government & Legal
NEFT-POLLETHAI POST OFFICE,Government & Legal
Visakhapatnam Post & Telegraph Office,Government & Legal
POS DEBIT POST OFFICE POOVAKULAM,Government & Legal
UPI-SP OFFICE JHUNJHUNU,Government & Legal
Nehru Nagar Kurla E Police Chowky PAYMENT,Government & Legal
NEFT-AHMEDABAD TOWN HALL,Government & Legal
Unit 6 Police Station,Government & Legal
POS DEBIT HEBBAL KEMPAPURA,Government & Legal
UPI-VUYYURU SUB POST OFFICE,Government & Legal
Fire and Rescue Station Thiruvalla PAYMENT,Government & Legal
NEFT-6/395 VINEET KHAND GOMTI NAGAGR LUCKNOW,Government & Legal
Maharashtra Police Headquarters,Government & Legal
POS DEBIT NEHRA POLICE STATION,Government & Legal
"UPI-KRISHNAGIRI TALUK OFFICE, FIRE STATION, POLICE STATION",Government & Legal
Fire Fighting Headquarter Bhopal PAYMENT,Government & Legal
NEFT-PURUSHOTTAMPUR POLICE STATION,Government & Legal
Post Office Pathayakallu,Government & Legal
POS DEBIT MAYYANAD POST OFFICE,Government & Legal
UPI-IIT KANPUR FIRE STATION,Government & Legal
"Police Station, Muttam PAYMENT",Government & Legal
NEFT-INDIA POST- SOUTH MAZHUVANNOOR,Government & Legal
Distt Session Court,Government & Legal
POS DEBIT KAALAAPTT ANYCL ALUVLKM,Government & Legal
UPI-NAMKHANA POLICE STATION,Government & Legal
kadannapalli post office PAYMENT,Government & Legal
NEFT-BRANCH POST OFFICE OLAMATHIL,Government & Legal
"Police Station,Bekal",Government & Legal
POS DEBIT MANDREM POST OFFICE,Government & Legal
UPI-DHOOTPAPESHWAR,Government & Legal
Kizhakkumuri postoffice PAYMENT,Government & Legal
NEFT-D.C.OFFICE,Government & Legal
Kandhar Court,Government & Legal
POS DEBIT POST OFFICE BONGAON,Government & Legal
"UPI-POST OFFICE, PUTHIYARA",Government & Legal
Fire & Rescue Pathanapuram PAYMENT,Government & Legal
NEFT-POST OFFICE MYLAKKARA,Government & Legal
RG Congress Bhawan,Government & Legal
POS DEBIT PUBLIC OFFICE COMPLEX,Government & Legal
"UPI-VANITHA POLICE STATION, IRINJALAKUDA",Government & Legal
Police Station Badausa PAYMENT,Government & Legal
NEFT-FULBARI TRAFFIC OUTPOST,Government & Legal
Ottasekharamangalam Post Office,Government & Legal
POS DEBIT DIAMOND HARBOUR POLICE STATION,Government & Legal
UPI-FIRE STATION PARWANOO,Government & Legal
"Police Station, Hosdurg PAYMENT",Government & Legal
"NEFT-POLICE STATION, PAMPA",Government & Legal
Valakom Post office,Government & Legal
"POS DEBIT POLICE STATION, MARANGATTUPILLY",Government & Legal
UPI-ILAAKAA PRHRII KAARYAALY MTTHAIYAA,Government & Legal
Dobbespet Police Station PAYMENT,Government & Legal
NEFT-CYBERCRIME POLICE STATION,Government & Legal
Post Office Oorakam Melmuri,Government & Legal
POS DEBIT PADMA MARRIAGE HALL,Government & Legal
UPI-FIRE STATION NAHAN,Government & Legal
Maranga Police Thana PAYMENT,Government & Legal
NEFT-POST OFFICE CHERPU WEST,Government & Legal
Denkada Police Station,Government & Legal
POS DEBIT BHU POST OFFICE,Government & Legal
UPI-PIRAYIRI POST OFFICE,Government & Legal
"Police Station, ET North Cusba PAYMENT",Government & Legal
NEFT-ANTI CORRUPTION BUREAU THANE,Government & Legal
"Police Station, Koppam",Government & Legal
POS DEBIT MADIWALA TRAFFIC POLICE STATION,Government & Legal
UPI-KHADAYATA BHAVAN,Government & Legal
Veluthur Post Office PAYMENT,Government & Legal
NEFT-ERATTUPETTA MUSIF MAGISTRATE COURT,Government & Legal
T K Ramakrishnan Muncipal Hall,Government & Legal
POS DEBIT VATVA POLICE STATION,Government & Legal
UPI-DHALLI POLICE STATION,Government & Legal
Railway Post Office PAYMENT,Government & Legal
NEFT-HARINGHATA MUNICIPALITY,Government & Legal
Postoffice chathenthara,Government & Legal
POS DEBIT LOKMANYA NAGAR POST OFFICE,Government & Legal
"UPI-FIRE AND RESCUE STATION, KANHANGAD",Government & Legal
Consulate General of Spain PAYMENT,Government & Legal
NEFT-HIRAN MAGRI POST OFFICE,Government & Legal
"Police Station, bea.ocampo",Government & Legal
"POS DEBIT POST OFFICE , VELLAMUNDA",Government & Legal
UPI-RAMPURA PHUL,Government & Legal
Puducherry Central Prison PAYMENT,Government & Legal
NEFT-K.ETTIPATTI,Government & Legal
Sonamura Post Office,Government & Legal
POS DEBIT MEHSI POLICE STATION,Government & Legal
UPI-KHAR POLICE STATION,Government & Legal
Long Island Police station PAYMENT,Government & Legal
NEFT-POST OFFICE AMAYAPRA,Government & Legal
"Police Station ,Chalakudy",Government & Legal
POS DEBIT DHARMARAM COLLEGE SUB POST OFFICE,Government & Legal
UPI-DEVERAJARASU LAYOUT POST OFFICE,Government & Legal
Valipatti Post Office PAYMENT,Government & Legal
"NEFT-POST OFFICE, KOODALI",Government & Legal
Kanjirappara Post Office,Government & Legal
POS DEBIT VASTRAPUR POLICE STATION,Government & Legal
UPI-JHANJI POST OFFICE,Government & Legal
"Fire and Rescue Station, Vellimaadukunnu PAYMENT",Government & Legal
"NEFT-POST OFFICE,PANAYIKULAM",Government & Legal
Old Goa Police Station,Government & Legal
POS DEBIT AYODHYA CITY FIRE STATION,Government & Legal
"UPI-POLICE STATION ,ANTHIKAD",Government & Legal
Kottarakkara Sub Jail PAYMENT,Government & Legal
"NEFT-POST OFFICE , KUTTIPLANGADU",Government & Legal
Post Office Yashwantnagar,Government & Legal
POS DEBIT AKOLA COURT,Government & Legal
UPI-POLICE SAHAYTA CANDR,Government & Legal
Post office Bicholim PAYMENT,Government & Legal
NEFT-POST OFFICE TRICHAMBARAM,Government & Legal
Ponnani Court,Government & Legal
POS DEBIT VARAM POST OFFICE,Government & Legal
UPI-MARANGATTUPILLY PANJAYATH OFFICE/ COMMUNITY HALL,Government & Legal
Police Station Jakhan PAYMENT,Government & Legal
NEFT-ULANADU POST OFFICE,Government & Legal
Mico Layout Post Office,Government & Legal
POS DEBIT KAMOTHE POLICE STATION,Government & Legal
UPI-CHERUKUNNU POST OFFICE,Government & Legal
Thiruvampady Post office PAYMENT,Government & Legal
"NEFT-FIRE AND RESCUE STATION, IRINJALAKUDA",Government & Legal
"District Jail, Meerut",Government & Legal
POS DEBIT KAITHAKODY POST OFFICE,Government & Legal
UPI-BETIM POST OFFICE,Government & Legal
DistrictSessionCourt PAYMENT,Government & Legal
NEFT-VIRUTHAMPATTU POLICE STATION,Government & Legal
Pathayakunnu Post Office,Government & Legal
POS DEBIT C1 FLOWER BAZAAR POLICE STATION,Government & Legal
"UPI-SUB POST OFFICE, CHADHI",Government & Legal
Kuniyan branch Post office PAYMENT,Government & Legal
NEFT-POLICE HEADQUARTER WARDHA,Government & Legal
Kundapura Rural PS,Government & Legal
POS DEBIT PALLADAM POLICE STATION,Government & Legal
"UPI-POST OFFICE, CHENGALAM",Government & Legal
H1 - Kulithalai Police Station PAYMENT,Government & Legal
NEFT-MAYAM POST OFFICE,Government & Legal
City Court,Government & Legal
POS DEBIT POLICE STATION TIMARPUR,Government & Legal
"UPI-POST OFFICE,KORATTIKARA",Government & Legal
Police Post Sarwal PAYMENT,Government & Legal
NEFT-CONSULATE-GENERAL OF PORTUGAL,Government & Legal
post office edanad,Government & Legal
POS DEBIT ANISABAD POST OFFICE,Government & Legal
UPI-CHUURA POLICE THANA,Government & Legal
Police Station Vazhakkad PAYMENT,Government & Legal
NEFT-POST OFFICE PALAKKAL,Government & Legal
Muzhappilangad Postoffice,Government & Legal
POS DEBIT POLICE STATION RASIPURAM,Government & Legal
UPI-TOWN HALL,Government & Legal
erumely post office PAYMENT,Government & Legal
"NEFT-POLICE STATION ,MANNACHERRY",Government & Legal
Munsif Court,Government & Legal
POS DEBIT APMC POLICE STATION,Government & Legal
UPI-TEZPUR POLICE STATION,Government & Legal
Dhurwa Police Station PAYMENT,Government & Legal
NEFT-KALIKAVU POST OFFICE,Government & Legal
Indian postal office,Government & Legal
POS DEBIT POLICE CHAWKI HALDUCHAUR,Government & Legal
UPI-BANSBARI SUB POST OFFICE,Government & Legal
Jharia Police Station PAYMENT,Government & Legal
NEFT-BLUE DART EXPRESS,Government & Legal
"Police Chowki, Mukherjee Nagar Bandh",Government & Legal
POS DEBIT PILATHARA POST OFFICE,Government & Legal
UPI-PULLIPARAMB POST OFFICE,Government & Legal
"Post Office, Kumarenellur PAYMENT",Government & Legal
NEFT-KHURDHA TOWN POLICE STATION,Government & Legal
"Police Station,Mananthavady",Government & Legal
POS DEBIT INDIA POST,Government & Legal
"UPI-POLICE STATION, AMBALAPUZHA",Government & Legal
Kanjettukara Post Office PAYMENT,Government & Legal
NEFT-COURT COMPLEX MULABAGILU,Government & Legal
vilayancode post office,Government & Legal
POS DEBIT KALWAD PULIA POLICE STATION.,Government & Legal
UPI-JELAA PRSHAASKER BAASBHBN,Government & Legal
Palam Police Station PAYMENT,Government & Legal
NEFT-CIVIL COURT JEHANABAD,Government & Legal
Nagarukhra Police Station,Government & Legal
"POS DEBIT LABOUR COURT, BHAVNAGAR",Government & Legal
UPI-PANAVALLY POST OFFICE,Government & Legal
M5 Ennore Police Booth PAYMENT,Government & Legal
NEFT-KOTWALI POLICE STATION,Government & Legal
"Police Station , Nani Daman",Government & Legal
POS DEBIT PIPARIYA S.O.,Government & Legal
UPI-THAPAL OFFICE,Government & Legal
"Sringapuram Post Office, ward 18 PAYMENT",Government & Legal
NEFT-SHIVAJINAGAR TRAFFIC POLICE STATION,Government & Legal
Kalbadevi Post Office 400002,Government & Legal
POS DEBIT VALAMKULAM,Government & Legal
UPI-NATTAKOM,Government & Legal
Perunthaloor Postoffice PAYMENT,Government & Legal
"NEFT-OFFICE OF THE DEPUTY SUPERINTENDENT OF POLICE, KUNDAPURA.",Government & Legal
Post Office Chengannur,Government & Legal
POS DEBIT JAGDEESHPURA BRANCH POST OFFICE,Government & Legal
UPI-OLD HEAD POST OFFICE,Government & Legal
POSTOFFICE KONNI PAYMENT,Government & Legal
NEFT-COMMUNITY HALL,Government & Legal
"Fire and Rescue Station, Nedumangadu",Government & Legal
POS DEBIT PASSPORT AND INNER LINE PERMIT REQUIRED,Government & Legal
UPI-PANTNAGAR POST OFFICE,Government & Legal
Kalol police station PAYMENT,Government & Legal
NEFT-VEDIVECHANKOVIL POST OFFICE,Government & Legal
Sengunthar marriage Hall,Government & Legal
POS DEBIT POST OFFICE ALUNGAL,Government & Legal
UPI-POST OFFICE KATTAKODE,Government & Legal
"Post Office , Peringilipuram PAYMENT",Government & Legal
NEFT-PAYYANAD B.O,Government & Legal
"Post Office, Mithirmala",Government & Legal
POS DEBIT POLICE SHELTER,Government & Legal
"UPI-POST OFFICE, MANNANAM",Government & Legal
Rasipuram PAYMENT,Government & Legal
NEFT-SHANAKARANARAYANA POST OFFICE,Government & Legal
DISTRICT AND SESSION COURT,Government & Legal
"POS DEBIT VANITHA POLICE STATION , KOTTAYAM",Government & Legal
UPI-INDIA POST,Government & Legal
Post Office Oachira PAYMENT,Government & Legal
NEFT-RANIRBAZAR FIRE SERVICE STATION,Government & Legal
High Court Nagpur,Government & Legal
POS DEBIT GURU NANAK NAGAR POST OFFICE,Government & Legal
UPI-AMBALAVATTOM POST OFFICE,Government & Legal
Consulate General of the United Arab Emirates PAYMENT,Government & Legal
NEFT-ZAWLNUAM POLICE OUT POST,Government & Legal
Railway Protection Force Circle office,Government & Legal
POS DEBIT DEVIKULAM POLICE STATION,Government & Legal
"UPI-FIRE AND RESCUE STATION, VARKKALA",Government & Legal
Fire And Rescue Service Station PAYMENT,Government & Legal
NEFT-COLVA POLICE STATION,Government & Legal
"Fire and Rescue Station, Shoranur",Government & Legal
POS DEBIT NALLANTHANNI POST OFFICE,Government & Legal
UPI-RAJENDRA NAGAR POLICE CHOWKI,Government & Legal
Nettukaltheri Open Prison PAYMENT,Government & Legal
"NEFT-POLICE STATION ,CUMBUMMETTU",Government & Legal
"Mohan Nagar Police Station, Durg",Government & Legal
POS DEBIT KULGAON POLICE STATION,Government & Legal
UPI-PIPLOD POLICE CHOWKI,Government & Legal
POST OFFICE KULAPARACHAL PAYMENT,Government & Legal
NEFT-GOVERNMENT TOWN HALL VADNAGAR,Government & Legal
D1 Triplicane Police Station,Government & Legal
POS DEBIT COIMBATORE CITY MUNICIPAL CORPORATION,Government & Legal
UPI-JEEVAN BHIMA NAGAR POLICE STATION,Government & Legal
Traffic Roundabout PAYMENT,Government & Legal
NEFT-PULIYAVU POST OFFICE,Government & Legal
Head Post Office sultanpur,Government & Legal
POS DEBIT HOSDURG SUB COURT,Government & Legal
UPI-HUDCO POLICE STATION,Government & Legal
Post Office Periya PAYMENT,Government & Legal
"NEFT-FIRE AND RESCUE STATION, CHENGALCHOOLA",Government & Legal
Police Station Chombala,Government & Legal
POS DEBIT DESAIPETA SUB POST OFFICE,Government & Legal
UPI-WAGLE POLICE STATION,Government & Legal
H1 Washermanpet Police Station PAYMENT,Government & Legal
NEFT-S.P. POLICE STATION,Government & Legal
Edappally Head Post Office,Government & Legal
POS DEBIT POST OFFICE ARIYALLUR,Government & Legal
"UPI-INDIA POST - COLVALE, PANCHAYAT BUILDING",Government & Legal
Kasaba Bawada Post Office PAYMENT,Government & Legal
"NEFT-MUNSIFF'S COURT, PAYYANNUR",Government & Legal
Yashodhara Nagar Police Station,Government & Legal
"POS DEBIT POLICE STATION, CHITHARA",Government & Legal
UPI-FIRST CLASS MAGISTRATE COURT,Government & Legal
Police Station Safakadal PAYMENT,Government & Legal
NEFT-SION (E) POLICE STATION,Government & Legal
"Post Office, Mammodu",Government & Legal
POS DEBIT VIVEKANAND NAGAR POST OFFICE,Government & Legal
UPI-KHARADI POLICE STATION,Government & Legal
"Post Office, Vadavannur PAYMENT",Government & Legal
NEFT-SOLADEVANAHALLI POLICE STATION,Government & Legal
Post Office Enathu,Government & Legal
POS DEBIT BEZIRKSGEFANGNIS,Government & Legal
UPI-PSB HALL,Government & Legal
Ambazari Police Station PAYMENT,Government & Legal
NEFT-TOWN POLICE OFFICE COMPLEX,Government & Legal
Postal Park Post Office,Government & Legal
POS DEBIT COMBINED COURT BUILDING (DINDIGUL DISTRICT COURT),Government & Legal
UPI-SIMA PRAHARI CHAUKI LALBOJHI,Government & Legal
Sub Post Office - Pamarru PAYMENT,Government & Legal
NEFT-KAMPATTI POST OFFICE,Government & Legal
DYSP office,Government & Legal
POS DEBIT FIRE SERVICE STATION;FIRE FORCE SERVICE CENTER,Government & Legal
UPI-POLPULLY POST OFFICE,Government & Legal
Suvidha Centre Sunam Sangrur PAYMENT,Government & Legal
NEFT-SAMPANGI RAMA NAGAR POST OFFICE,Government & Legal
Null Bazaar Post Office,Government & Legal
"POS DEBIT POLICE STATION, POTHUKAL",Government & Legal
UPI-KUTHUPARAMBA POST OFFICE,Government & Legal
Jalpaiguri Municipality PAYMENT,Government & Legal
NEFT-APO HALL,Government & Legal
"Post Office, Ponnore",Government & Legal
POS DEBIT DTDC COURRIER OFFICE,Government & Legal
UPI-JUDICIAL 1ST CLASS MEGISTRATE COURT,Government & Legal
Tala Police Station PAYMENT,Government & Legal
NEFT-KHARDAH POLICE STATION,Government & Legal
DTDC courier,Government & Legal
POS DEBIT SOMANGALAM POLICE STATION,Government & Legal
UPI-BAMNI,Government & Legal
Sector 7 Police station PAYMENT,Government & Legal
NEFT-MURSHIDABAD POST OFFICE,Government & Legal
National Consumer Despute Redresal,Government & Legal
POS DEBIT VIJAPUR NAKA POLICE STATION,Government & Legal
UPI-SAIHA POLICE STATION,Government & Legal
Tulsibari Post Office PAYMENT,Government & Legal
NEFT-TARAKESWAR POLICE STATION,Government & Legal
Kodigehalli Police Station,Government & Legal
POS DEBIT CHAINPUR (TOPA) POST OFFICE,Government & Legal
UPI-KOPARKHAIRNE FIRE STATION,Government & Legal
Barpeta Road Police Thana PAYMENT,Government & Legal
NEFT-BHIWANI DISTRICT COURT,Government & Legal
Indu Aranya Club House,Government & Legal
POS DEBIT BARHARIA POLICE STATION,Government & Legal
UPI-SIDHBARI POST OFFICE,Government & Legal
Post office Keezhavoor PAYMENT,Government & Legal
NEFT-THIRUVALLAM POLICE STATION,Government & Legal
"Police Station, Kottappady",Government & Legal
POS DEBIT POLICE STATION BONIYAR,Government & Legal
UPI-PROCTOR BOOTH,Government & Legal
Mayannur PAYMENT,Government & Legal
NEFT-NEW MARKET,Government & Legal
Malik,Government & Legal
POS DEBIT POST OFFICE MANATHANA,Government & Legal
UPI-PERUR POST OFFICE,Government & Legal
Jharigaon police Station PAYMENT,Government & Legal
NEFT-VETAPALEM POLICE STATION,Government & Legal
permangalam police station,Government & Legal
"POS DEBIT SUB POST OFFICE, NELLAYA",Government & Legal
UPI-EDATHITTA POST OFFICE,Government & Legal
K M Doddi Police Station PAYMENT,Government & Legal
NEFT-OFFICE OF SUPERINTENDENT OF POLICE- NAHAN,Government & Legal
Police Station Padrauna,Government & Legal
POS DEBIT TUNI URBAN POLICE STATION,Government & Legal
UPI-VELLANI POST OFFICE,Government & Legal
prasanth nagar post office PAYMENT,Government & Legal
"NEFT-POLICE STATION, PERINGOME",Government & Legal
Post office mathamangalam,Government & Legal
POS DEBIT POST OFFICE KURUKATHANI,Government & Legal
"UPI-POST OFFICE, KURIYANAD",Government & Legal
"Police Station, Malappuram PAYMENT",Government & Legal
NEFT-MANNOOR POST OFFICE,Government & Legal
Dinkar Kala Bhawan,Government & Legal
POS DEBIT HIGH COURT OF TELANGANA,Government & Legal
"UPI-POST OFFICE, KARAD",Government & Legal
City town hall PAYMENT,Government & Legal
"NEFT-COSTAL POLICE STATION, NEENDAKARA",Government & Legal
Indira Gandhi International Airport Police Station,Government & Legal
POS DEBIT NAINPUR POST OFFICE,Government & Legal
UPI-VELLALLOOR POST OFFICE,Government & Legal
raajshaahii phaay'aar saarbhis ayaandd sibhil PAYMENT,Government & Legal
NEFT-MOHANUR GOVT POST,Government & Legal
"Post Office, Chathanoor",Government & Legal
POS DEBIT ALTINHO POST OFFICE,Government & Legal
UPI-MARTHUR POST OFFICE,Government & Legal
Arthur Road Jail PAYMENT,Government & Legal
NEFT-MATHOOR POST OFFICE,Government & Legal
Cerebtec Technologies pvt.ltd,Government & Legal
POS DEBIT POST OFFICE VANDAZHI,Government & Legal
UPI-GHARGAON POLICE STATION,Government & Legal
"Police Station, Kollam West PAYMENT",Government & Legal
NEFT-KARIMNAGAR COMMISIONARATE,Government & Legal
Police Station Tejgarhi,Government & Legal
POS DEBIT KANJIRAMATTOM POST OFFICE,Government & Legal
UPI-POSTAL SERVICE,Government & Legal
Polur Combined Court PAYMENT,Government & Legal
NEFT-MADDUR POLICE STATION,Government & Legal
kannanchery post office,Government & Legal
POS DEBIT ALUMTHRUTHY POST OFFICE,Government & Legal
UPI-POST OFFICE,Government & Legal
Post Office Tuneri PAYMENT,Government & Legal
NEFT-MANDIR MARG POLICE STATION COMPLEX,Government & Legal
komady ward branch,Government & Legal
POS DEBIT C KESHAVAN MEMORIAL KOLLAM TOWN HALL,Government & Legal
UPI-UPPUTHARA POST OFFICE,Government & Legal
All Women Police Station PAYMENT,Government & Legal
NEFT-APSP- 2 BETALLION,Government & Legal
Chottanikara Post Office,Government & Legal
POS DEBIT D.N.NAGAR POST OFFICE,Government & Legal
UPI-TIHAR JAIL,Government & Legal
bhairesl simaa surkssaa caukii PAYMENT,Government & Legal
NEFT-PERUMUNDASSERI POST OFFICE,Government & Legal
Thane Central Jail,Government & Legal
POS DEBIT KOOVALLOOR POST OFFICE,Government & Legal
UPI-BARATAKALAN POST OFFICE,Government & Legal
Tarakeswar Municipalty PAYMENT,Government & Legal
NEFT-POST OFFICE POOYAMKUTTY,Government & Legal
Maurice Nagar Police Station,Government & Legal
POS DEBIT POST OFFICE MAMALAKANDAM,Government & Legal
"UPI-POST OFFICE,ELAVATTOM",Government & Legal
Kuzhalmannam Agraharam Post Office PAYMENT,Government & Legal
NEFT-ULTADANGA TRAFFIC GUARD,Government & Legal
Womens court,Government & Legal
POS DEBIT POST OFFICE VELUPADAM,Government & Legal
"UPI-POST OFFICE, IRINGAL",Government & Legal
sanitorium postoffice PAYMENT,Government & Legal
NEFT-INDIAN POST,Government & Legal
Avenue Road Police Chowky,Government & Legal
POS DEBIT SUP,Government & Legal
"UPI-POST OFFICE, KEEZHOOR",Government & Legal
"Post Office, Mathilil PAYMENT",Government & Legal
NEFT-AMASEBAIL POLICE SRATION,Government & Legal
Kattathurai Post Office,Government & Legal
"POS DEBIT POLICE STATION, TALKATORA",Government & Legal
UPI-JHUNSI POLICE CHOWKI,Government & Legal
"Post Office, Aryampadam PAYMENT",Government & Legal
NEFT-MODINAGAR POLICE STATION,Government & Legal
Bongaon police station,Government & Legal
POS DEBIT THRIPUNITHURA MUNCIPALITY,Government & Legal
UPI-CHERLAI POST OFFICE,Government & Legal
Vadavalli Sub Post Office PAYMENT,Government & Legal
NEFT-KU POST OFFICE,Government & Legal
post office padinjarekara,Government & Legal
POS DEBIT RRRF CIVIL POLICE TVM,Government & Legal
UPI-KOTTOOR POST OFFICE,Government & Legal
police ground PAYMENT,Government & Legal
NEFT-CLUB HOUSE,Government & Legal
Police Station Kotla,Government & Legal
POS DEBIT AUNDH FIRE STATION,Government & Legal
UPI-POST OFFICE VENGALLOOR,Government & Legal
Anayara Post Office PAYMENT,Government & Legal
NEFT-KODUMON POST OFFICE,Government & Legal
Karikkattoor Centre Post Office,Government & Legal
POS DEBIT ST. PAUL'S PARISH HALL,Government & Legal
"UPI-POLICE STATION, RANNI",Government & Legal
Byadarahalli Police Station PAYMENT,Government & Legal
NEFT-SONKATCH POLICE STATION,Government & Legal
Kolathur Post office,Government & Legal
POS DEBIT ANNASSERY POST OFFICE,Government & Legal
"UPI-SUB POST OFFICE, IRINGAL",Government & Legal
Consulate General of Montenegro PAYMENT,Government & Legal
NEFT-VIJAYNAGAR TRAFFIC POLICE STATION,Government & Legal
Perunthattil Valiyaparamb po,Government & Legal
POS DEBIT DUNGARPUR POST OFFICE,Government & Legal
UPI-INDRAPALA POST OFFICE,Government & Legal
"Nareekampally Branch Post office, Nareekampally PAYMENT",Government & Legal
NEFT-BARRACKPORE SUB DIVISIONAL COURT,Government & Legal
D.N. Nagar Police Station,Government & Legal
"POS DEBIT POLICE STATION,ADOOR",Government & Legal
UPI-JOKI GAUN,Government & Legal
"Post Office, RK Hospital Complex PAYMENT",Government & Legal
NEFT-CISF CENTRAL INDUSTRIAL SECURITY FORCE,Government & Legal
Marmagao Post Office Branch,Government & Legal
POS DEBIT POST OFFICE CHIRGAON,Government & Legal
UPI-PATTURAIKAL P.O,Government & Legal
Islampur Court Post Office PAYMENT,Government & Legal
"NEFT-FIRE AND RESCUE STATION, CHANGANASSERY",Government & Legal
sukhkhaa simaa surkssaa caukii,Government & Legal
POS DEBIT MANANCHERRY POST OFFICE,Government & Legal
UPI-JORABAGAN POLICE STATION,Government & Legal
IISc Post Office PAYMENT,Government & Legal
NEFT-ANANDNAGAR POLICE STATION,Government & Legal
Lumding Police Station,Government & Legal
"POS DEBIT MUNSIFF MAGISTRATE COURT, MANNARKKAD",Government & Legal
UPI-COMMUNIST PARTY OFFICE,Government & Legal
"Police Station , Thrissur Medical College PAYMENT",Government & Legal
NEFT-POLICE ASSISTANCE BOOTH,Government & Legal
Vavvakavu Post Office,Government & Legal
POS DEBIT KONDAPUR POST OFFICE,Government & Legal
UPI-NIMAPADA FIRE STATION,Government & Legal
Bhatiya Police Stattion PAYMENT,Government & Legal
NEFT-VAKATHANAM POST OFFICE,Government & Legal
Nainpur Police Station,Government & Legal
POS DEBIT POST OFFICE PALAPPETTY,Government & Legal
UPI-POLICE HEAD QURTER,Government & Legal
Police Station Baghat PAYMENT,Government & Legal
NEFT-DCP SHAHDARA DISTRICT OFFICE,Government & Legal
"Post Office, Konikkazhi",Government & Legal
POS DEBIT INDIRA NAGAR POST OFFICE,Government & Legal
UPI-RAILWAY POLICE STATION,Government & Legal
Pullad Post Office PAYMENT,Government & Legal
NEFT-GANAPATHY FIRESTATION,Government & Legal
Central Jail Varanasi,Government & Legal
POS DEBIT VENGAD,Government & Legal
UPI-JUVENILE JUSTICE BOARD,Government & Legal
Odisha reserve police ground PAYMENT,Government & Legal
NEFT-VILLAGE COURT - GRAM PANCHAYAT,Government & Legal
Desk to Desk Courier And Cargo,Government & Legal
POS DEBIT SHAHPUR POLICE STATION,Government & Legal
UPI-RADHANPUR ROAD SUB POST OFFICE,Government & Legal
Kuzhimanna post office PAYMENT,Government & Legal
NEFT-KUKATPALLY POST OFFICE,Government & Legal
Jaroda Panda SO,Government & Legal
POS DEBIT POST OFFICE MANIMOOLY.,Government & Legal
UPI-POLICE POST NOORBAGH,Government & Legal
Shibpur Police Line PAYMENT,Government & Legal
NEFT-CHEERAL POST OFFICE,Government & Legal
District Police Head Quaters,Government & Legal
POS DEBIT VAYYATTUPUZHA POST OFFICE,Government & Legal
UPI-CHIKHALI FIRE STATION,Government & Legal
"Chundale Post Office, Chundale PAYMENT",Government & Legal
NEFT-SHRI BALKRISHNA MANGALAM,Government & Legal
Savitri Hall,Government & Legal
POS DEBIT FIRE SAFETY DEPARTMENT,Government & Legal
"UPI-POST OFFICE, PILAKAVU",Government & Legal
"Post Office, Cheraya PAYMENT",Government & Legal
NEFT-VIJAYAPURA POLICE STATION,Government & Legal
Sarwar Court,Government & Legal
POS DEBIT SSTR BES KYAAMP,Government & Legal
UPI-HUMNABAD POLICE STATION,Government & Legal
"Fire and Rescue Station, Thalassery PAYMENT",Government & Legal
NEFT-SHIMLA FIRE STATION,Government & Legal
"Police Station, Kulamavu",Government & Legal
POS DEBIT T-2 REDDICHAVADY POLICE STATION,Government & Legal
"UPI-POST OFFICE, BIBIPET",Government & Legal
"Post Office, Pius Mount PAYMENT",Government & Legal
"NEFT-POLICE STATION, MEPPAYUR",Government & Legal
Regional Transport Office,Government & Legal
POS DEBIT THANA SADAR,Government & Legal
UPI-AMBALAMUGAL POST OFFICE,Government & Legal
15-mile settlement PAYMENT,Government & Legal
"NEFT-POST OFFICE, VADAKKUMPADAM",Government & Legal
Judicial Magistrate Court Kattappana,Government & Legal
POS DEBIT DISTRICT ADMINISTRATIVE OFFICE,Government & Legal
UPI-CBI BUILDING,Government & Legal
"Post Office, North Beypore PAYMENT",Government & Legal
NEFT-KOOMANTHODE (KARIKKOTTAKARY) POST OFFICE,Government & Legal
"Indian Post Office,Plankamon",Government & Legal
POS DEBIT PUDUCHATHIRAM POLICE STATION,Government & Legal
UPI-ROAD CLOSED,Government & Legal
Kizhakkumpuram post office PAYMENT,Government & Legal
NEFT-REGIONAL FIRE OFFICE,Government & Legal
Bhanodi Police Post,Government & Legal
POS DEBIT POST OFFICE SAONER,Government & Legal
"UPI-POLICE STATION, PERAVOOR",Government & Legal
Sundernagar Colony Police Station PAYMENT,Government & Legal
NEFT-POLICE STATION CHANKYAPURI,Government & Legal
Consumer Protection Court,Government & Legal
"POS DEBIT POST OFFICE, MARIKUNNU",Government & Legal
UPI-RATHINAPURI B-15 POLICE STATION,Government & Legal
Sundernagar District Courts PAYMENT,Government & Legal
NEFT-BOUBAZAR POLICE STATION,Government & Legal
"Post Office, Peyad",Government & Legal
"POS DEBIT HALL,ELETTIL VATTOLI",Government & Legal
UPI-ONAKKOOR POST OFFICE,Government & Legal
Women police station PAYMENT,Government & Legal
NEFT-VIJAYAWADA CITY POLICE,Government & Legal
Police training center,Government & Legal
POS DEBIT KAPTIPADA SUB-DIVISIONAL JAIL,Government & Legal
UPI-ACHENKOVIL POLICE STATION,Government & Legal
Gomti Nagar Police Station PAYMENT,Government & Legal
"NEFT-POLICE STATION, OONNUKAL",Government & Legal
Baijnath Police Station,Government & Legal
POS DEBIT POLICE STATION PAHARGANJ,Government & Legal
UPI-JVCC HALL,Government & Legal
RRF - Commandant Office PAYMENT,Government & Legal
NEFT-THALSSERY TOWN HALL,Government & Legal
Circuit Bench,Government & Legal
POS DEBIT GHAZIPUR POLICE STATION,Government & Legal
UPI-DISTRICT JAIL - VARANASI,Government & Legal
Kalaburagi Central Jail PAYMENT,Government & Legal
"NEFT-POLICE STATION ,ARYANCODE",Government & Legal
City Civil Court,Government & Legal
POS DEBIT KOOTHANALLUR POST OFFICE,Government & Legal
UPI-KACHERIPPARAMBU,Government & Legal
Excise office check post PAYMENT,Government & Legal
"NEFT-POST OFFICE, MANAKAVU",Government & Legal
Post office Nochipulli,Government & Legal
POS DEBIT FIRING RANGE NARNAUL,Government & Legal
UPI-KOTA POLICE STATION,Government & Legal
Kuranjiyoor Post Office PAYMENT,Government & Legal
NEFT-MAPUSA POST OFFICE,Government & Legal
Shibpur Bansberia Post Office,Government & Legal
POS DEBIT JAGGAMPETA POLICE STATION,Government & Legal
UPI-BOMDILA POLICE STATION,Government & Legal
Jhitkiya PAYMENT,Government & Legal
"NEFT-CONSULATE GENERAL OF DENMARK, BANGALORE",Government & Legal
Post Office Bakloh Cantt,Government & Legal
POS DEBIT VALPOI POLICE STATION,Government & Legal
UPI-HIGHWAY POLICE STATION,Government & Legal
BIdhannagar North Police Station PAYMENT,Government & Legal
NEFT-NAVARATNA KALYANAMANDAPAM,Government & Legal
Prahari chauki Piprahawa,Government & Legal
POS DEBIT MANIBEN TOWNHALL,Government & Legal
UPI-MUNICIPAL TOWN HALL,Government & Legal
Kakkayam post office PAYMENT,Government & Legal
NEFT-BAIDYABATI POST OFFICE,Government & Legal
S.P. Office (Superintendent of Police),Government & Legal
POS DEBIT HIGH SECURITY PRISON,Government & Legal
UPI-FIRE AND RESCUE STATION,Government & Legal
"Police Station, Kelakam PAYMENT",Government & Legal
NEFT-PUNE MAIN FIRE STATION,Government & Legal
Nedumangad Traffic Police Station,Government & Legal
POS DEBIT CITY POST OFFICE,Government & Legal
UPI-POLICE STATION SHIMLA PURI,Government & Legal
Rural and Town Police station PAYMENT,Government & Legal
NEFT-TAWANG POST OFFICE,Government & Legal
"Police Station, Malur",Government & Legal
POS DEBIT FIRE DEPARTMENT BUILDING,Government & Legal
"UPI-POLICE STATION,KOTTIYAM",Government & Legal
Ambey marriage hall PAYMENT,Government & Legal
NEFT-TILAK NAGAR POST OFFICE,Government & Legal
Lasaudia Police Station,Government & Legal
POS DEBIT AYAD POLICE STATION,Government & Legal
UPI-VIVEKNAGAR POLICE STATION,Government & Legal
"Police Station, Kuttippuram PAYMENT",Government & Legal
"NEFT-DISTRICT JAIL, FARIDABAD",Government & Legal
Dindigul Municipal Corporation,Government & Legal
POS DEBIT SEC-56 POST OFFICE,Government & Legal
UPI-SREE NARAYANA HALL,Government & Legal
"Fire and Rescue Station, Tirur PAYMENT",Government & Legal
NEFT-THIDANAD POST OFFICE,Government & Legal
"post office,sikandra",Government & Legal
POS DEBIT TRACKON COURIER,Government & Legal
UPI-PALACKATTUMALA POST OFFICE,Government & Legal
Erumapetty Police Station PAYMENT,Government & Legal
NEFT-BARA HINDU RAO POLICE STATION,Government & Legal
Maruthi Couriers,Government & Legal
POS DEBIT MAHILA THANA CAMPUS,Government & Legal
UPI-IRINGOLE POST OFFICE,Government & Legal
Vigilance And Anti Corruption Court PAYMENT,Government & Legal
NEFT-OFFICE OF THE POST MASTER,Government & Legal
"Post office, Vadakkenirappu",Government & Legal
POS DEBIT B1 NORTH BEACH POLICE STATION,Government & Legal
"UPI-SUB POST OFFICE, IRINJALAKUDA MARKET",Government & Legal
Post Office Ayyarkulangara PAYMENT,Government & Legal
NEFT-POST OFFICE ARIMBUR,Government & Legal
"Post Office, Meppayur",Government & Legal
POS DEBIT SECTOR-48 POST OFFICE,Government & Legal
UPI-POST OFFICE KIZHAKKEKKULAMB,Government & Legal
Gadhinglaj Court PAYMENT,Government & Legal
"NEFT-POST OFFICE, ELATHUR",Government & Legal
CIAL Fire Station,Government & Legal
"POS DEBIT POST OFFICE,PAZHAKULAM",Government & Legal
"UPI-MULKANOOR POLICE STATION, BHEEMADEVARAPALLY",Government & Legal
KAP 3 Office PAYMENT,Government & Legal
NEFT-PALLATHERI POST OFFICE,Government & Legal
mutlaikkullm anycl aluvlkm,Government & Legal
POS DEBIT ANAPETTAPONGAL,Government & Legal
UPI-KHARGHAR POLICE STATION,Government & Legal
Mormugao Police Station PAYMENT,Government & Legal
NEFT-NAGERCOIL MUNICIPAL CORPORATION OFFICE,Government & Legal
Kaithakkad Postoffice,Government & Legal
POS DEBIT MIYAPUR TRAFFIC POLICE STATION,Government & Legal
UPI-JUHU TARA ROAD POLICE STATION,Government & Legal
"Magistrate Court, Athani PAYMENT",Government & Legal
NEFT-KAYYOOR POST OFFICE,Government & Legal
Tarabag Post Office,Government & Legal
POS DEBIT CHANDANPUR POLICE STATION,Government & Legal
UPI-NEW TEHRI JAIL,Government & Legal
Durbargarh Post Office PAYMENT,Government & Legal
NEFT-PUNNATHURA EAST POST OFFICE,Government & Legal
Jharpada Special Jail,Government & Legal
POS DEBIT VELLORE DISTRICT AND SESSIONS COURT,Government & Legal
UPI-INDIAN POSTAL SERVICE,Government & Legal
"Post Office, Thaneermukkom PAYMENT",Government & Legal
NEFT-THIRUVARUR TOWN POLICE STATION,Government & Legal
ACP AtamNagar,Government & Legal
POS DEBIT KANCHIYAR SUB POST OFFICE,Government & Legal
UPI-MAALAM POST OFFICE,Government & Legal
"Police Station, Kottayi PAYMENT",Government & Legal
NEFT-GAJWEL POLICE STATION,Government & Legal
New Court,Government & Legal
"POS DEBIT FAST TRACK COURT, NEDUMANGADU",Government & Legal
UPI-BAJALU POST OFFICE,Government & Legal
DTDC Pattan PAYMENT,Government & Legal
"NEFT-POLICE STATION, KILIKKOLLUR",Government & Legal
"Post Office, Chappathu",Government & Legal
POS DEBIT RAILWAY POLICE FORCE OUT POST,Government & Legal
UPI-AP CHECKPOST,Government & Legal
HAL Traffic Police Station PAYMENT,Government & Legal
NEFT-ARAMBAGH HEAD POST OFFICE,Government & Legal
"Police Station , Marayoor",Government & Legal
POS DEBIT VENGINISSERY POST OFFICE,Government & Legal
UPI-MAHARASHTRA NAGAR POLICE STATION,Government & Legal
Kunnathur Police Station PAYMENT,Government & Legal
NEFT-BALAGANDHARVA POLICE STATION,Government & Legal
Kasaragod District Jail,Government & Legal
POS DEBIT KESHAVPURAM FIRE STATION,Government & Legal
UPI-GOSAIPUR POST OFFICE 734014,Government & Legal
Elaka Prahari Karyalaya Jamunaha Banke PAYMENT,Government & Legal
NEFT-T15 SRMC PS,Government & Legal
NKP Police Station,Government & Legal
POS DEBIT SN PURAM POLICE STATION,Government & Legal
UPI-T-13 CHITLAPAKKAM POLICE STATION,Government & Legal
Post Office - Vanastalipuram PAYMENT,Government & Legal
NEFT-PARUVASSERY POST OFFICE,Government & Legal
"India post,revendrapadu",Government & Legal
"POS DEBIT POST OFFICE, VALIYATHOVALA",Government & Legal
UPI-SUSHANT LOK POLICE STATION,Government & Legal
Chowdibegur PAYMENT,Government & Legal
"NEFT-POST OFFICE, MADUKKA",Government & Legal
Velhe Police Station,Government & Legal
POS DEBIT RMS KOTTAYAM,Government & Legal
UPI-WADAKKANCHERRY POST OFFICE,Government & Legal
kulashekarapuram PAYMENT,Government & Legal
"NEFT-HEAD POST OFFICE, BHILWARA",Government & Legal
Pulakeshi Nagar Police Station,Government & Legal
POS DEBIT MARKET POLICE STATION,Government & Legal
UPI-SOG CAMP,Government & Legal
Njarakkal Police Station PAYMENT,Government & Legal
NEFT-POST OFFICE THINDALAM,Government & Legal
"Police Station , Kotabommali",Government & Legal
POS DEBIT BAIJNATH POST OFFICE,Government & Legal
UPI-POST OFFICE AKKALKOT,Government & Legal
"Post Office, Poovar PAYMENT",Government & Legal
NEFT-POLICE STATION KAZA,Government & Legal
J9 Police Station,Government & Legal
POS DEBIT GRAND AUDITORIUM,Government & Legal
UPI-OLD TOWN HALL,Government & Legal
Khammam Muncipality PAYMENT,Government & Legal
NEFT-RANDAR POST OFFICE,Government & Legal
kannur,Government & Legal
"POS DEBIT POLICE STATION,CHERANALLOOR",Government & Legal
UPI-POZHIYUR POLICE STATION,Government & Legal
"Fire and Rescue Station, Chengannur PAYMENT",Government & Legal
NEFT-ETTUMANOOR POST OFFICE,Government & Legal
Port Office,Government & Legal
POS DEBIT SASTANADA,Government & Legal
UPI-POST OFFICE,Government & Legal
"Police Station,Chavakkad PAYMENT",Government & Legal
NEFT-BHIMAVARAM JAIL,Government & Legal
Hingoli Post Office,Government & Legal
POS DEBIT RTO OFFICE BICHOLIM,Government & Legal
UPI-POLICE STATION FATEH KADAL,Government & Legal
Kamla Nagar Police Choki PAYMENT,Government & Legal
NEFT-DC OFFICE NAND NAGRI SHAHDARA,Government & Legal
Police Station Putlampalli,Government & Legal
POS DEBIT BYCULLA,Government & Legal
UPI-CENTURY PLAZA AUDITORIUM,Government & Legal
Patna High Court PAYMENT,Government & Legal
NEFT-MAHENDRAGARH SUB DIVISIONAL COURT,Government & Legal
post office muthalakodam,Government & Legal
POS DEBIT WALAJABAD POLICE STATION,Government & Legal
UPI-POST OFFICE LOTE,Government & Legal
Chowk Bazar Police Station (Furja) PAYMENT,Government & Legal
"NEFT-POLICE STATION, KOORACHUNDU",Government & Legal
muttvuu poosrrrr oophiis,Government & Legal
POS DEBIT POLICE STATION SADAR MANDI,Government & Legal
UPI-POST OFFICE AMKAMPADAM,Government & Legal
Adyar J2 PAYMENT,Government & Legal
NEFT-MUNICIPALITY OFFICE,Government & Legal
Mukkam Post Office,Government & Legal
POS DEBIT POLICE STATION KUPWARA,Government & Legal
UPI-SP OFFICE VIKARABAD,Government & Legal
Kerala fire and rescue station PAYMENT,Government & Legal
NEFT-PUTHUKKAD POST OFFICE,Government & Legal
Shil Mhape Police Chouki,Government & Legal
POS DEBIT POST OFFICE EDAPPAL,Government & Legal
"UPI-POLICE STATION, GHANPUR",Government & Legal
"Police Station, Parappanangadi PAYMENT",Government & Legal
"NEFT-POLICE STATION, VADAKKENCHERRY",Government & Legal
Post office Muttikulangara sub,Government & Legal
POS DEBIT POLICE STATION QADIAN,Government & Legal
UPI-KARIYATHAN KAVE POST OFFICE,Government & Legal
Avinissery post office PAYMENT,Government & Legal
NEFT-TIRUPUR TOWN HALL,Government & Legal
Moorkanad Krishi Bhavan,Government & Legal
POS DEBIT POLICE STATION GHARUAN,Government & Legal
UPI-VALIYATHURA POLICE STATION,Government & Legal
Chittilappily Post Office PAYMENT,Government & Legal
NEFT-HRIDAYPUR POST OFFICE,Government & Legal
Special Sub Jail Palakkad,Government & Legal
POS DEBIT OLAT POST OFFICE,Government & Legal
"UPI-POLICE STATION,MATHILAKAM",Government & Legal
Madurai Traffic Police Station PAYMENT,Government & Legal
NEFT-POST OFFICE KOZHUMMAL,Government & Legal
DHL Bluedart,Government & Legal
POS DEBIT ARATTUPUZHA POST OFFICE,Government & Legal
UPI-COLVALE CENTRAL JAIL,Government & Legal
Three Town police station PAYMENT,Government & Legal
NEFT-MARUTI AIR COURIERS AND CARGO,Government & Legal
santirbazar post office,Government & Legal
POS DEBIT KIBITHU POST,Government & Legal
"UPI-POLICE STATION, MANKARA",Government & Legal
Bikaner Central Jail PAYMENT,Government & Legal
NEFT-MADDUR COURT,Government & Legal
Post Office Pothundy Dam,Government & Legal
POS DEBIT KHURDHA COURT,Government & Legal
UPI-KAIPHUNDAI POST,Government & Legal
Thanjavur District Court PAYMENT,Government & Legal
NEFT-ADIRAMPATTINAM POLICE STATION,Government & Legal
"Post Office, Nellikaparamb",Government & Legal
POS DEBIT KUTTAMPUZHA GRAMA PANCHAYATH TOWN HALL,Government & Legal
"UPI-POLICE STATION , THRISSUR EAST",Government & Legal
Gubbi JMFC Court PAYMENT,Government & Legal
NEFT-BUXAR CENTRAL JAIL,Government & Legal
Gujarat High Court,Government & Legal
POS DEBIT RICEMILL ASSOCIATION FUNCTION HALL,Government & Legal
UPI-K. KARUNAKARAN PANCHAYATH COMMUNITY HALL,Government & Legal
mundayad po PAYMENT,Government & Legal
NEFT-PATNA GENERAL POST OFFICE,Government & Legal
Post Office 613001,Government & Legal
POS DEBIT KOLAKKATTUCHALI POST OFFICE AND ALP SCHOOL,Government & Legal
UPI-FIRE AND EMERGENCY SERVICE,Government & Legal
Kanjaveli Post Office PAYMENT,Government & Legal
NEFT-INCOME TAX CPC,Government & Legal
"Police Station , Polaki",Government & Legal
"POS DEBIT POLICE STATION, ERUMELI",Government & Legal
UPI-CHEEKONNUMMAL WEST POST OFFICE,Government & Legal
Police Post ISBT PAYMENT,Government & Legal
NEFT-DHONI POST OFFICE,Government & Legal
"Office of Superintendant of Police, Amravati",Government & Legal
POS DEBIT MADRAS UYARNEEDHI MANDRAM - MADURAI KILAI,Government & Legal
UPI-THOOTHUKUDI ALL WOMEN POLICE STATION,Government & Legal
Police Station Hazrat Nizamudin Railway station PAYMENT,Government & Legal
NEFT-GURRAMPOD POLICE STATION,Government & Legal
Post Office Gangi Hat,Government & Legal
"POS DEBIT POST OFFICE, MOILOTHARA",Government & Legal
"UPI-POLICE STATION, SHORNUR",Government & Legal
Tirumala Post Office PAYMENT,Government & Legal
NEFT-DEGANGA POLICE STATION,Government & Legal
POSTOFFICE KUMARAMANGALAM,Government & Legal
POS DEBIT VHP HALL,Government & Legal
UPI-POLICE STATION RITHALA METRO,Government & Legal
Sadar Police Station Ferozepur Cantt PAYMENT,Government & Legal
NEFT-KAWRTHAH POLICE STATION,Government & Legal
Talpona Coastal Security,Government & Legal
POS DEBIT RAILWAY JUDGE HOUSE,Government & Legal
UPI-CHAKKARAPADAM POST OFFICE,Government & Legal
Post Office Trikaripur PAYMENT,Government & Legal
NEFT-AIZWAL POLICE STATION,Government & Legal
New Nagar Palika,Government & Legal
POS DEBIT A R POLICE CAMP,Government & Legal
UPI-NAMPALLY POLICE STATION,Government & Legal
Udupi Town Police Station PAYMENT,Government & Legal
NEFT-KUZHIMATTOM POST OFFICE,Government & Legal
New Market Police Station,Government & Legal
POS DEBIT MAWSYNRAM POLICE STATION,Government & Legal
UPI-FIRE AND RESCUE STATION VALLARPADAM,Government & Legal
Indian Post Vangalapudi PAYMENT,Government & Legal
NEFT-SAIRANG POLICE STATION,Government & Legal
Haldwani Kotwali,Government & Legal
POS DEBIT AKOLE COURT,Government & Legal
"UPI-POST OFFICE, OONNUKAL",Government & Legal
Mudavantheri Post Office PAYMENT,Government & Legal
"NEFT-POLICE STATION, KANNANALLOOR",Government & Legal
"Sub-Jail, Chittur",Government & Legal
POS DEBIT POST OFFICE THONAKKAD,Government & Legal
UPI-INDIA POST NALANCHIRA,Government & Legal
Ullanad Post Office PAYMENT,Government & Legal
"NEFT-DISTRICT JAIL, NABHA",Government & Legal
Agacaim Police Station,Government & Legal
POS DEBIT NAIHATI POST OFFICE,Government & Legal
UPI-MAANGAR POLICE CHOWKI,Government & Legal
klikaataa ucc aadaalt PAYMENT,Government & Legal
NEFT-MAHADULA FIRE STATION,Government & Legal
Karjat Police Station,Government & Legal
POS DEBIT KOTHRUD POLICE STATION,Government & Legal
UPI-POST OFFICE CHOOTHUPARA,Government & Legal
Police Station Rajbagh PAYMENT,Government & Legal
NEFT-ENMAVU POST OFFICE,Government & Legal
Ganj Post office,Government & Legal
POS DEBIT DOMLUR POST OFFICE,Government & Legal
UPI-JUNAGADH DISTRICT COURT,Government & Legal
Balesar Police Station PAYMENT,Government & Legal
NEFT-BANASHANKARI POLICE STATION,Government & Legal
"Police Station ,Cherpu",Government & Legal
"POS DEBIT POLICE STATION,KADINAMKULAM",Government & Legal
"UPI-POST OFFICE,PERINGANAD",Government & Legal
Jalpaiguri Central Correctional Home PAYMENT,Government & Legal
NEFT-KOTTAYAM DISTRICT JAIL,Government & Legal
Traffic Police Station,Government & Legal
POS DEBIT SAMTINIKETAN POLICE STATION,Government & Legal
UPI-POST OFFICE EDAPPALLYCOTTA,Government & Legal
post office echur PAYMENT,Government & Legal
NEFT-BANKURA FIRE STATION,Government & Legal
"Post Office, Mylakad, Thazhuthala, Kerala 691571",Government & Legal
POS DEBIT PARANNUR POST OFFICE,Government & Legal
UPI-NEYVELI-2 SUB POST OFFICE,Government & Legal
Sachivalayam PAYMENT,Government & Legal
NEFT-VANDAYAR KALAYANA MANNDABAM,Government & Legal
Mandiyur Police Station,Government & Legal
POS DEBIT PERUNDURAI POST OFFICE,Government & Legal
UPI-POST OFFICE KARUVATTA,Government & Legal
court PAYMENT,Government & Legal
NEFT-SP OFFICE KUPWARA,Government & Legal
Post Office vadakkangara,Government & Legal
"POS DEBIT FIRE AND RESCUE STATION, PALAKKAD",Government & Legal
UPI-POLICE CHAUKI JAIL ROAD,Government & Legal
Court of bhadra PAYMENT,Government & Legal
NEFT-HEAD POST OFFICE THRISSUR,Government & Legal
"Police Station, Hatkesh",Government & Legal
"POS DEBIT POLICE STATION, KOTTAKKAL",Government & Legal
UPI-HARMARA POLICE STATION,Government & Legal
Ambalappuzha Court PAYMENT,Government & Legal
NEFT-WOMEN'S PRISON,Government & Legal
Police Station Khetri,Government & Legal
POS DEBIT NAGARUKHRA SUB POST OFFICE,Government & Legal
UPI-M.S.E.B POWER STATION,Government & Legal
"Police Station,Devikulam PAYMENT",Government & Legal
NEFT-KANNAGAPATTU COURT,Government & Legal
Thingal Nagar Town panchayat,Government & Legal
"POS DEBIT POST OFFICE, CHUMITHRA",Government & Legal
UPI-KEEZHAROOR POST OFFICE,Government & Legal
police station dehlon PAYMENT,Government & Legal
NEFT-HASANPUR CHOWKI,Government & Legal
Rayarangoth Branch Post Office,Government & Legal
POS DEBIT RAILWAY POLICE,Government & Legal
UPI-MY HOME,Government & Legal
Tanuku fire station PAYMENT,Government & Legal
NEFT-CENTRAL JAIL JAGDALPUR,Government & Legal
Khandapada Police Station,Government & Legal
POS DEBIT SHANKAR BHAVAN,Government & Legal
UPI-JUDICIAL LOCK-UP,Government & Legal
Asarwa civil post office PAYMENT,Government & Legal
NEFT-MAIN PCMC FIRE STATION,Government & Legal
Sonpur police station,Government & Legal
POS DEBIT SHAHGANJ POLICE STATION,Government & Legal
UPI-BURDWAN TOWN HALL,Government & Legal
Raebareli District Jail PAYMENT,Government & Legal
NEFT-THANA POST OFFICE,Government & Legal
Police Headquaters Partapnagar,Government & Legal
POS DEBIT SANT KABIR POLICE STATION,Government & Legal
UPI-POST OFFICE. RAVANESHWARAM,Government & Legal
"Police Station , Vellarada PAYMENT",Government & Legal
"NEFT-POST OFFICE, CHALAPURAM",Government & Legal
Urwa Police Station,Government & Legal
POS DEBIT POLICE STATION SHERGARH,Government & Legal
UPI-VELLARIKUNDU POST OFFICE,Government & Legal
India Post- Post Office(Lal Chowk Sub post Office) PAYMENT,Government & Legal
NEFT-THALAMBUR POLICE STATION,Government & Legal
Kholapuri Gate Police station,Government & Legal
POS DEBIT COTTENPET POLICE STATION,Government & Legal
UPI-LASKARPUR SUB POST OFFICE,Government & Legal
Saijpur post office PAYMENT,Government & Legal
NEFT-POLICE STATION NEW SHIMLA,Government & Legal
Eara North Post Office,Government & Legal
POS DEBIT PADY POST OFFICE,Government & Legal
UPI-MARATHAHALLI COLONY POST OFFICE,Government & Legal
Sopanam PAYMENT,Government & Legal
NEFT-NATIONAL COMPANY LAW TRIBUNAL,Government & Legal
"Post Office, Pizhaku",Government & Legal
"POS DEBIT POST OFFICE ,AMBARANIRAPPEL",Government & Legal
UPI-KARAKKURUSHI POST OFFICE,Government & Legal
Oliyappuram Post Office PAYMENT,Government & Legal
NEFT-NARENDRA NAGAR FIRE STATION,Government & Legal
Manassery Post Office,Government & Legal
POS DEBIT POLICE STATION,Government & Legal
UPI-POLICE CHOAKI LAMACHOR,Government & Legal
"Post Office, Idukki PAYMENT",Government & Legal
NEFT-RANIPET POST OFFICE,Government & Legal
"Post Office, Koorachundu",Government & Legal
POS DEBIT FIRE STATION RUDRAPUR,Government & Legal
UPI-AJIT SINGH NAGAR POLICE STATION,Government & Legal
Post office vallapuzha PAYMENT,Government & Legal
NEFT-CHECK POINT FOR TSOMGO (BUT OK TO GO TO HANUMAN TOK),Government & Legal
jilaa kaaraagaar,Government & Legal
POS DEBIT GAMPALAGUDEM POST OFFICE,Government & Legal
"UPI-POLICE STATION, VETTAVALAM",Government & Legal
Pune District Court PAYMENT,Government & Legal
NEFT-ROAD TRANSPORT OFFICE,Government & Legal
Vannathichira Post Office,Government & Legal
POS DEBIT AIMANGALA POLICE STATION,Government & Legal
"UPI-POST OFFICE, KUTHANUR",Government & Legal
Amlagora Post Office PAYMENT,Government & Legal
NEFT-SAFDARJUNG FIRE STATION,Government & Legal
SNDP Office,Government & Legal
POS DEBIT SUBJAIL,Government & Legal
UPI-BEML NAGAR POST OFFICE,Government & Legal
Post Office Thirumittacode PAYMENT,Government & Legal
NEFT-SUREKALNA POST OFFICE,Government & Legal
Vettithitta Post Office,Government & Legal
POS DEBIT J J R NAGAR POLICE STATION,Government & Legal
"UPI-POST OFFICE, KANNIVAYAL",Government & Legal
Trichy District Court PAYMENT,Government & Legal
NEFT-PULICKAMALY POST OFFICE,Government & Legal
Pazhaveedu Post Office,Government & Legal
POS DEBIT POST OFFICE CHAMRAVATTAM,Government & Legal
UPI-BALLARI CENTRAL JAIL,Government & Legal
Chinnanur PAYMENT,Government & Legal
NEFT-VELLORE HEAD POST OFFICE,Government & Legal
TraficPoliceOffice,Government & Legal
POS DEBIT WARE HOUSE,Government & Legal
"UPI-POLICE STATION,KODUNGALLUR",Government & Legal
Police Statio n PAYMENT,Government & Legal
NEFT-SARAM POST OFFICE,Government & Legal
Satelite Police Station,Government & Legal
"POS DEBIT POST OFFICE, ALANALLUR",Government & Legal
UPI-S`YDABD THNH,Government & Legal
734104 North Point PAYMENT,Government & Legal
"NEFT-POLICE STATION ,KOVALAM",Government & Legal
Gopalnagar S.O.,Government & Legal
POS DEBIT DUM DUM CENTRAL CORRECTIONAL HOME,Government & Legal
UPI-KALLODY POST OFFICE,Government & Legal
FIRE STATION KONNI PAYMENT,Government & Legal
NEFT-K.V.R PHYSIOCARE HOSPITAL,Healthcare & Medical
Dr. Paul's Skin Care Clinic,Healthcare & Medical
"POS DEBIT VIJAY NURSING HOME,MADURAI",Healthcare & Medical
UPI-GONDI EYE CARE HOSPITAL,Healthcare & Medical
Dr. Akash Dhuru - Cancer Specialist Surgeon PAYMENT,Healthcare & Medical
NEFT-INDERJEET HOSPITAL,Healthcare & Medical
Vimala Eye Hospital,Healthcare & Medical
POS DEBIT LEO LABORATORY,Healthcare & Medical
UPI-PRIMARY HEALTH CENTRE NATTIKA,Healthcare & Medical
Sub Div Hospital Manihari PAYMENT,Healthcare & Medical
NEFT-SHARAVATHI NURSING HOME,Healthcare & Medical
Adinath ENT & General Hospital,Healthcare & Medical
POS DEBIT HERITAGE HOSPITALS LTD,Healthcare & Medical
UPI-SUBCENTRE UPPARIMALYALA,Healthcare & Medical
Rajendra Prasad Skin Hospital PAYMENT,Healthcare & Medical
NEFT-GIFT IVF CENTER,Healthcare & Medical
"Government Hospital, Balisankara",Healthcare & Medical
POS DEBIT ASPEL HOSPITAL,Healthcare & Medical
UPI-SAI SHARADHA HOSPITAL,Healthcare & Medical
narayan medical agency and dog care centre PAYMENT,Healthcare & Medical
NEFT-SHREE BHUMIKA MEDICAL STORE,Healthcare & Medical
"Holy Cross Hospital, Jashpur",Healthcare & Medical
POS DEBIT SRI SARADA AYURVEDA CLINIC,Healthcare & Medical
UPI-TANAY CLINIC,Healthcare & Medical
"State Dispensary, North Salmara PAYMENT",Healthcare & Medical
"NEFT-SUB CENTRE, GOLLAPALLY",Healthcare & Medical
Vets N Pets Veterinary Clinic,Healthcare & Medical
POS DEBIT NIRMAL CLINICS,Healthcare & Medical
UPI-MOULYA MEDICALS,Healthcare & Medical
APIC Hospital - Best Diabetes & General Hospital in Ongole |Female General Physician |Fever Treatmen PAYMENT,Healthcare & Medical
"NEFT-GOVERNMENT HOSPITAL, SHIRAGUPPI",Healthcare & Medical
J.S. Hospital,Healthcare & Medical
POS DEBIT OSHODHARA HOSPITAL AND SURGICAL CENTER,Healthcare & Medical
UPI-REGIONAL HOSPITAL,Healthcare & Medical
Civil Hospital Nalwa PAYMENT,Healthcare & Medical
NEFT-PABBY HOSPITAL AND MATERNITY HOME,Healthcare & Medical
Meenakshi maternity & woman care Hospital,Healthcare & Medical
"POS DEBIT PUBLIC HEALTH CENTER (PHC), GUNEIBIL",Healthcare & Medical
UPI-GOVERNMENT HOSPITAL SAJJANPUR,Healthcare & Medical
Bhargava Medical And Trauma Centre PAYMENT,Healthcare & Medical
"NEFT-SAHARA NURSING HOME, BILASPUR",Healthcare & Medical
Government ZP Hospital KDMC DISPENSARY,Healthcare & Medical
"POS DEBIT GOVERNMENT HOSPITAL, DANDAI",Healthcare & Medical
UPI-DR. S.K GOEL CLINIC,Healthcare & Medical
"Govt Ayurvedic Dispensary, Nalgonda Dist Head Qtrs PAYMENT",Healthcare & Medical
NEFT-KRASENT HOMIO SPECIALITY,Healthcare & Medical
Smiles On,Healthcare & Medical
POS DEBIT COMMUNITY HEALTH CENTRE PANDANAD,Healthcare & Medical
UPI-TRUSTWELL HOSPITALS,Healthcare & Medical
Banait eye and gastroenterology clinic PAYMENT,Healthcare & Medical
NEFT-DR. RAHUL RAI SUPER SPECIALIST LIVER CLINIC,Healthcare & Medical
Family Hospital,Healthcare & Medical
POS DEBIT ARYAN'S VILLA,Healthcare & Medical
UPI-LOKESH DENTAL CLINIC,Healthcare & Medical
Nellakotta Primary Hospital PAYMENT,Healthcare & Medical
NEFT-KADANKOD VETERINARY HOSPITAL,Healthcare & Medical
Dr. Rani Manchanda,Healthcare & Medical
POS DEBIT FAMILY HEALTH CENTRE THIRUVALLOM,Healthcare & Medical
"UPI-GOVERNMENT HOSPITAL,DARIMA",Healthcare & Medical
"Primary Health Centre, Sirkonda PAYMENT",Healthcare & Medical
NEFT-ANKUR NURSING HOME,Healthcare & Medical
Velan medicals,Healthcare & Medical
POS DEBIT SHRI AMEYA HOSPITAL,Healthcare & Medical
UPI-SREE VIJAY HOSPITAL,Healthcare & Medical
Malhotra ENT Hospital PAYMENT,Healthcare & Medical
NEFT-PRATAP NAGAR SECTOR 6 DISPENSARY,Healthcare & Medical
Sanjosadan deaddiction centre,Healthcare & Medical
POS DEBIT Y. MADHAVARAJU HOSPITAL,Healthcare & Medical
UPI-DEVA MEMORIAL MEDICAL SURGICAL MATERNITY NURSING HOME,Healthcare & Medical
"Geeta Nursing Home, Belagavi PAYMENT",Healthcare & Medical
NEFT-ANITHA HEALTH CENTRE,Healthcare & Medical
Sai Sri Kumaran Clinic,Healthcare & Medical
POS DEBIT ARVIND SAI EYE HOSPITAL,Healthcare & Medical
UPI-SHRI KESHAV MEDICAL STORES,Healthcare & Medical
Pritiben S Parikh Hospital PAYMENT,Healthcare & Medical
"NEFT-VETERINARY HOSPITAL, VILAPPILSHALA",Healthcare & Medical
Vishnu Nursing Home,Healthcare & Medical
POS DEBIT SUDHA DIAGNOSTIC CENTER,Healthcare & Medical
UPI-VIVEKA NAND HOSPITAL AND RESEARCH CENTRE,Healthcare & Medical
Lovish Health Care PAYMENT,Healthcare & Medical
NEFT-DR.A.AHAD'S CLINIC,Healthcare & Medical
Ramamani Multi Speciality Hospital,Healthcare & Medical
POS DEBIT AUYRA CLINIC,Healthcare & Medical
UPI-HEAR CLEAR,Healthcare & Medical
"Arora Hospital, Amritsar PAYMENT",Healthcare & Medical
NEFT-HARKUT HOSPITAL,Healthcare & Medical
Satyam Poly Clinic,Healthcare & Medical
POS DEBIT DR. REMA'S CLINIC,Healthcare & Medical
UPI-KRISHNA MEDICOS,Healthcare & Medical
Estibeiro Pet Clinic PAYMENT,Healthcare & Medical
NEFT-BOSE CLINIC,Healthcare & Medical
Gulsram Health Sub Centre,Healthcare & Medical
POS DEBIT THIRUPPARANKUNDRUM GOVERNMENT HOSPITAL,Healthcare & Medical
UPI-DR. DINESH SHARMA CLINIC,Healthcare & Medical
Hari eye hospital PAYMENT,Healthcare & Medical
NEFT-MEDIHUB,Healthcare & Medical
Atri Nursing Home,Healthcare & Medical
POS DEBIT BAGNAN HOSPITAL,Healthcare & Medical
UPI-JAIGURUDEV HOSPITAL,Healthcare & Medical
Beta Clinic PAYMENT,Healthcare & Medical
"NEFT-GOYAL NURSING HOME, PATIALA",Healthcare & Medical
Rajshree Hospital,Healthcare & Medical
POS DEBIT V.CHANDRIKA DENTAL CLINIC,Healthcare & Medical
UPI-DIP CLINICS,Healthcare & Medical
Rohit chemist PAYMENT,Healthcare & Medical
NEFT-MAHIMA PAIN CLINIC,Healthcare & Medical
Government Hospital Neharu Nagar,Healthcare & Medical
POS DEBIT DR. SADANAND PATIL HOSPITAL,Healthcare & Medical
UPI-POLICE MEDICARE CENTRE,Healthcare & Medical
Bangalore Kidney Stones Hospital PAYMENT,Healthcare & Medical
NEFT-MALANI HOSPITAL,Healthcare & Medical
Kashyap Home Clinic,Healthcare & Medical
POS DEBIT BAL KRISHNA HOSPITAL,Healthcare & Medical
UPI-LIFELINE HOSPITAL THANE,Healthcare & Medical
Sangeetha Hospital PAYMENT,Healthcare & Medical
NEFT-VISHNUPURI GRAMIN HOSPITAL,Healthcare & Medical
GV's Good Health Centre,Healthcare & Medical
"POS DEBIT AKSHARDEEP ORTHOPAEDIC HOSPITAL, SHAHIBAUG",Healthcare & Medical
"UPI-ST.MARY'S HOSPITAL, KARIMANNOOR",Healthcare & Medical
Dr. P K Moidheen PAYMENT,Healthcare & Medical
NEFT-SEVAL DENTAL CLINIC,Healthcare & Medical
Vetinary Hospital Malayinkeezh,Healthcare & Medical
POS DEBIT DMC HOSPITAL AND TRAUMA CENTRE,Healthcare & Medical
UPI-SEVEN SISTERS HOSPITAL & RESEARCH CENTRE,Healthcare & Medical
Wagad Hospital PAYMENT,Healthcare & Medical
NEFT-DR. SANDEEP NANAVATI PET'S CLINIC,Healthcare & Medical
Railway hospital sagar Wcr,Healthcare & Medical
POS DEBIT DR. SIMAPREET SINGH,Healthcare & Medical
"UPI-SUSHILA NURSING HOME, THANE",Healthcare & Medical
"Bakin Pertin Hospital, Pasighat PAYMENT",Healthcare & Medical
NEFT-DR. MURRY CLINIC,Healthcare & Medical
Pujitha Hospital,Healthcare & Medical
POS DEBIT DR. HARPAL SINGH CLINIC,Healthcare & Medical
UPI-CHRISTIAN FELLOWSHIP HOSPITAL,Healthcare & Medical
Mehta Physiotherapy Clinic PAYMENT,Healthcare & Medical
NEFT-ST. ANTONY'S HOSPITAL,Healthcare & Medical
MMT Clinic,Healthcare & Medical
POS DEBIT DIVYA DRISHTI EYE CENTRE,Healthcare & Medical
UPI-GOVT. DISPENSARY BURMA,Healthcare & Medical
Marisha Dental Care PAYMENT,Healthcare & Medical
NEFT-LIFE RAY HOSPITAL,Healthcare & Medical
Bhurbandha Model Hospital,Healthcare & Medical
POS DEBIT SANJEVANI CLINIC,Healthcare & Medical
UPI-SHIVAYA HOSPITAL,Healthcare & Medical
"Sub Centre, Kaverammapet PAYMENT",Healthcare & Medical
NEFT-DR. SAMPATH KUMAR,Healthcare & Medical
Dr. Palanivelayutham Clinic,Healthcare & Medical
POS DEBIT CURE MULTI SPECIALITY CLINIC,Healthcare & Medical
UPI-CARE 32 DENTAL CLINIC,Healthcare & Medical
Tristar Hospital PAYMENT,Healthcare & Medical
NEFT-HEBE HEALTH CLINIC,Healthcare & Medical
Lalla Hospital,Healthcare & Medical
POS DEBIT SRI SASTHA CLINIC,Healthcare & Medical
UPI-GOOD SAMARITIAN HOSPITAL,Healthcare & Medical
BGS Medical College Hospital PAYMENT,Healthcare & Medical
NEFT-DR. BODH RAJ NURSING HOME,Healthcare & Medical
Vaidya Dharma Ayurveda Hospital,Healthcare & Medical
POS DEBIT ABHA SEVA SADAN HOSPITAL,Healthcare & Medical
UPI-SRIRAM CLINIC,Healthcare & Medical
Aaradhya Children and Dental Hospital PAYMENT,Healthcare & Medical
NEFT-DR JAHANGEER CLINIC,Healthcare & Medical
Veterinary Dispensary Cheerattamala,Healthcare & Medical
POS DEBIT SHRI ARTI HOSPITAL,Healthcare & Medical
UPI-FAMILY WELFARE SUB CENTRE,Healthcare & Medical
"M G M Hospital, Nipani PAYMENT",Healthcare & Medical
NEFT-ASESH DENTAL CLINIC,Healthcare & Medical
"Government Hospital,Karapa",Healthcare & Medical
POS DEBIT DR. VATS HOSPITAL,Healthcare & Medical
UPI-PACIFIC HEALTH HOSPITAL,Healthcare & Medical
Matruchhaya Spine Clinic PAYMENT,Healthcare & Medical
NEFT-MOTHERS CLINIC,Healthcare & Medical
PTV Hospital,Healthcare & Medical
POS DEBIT IBRAHIMPUR HEALTH SUB CENTRE,Healthcare & Medical
UPI-HARIOM PHARMACY,Healthcare & Medical
Mokha Hospital and Kidney Care Centre PAYMENT,Healthcare & Medical
NEFT-RAJKUMAR HOSPITAL,Healthcare & Medical
Dr. Abishek Chauhan,Healthcare & Medical
POS DEBIT DURAIRAJ HOSPITAL,Healthcare & Medical
UPI-SINGHAL UROLOGY AND GYNAECOLOGY CENTRE,Healthcare & Medical
"Sub Divisional Hospital ,Jagdishpur PAYMENT",Healthcare & Medical
"NEFT-GOVERNMENT AYURVEDA DISPENARY, PEDDAMUL (NRHM)",Healthcare & Medical
Anand Scan Hospital,Healthcare & Medical
POS DEBIT LONGING HOSPITAL,Healthcare & Medical
UPI-GENERIC MEDICAL STORE,Healthcare & Medical
Sainthia State General Hospital PAYMENT,Healthcare & Medical
NEFT-DR. P.SUDHAKAR,Healthcare & Medical
Ganpati clinic,Healthcare & Medical
POS DEBIT NITHYA MEDICALS,Healthcare & Medical
UPI-VIMALA HOSPITAL KALLUVATHUKKAL,Healthcare & Medical
Dr. Panchal Hospital PAYMENT,Healthcare & Medical
NEFT-OM HERBALS,Healthcare & Medical
Neethu Neuro Hospital,Healthcare & Medical
POS DEBIT THE MAHAJAN NURSING HOME,Healthcare & Medical
UPI-THAWANI DENTAL CLINIC,Healthcare & Medical
First Choice Children's Clinic PAYMENT,Healthcare & Medical
"NEFT-GOVERMENT HOSPITAL, GHANTALI",Healthcare & Medical
S.S. Medicals,Healthcare & Medical
POS DEBIT GUPTA ORTHO CENTRE,Healthcare & Medical
UPI-CHC NEDUVA,Healthcare & Medical
Nagarjuna Nursing Home PAYMENT,Healthcare & Medical
NEFT-NISARGA AYURVEDIC MEDICINE RESEARCH CENTRE,Healthcare & Medical
Ll Paliwal Memorial Hospital,Healthcare & Medical
POS DEBIT R.B.M. HOSPITAL,Healthcare & Medical
"UPI-SRI KALAIVANI HOSPITAL, KOTTUR, POLLACHI",Healthcare & Medical
Ashirwad Medicose PAYMENT,Healthcare & Medical
NEFT-MAA RAM PYARI SUPERSPECIALITY HOSPITAL,Healthcare & Medical
Krishna Fertility Centre,Healthcare & Medical
POS DEBIT BHUBANESHWAR HOSPITAL,Healthcare & Medical
UPI-BALAMURUGAN HOSPITAL,Healthcare & Medical
Sri Ganesh Memorial Hospital PAYMENT,Healthcare & Medical
NEFT-SHANMUGA HOSPITAL RS PURAM,Healthcare & Medical
Fern Hill Hospital,Healthcare & Medical
POS DEBIT VITANE PHARMA,Healthcare & Medical
UPI-KAILASH DEEPAK HOSPITAL,Healthcare & Medical
Unique Clinic PAYMENT,Healthcare & Medical
"NEFT-SHANKAR EYE HOSPITAL, KOLAR",Healthcare & Medical
"Rural Hospital, Madgyal",Healthcare & Medical
POS DEBIT VIJAY SKIN CLINIC,Healthcare & Medical
UPI-ARUNA DENTAL CARE,Healthcare & Medical
Sri sai multispeciality Hospital PAYMENT,Healthcare & Medical
"NEFT-VASAN EYE CARE HOSPITAL, TIRUVALLUR",Healthcare & Medical
Chand Clinic,Healthcare & Medical
POS DEBIT DR. DEEPAK JOSHI,Healthcare & Medical
UPI-BK HOSPITAL,Healthcare & Medical
Prasanna Dental Care PAYMENT,Healthcare & Medical
NEFT-SHARAN HOSPITAL - MAHALINGPUR,Healthcare & Medical
Irla Nursing Home and Polyclinic,Healthcare & Medical
POS DEBIT RURAL HOSPITAL GAGANBAWADA,Healthcare & Medical
UPI-QUEST MULTISPECIALITY CLINIC,Healthcare & Medical
aanNd hoNspittl eNdd risrc seNttr PAYMENT,Healthcare & Medical
NEFT-NETRAYATAN HOSPITAL,Healthcare & Medical
Narayana Bawasir & General Hospital,Healthcare & Medical
"POS DEBIT CIVIL DISPENSARY, SECTOR-23",Healthcare & Medical
UPI-THE CHILD,Healthcare & Medical
"Government Ayurvedic Dispensary, Mudakpally (NRHM) PAYMENT",Healthcare & Medical
NEFT-GET-WELL HOSPITAL,Healthcare & Medical
Arsha Hospital,Healthcare & Medical
"POS DEBIT SANJEEVANI HOSPITAL PVT LTD, BELAGAVI",Healthcare & Medical
UPI-MEDILINE HOSPITAL,Healthcare & Medical
Joshi Dental Clinic PAYMENT,Healthcare & Medical
NEFT-SRI SENTHIL HOSPITAL,Healthcare & Medical
Government Hospital Malthone,Healthcare & Medical
POS DEBIT AROGYA MEDICAL STORE,Healthcare & Medical
UPI-DR. RAMAKRISHNA'S HOSPITAL,Healthcare & Medical
Bhoomika Eye Hospital PAYMENT,Healthcare & Medical
NEFT-ZAWAR DENTAL CLINIC,Healthcare & Medical
Mahavir Childen Hospital,Healthcare & Medical
POS DEBIT R R MATERNITY & GENERAL HOSPITAL,Healthcare & Medical
UPI-RURAL HOSPITAL GHANSAWANGI,Healthcare & Medical
Rajappa Clinic PAYMENT,Healthcare & Medical
NEFT-LISHKAAR CLINIC,Healthcare & Medical
Beena Gopal Nursing and Maternity Hospital,Healthcare & Medical
"POS DEBIT GOVERNMENT HOSPITAL, KANKIPADU",Healthcare & Medical
UPI-MALBAR DENTAL CLINIC,Healthcare & Medical
T.T. Hospital PAYMENT,Healthcare & Medical
NEFT-MALIK HOSPITAL & FERTILITY CENTRE,Healthcare & Medical
Shantidham Hospital,Healthcare & Medical
POS DEBIT PATTUVOM VETINARY SUBSTATION,Healthcare & Medical
UPI-TULSI MEDICAL AND RESEARCH CENTRE,Healthcare & Medical
pet lover clinic PAYMENT,Healthcare & Medical
NEFT-SUN EYE HOSPITAL AND LASER CENTRE PVT LTD,Healthcare & Medical
Primary Health Center Kunnoni,Healthcare & Medical
POS DEBIT PARKASH MEDICAL STORE,Healthcare & Medical
UPI-GANGA HOSPITAL & DENTAL CLINIC,Healthcare & Medical
General Hospital PAYMENT,Healthcare & Medical
NEFT-GOVT: AYURVEDA HOSPITAL MLAMALA,Healthcare & Medical
Smile Tree Dental Care,Healthcare & Medical
POS DEBIT CHANDRA MATERNITY HOSPITAL,Healthcare & Medical
UPI-SHANTI MISSION HOSPITAL,Healthcare & Medical
Global Multispeciality Hospital PAYMENT,Healthcare & Medical
NEFT-DATTA SAI CHILDREN HOSPITAL,Healthcare & Medical
Shri Kamaxidevi Homoeopathic Hospital,Healthcare & Medical
POS DEBIT DR. ASHOK TRIVEDI HOSPITAL,Healthcare & Medical
UPI-SHARMA CHILDREN HOSPITAL,Healthcare & Medical
Refferal Hospital PAYMENT,Healthcare & Medical
NEFT-GANESH HOMEOPATHY CLINIC,Healthcare & Medical
Sri Rangaraju Children's Hospital,Healthcare & Medical
POS DEBIT AMITH CHILDREN'S HOSPITAL,Healthcare & Medical
"UPI-GOVERNMENT HOSPITAL, BHADLI",Healthcare & Medical
"State Dispensary, Bahalpur PAYMENT",Healthcare & Medical
"NEFT-GOVERNMENT HOSPITAL, NIZAMPATNAM",Healthcare & Medical
Khera Dental Clinic,Healthcare & Medical
POS DEBIT ASSISI HOSPITAL,Healthcare & Medical
UPI-RX AUSHDI,Healthcare & Medical
Maa Aashirvad Clinic PAYMENT,Healthcare & Medical
NEFT-MAA SHARDA HEART CLINIC,Healthcare & Medical
Ashirwad dental clinic,Healthcare & Medical
POS DEBIT LUCKY SPECIALITY DENTAL CLINIC,Healthcare & Medical
"UPI-URBAN PRIMARY HEALTH CENTRE, PAN BAZAR",Healthcare & Medical
"ZEAL TO CURE- TOGETHER IN CARE, TOGETHER FOR LIFE PAYMENT",Healthcare & Medical
NEFT-SATINDER CLINIC,Healthcare & Medical
Dr. Ravindran Clinic,Healthcare & Medical
POS DEBIT AJAY HOSPITAL,Healthcare & Medical
UPI-VARDAAN HOSPITAL AND RESEARCH CENTER,Healthcare & Medical
"Madhav Hospital, Jamnagar PAYMENT",Healthcare & Medical
NEFT-VISAKHA MULTISPECIALITY CLINICS,Healthcare & Medical
Gagan Medical,Healthcare & Medical
POS DEBIT PANACEA SUPER SPECIALITY HOSPITAL DEHRADUN,Healthcare & Medical
UPI-DR.B B TRIPATHI,Healthcare & Medical
Subhan Clinic & Trauma Centre PAYMENT,Healthcare & Medical
NEFT-GOVT.AYURVEDA DISPENSARY AVINISSERY,Healthcare & Medical
VARDHANS HOMEO HOSPITAL,Healthcare & Medical
POS DEBIT SONI ORTHOPAEDIC HOSPITAL,Healthcare & Medical
"UPI-MANISH NURSING HOME, MUMBAI",Healthcare & Medical
Maa Tarini Hospital PAYMENT,Healthcare & Medical
NEFT-AYUSH CARE SIDDHA CENTRE,Healthcare & Medical
Chundakkadans Shifa Dental Hospital,Healthcare & Medical
POS DEBIT APOLLO MEDICAL CENTER,Healthcare & Medical
UPI-PRIMARY HEALTH CENTRE -UPPERU,Healthcare & Medical
RS General Hospital PAYMENT,Healthcare & Medical
NEFT-SREEDHAREEAM EYE HOSPITAL,Healthcare & Medical
"Government Dental College, Kozhikode",Healthcare & Medical
POS DEBIT BHAGAT DENTAL CLINIC,Healthcare & Medical
UPI-SHREEJI AROGYA TRUST(SARVAJANIC HOSPITAL),Healthcare & Medical
Abirami Hospital PAYMENT,Healthcare & Medical
NEFT-FAMILY CARE HOSPITALS,Healthcare & Medical
Nucleus Health Care Multi-Speciality Hospital,Healthcare & Medical
POS DEBIT BANKA EYE HOSPITAL,Healthcare & Medical
UPI-SRI VAISHNAVI HOMEO CLINIC,Healthcare & Medical
Omkar Medical Clinic PAYMENT,Healthcare & Medical
NEFT-POLY DENTAL CLINIC,Healthcare & Medical
Primary Health Centre Vilvattom,Healthcare & Medical
POS DEBIT CHETTINAD HOSPITAL,Healthcare & Medical
UPI-KAMAL HOSPITAL & NURSING HOME,Healthcare & Medical
"Goverment hospital,Chourai PAYMENT",Healthcare & Medical
NEFT-VIJAY HOSPITAL,Healthcare & Medical
Life Homoe Medicine,Healthcare & Medical
POS DEBIT AMRUTHA SANJEEVINI CLINIC,Healthcare & Medical
UPI-MADHU HOSPITAL,Healthcare & Medical
Dr B Venkataratnam PAYMENT,Healthcare & Medical
NEFT-SHASHIKANT HOSPITAL,Healthcare & Medical
Vaibhav Eye Hospital,Healthcare & Medical
"POS DEBIT RURAL HOSPITAL, PURNA",Healthcare & Medical
"UPI-SRINIVASA HEALTHCARE, POLY CLINIC & DIAGNOSTICS",Healthcare & Medical
Merly Jeevamrith Ayurveda Hospital PAYMENT,Healthcare & Medical
NEFT-OZONE DENTAL CARE,Healthcare & Medical
Darshan Medicals,Healthcare & Medical
POS DEBIT SUKEERTHI SKIN CLINIC & DERMATOLOGIST,Healthcare & Medical
UPI-ANOUSHKA HOSPITAL,Healthcare & Medical
Good Health Hospital PAYMENT,Healthcare & Medical
NEFT-ANNAI EYE HOSPITAL,Healthcare & Medical
Shi Ganesh Vinayak Eye Hospital,Healthcare & Medical
POS DEBIT AVADHOOT HOSPITAL AND ICCU,Healthcare & Medical
UPI-DR. SHER BAHADUR SINGH,Healthcare & Medical
Shyam Medicos PAYMENT,Healthcare & Medical
NEFT-DR. LAKSHMI NARASA REDDY,Healthcare & Medical
Popular Medical And General,Healthcare & Medical
POS DEBIT VETERINARY HOSPITAL SUB CENTRE PUNNAMOODU,Healthcare & Medical
UPI-THE VISSION EYE CENTER,Healthcare & Medical
Ashtavinayak Hospital PAYMENT,Healthcare & Medical
"NEFT-RAJ HOSPITAL, JAIPUR",Healthcare & Medical
North Maternity Home - Darjipara Matri Sadan -- nrth mettaarnitti ho,Healthcare & Medical
POS DEBIT DHRUVI ENT HOSPITAL,Healthcare & Medical
UPI-TEHRE HOSPITAL,Healthcare & Medical
Buddha Homeopathic Clinic PAYMENT,Healthcare & Medical
NEFT-SAHAJEEVAN GENERAL HOSPITAL,Healthcare & Medical
J.M.Child Care Hospital,Healthcare & Medical
POS DEBIT SANDHU LIFECARE HOSPITAL,Healthcare & Medical
UPI-DR. GURUPREET SINGH,Healthcare & Medical
"Metalia Hospital and ICCU, Diamond Market PAYMENT",Healthcare & Medical
NEFT-MALAR HOSPITAL,Healthcare & Medical
"Medindia Hospitals, Chennai",Healthcare & Medical
POS DEBIT NOBLE NURSING HOME,Healthcare & Medical
UPI-DR. NEERAJ ARORA HOSPITAL,Healthcare & Medical
Nilachal Nursing Home PAYMENT,Healthcare & Medical
"NEFT-CHC, GARHWA SADAR",Healthcare & Medical
Lalbagh Nursing Home & IVF Centre,Healthcare & Medical
POS DEBIT AJMER HOSPITAL,Healthcare & Medical
UPI-AGRAWAL CLINIC,Healthcare & Medical
Ganganagar Hospital PAYMENT,Healthcare & Medical
NEFT-IMMACULATE MISSION HOSPITAL,Healthcare & Medical
Medicomart,Healthcare & Medical
POS DEBIT COMMUNITY HEALTH CENTRE KUTTIADI,Healthcare & Medical
UPI-DR. ML THAKUR CLINIC,Healthcare & Medical
"Shubham Hospital, Dahod PAYMENT",Healthcare & Medical
NEFT-SANSKAR DENTAL CARE,Healthcare & Medical
Mr.Dentist Dental Clinic,Healthcare & Medical
POS DEBIT SREE MOHAN HOSPITAL,Healthcare & Medical
"UPI-GOVERNMENT HOSPITAL, BAMANGAON",Healthcare & Medical
"Government Hospital, Ghanteswar(N) PAYMENT",Healthcare & Medical
NEFT-BHAGWATI DEVI EYE HOSPITAL,Healthcare & Medical
Dr VRK Hospital,Healthcare & Medical
"POS DEBIT GOVERNMENT HOSPITAL, DHANUR",Healthcare & Medical
UPI-DR M YOGI PEDIATRIC CLINIC,Healthcare & Medical
Pramukh Dental Care PAYMENT,Healthcare & Medical
NEFT-KRISHNA HOMLEPATHIC MEDICAL CENTER,Healthcare & Medical
"Centre For Sight, Bhavnagar",Healthcare & Medical
"POS DEBIT GOVERNMENT HOSPITAL, KHINYALA",Healthcare & Medical
"UPI-GOVERNMENT HOSPITAL, GANGAPUR",Healthcare & Medical
"Meera Hospital, Jaipur PAYMENT",Healthcare & Medical
NEFT-FATIMA HOSPITAL,Healthcare & Medical
"Government Hospital, Dandeli",Healthcare & Medical
POS DEBIT CARE HOSPITAL - VARANASI,Healthcare & Medical
UPI-DR.AGARWALS EYE HOSPITAL,Healthcare & Medical
City Medicines PAYMENT,Healthcare & Medical
NEFT-GANGA RAJU HOSPITAL,Healthcare & Medical
G.S.S.I Hospital,Healthcare & Medical
POS DEBIT AGARWAL EYE AND DENTAL CARE CENTER,Healthcare & Medical
UPI-DR. MOHAN BABU'S CLINIC,Healthcare & Medical
Muzaffarpur Physiotherapy Clinic PAYMENT,Healthcare & Medical
NEFT-PRAGYA HOSPITAL,Healthcare & Medical
Sri Venkat Sai Surgical & General Hospital,Healthcare & Medical
POS DEBIT VINAYAK MEDICOSE,Healthcare & Medical
UPI-LAKSHMI SAI HOSPITAL,Healthcare & Medical
Amit Medico and General Stores PAYMENT,Healthcare & Medical
NEFT-BALAJI SKIN HOSPITAL,Healthcare & Medical
Rotary Eye Institute,Healthcare & Medical
POS DEBIT RURAL HOSPITAL KATOL,Healthcare & Medical
UPI-NEW BHAT ANANTNAG SKIN CLINIC,Healthcare & Medical
Ahuja Hospital Pvt.Ltd PAYMENT,Healthcare & Medical
NEFT-RAJ SHISHU CLINIC,Healthcare & Medical
Khidmat Charitable Hospital and Research Centre,Healthcare & Medical
"POS DEBIT GOVERNMENT HOSPITAL, NADA",Healthcare & Medical
UPI-APOLLO NURSING HOME,Healthcare & Medical
Care Clinics PAYMENT,Healthcare & Medical
NEFT-KUMAR CHILD CARE CENTRE,Healthcare & Medical
Amma Molala Clinic,Healthcare & Medical
POS DEBIT CGHS DISPENSARY VIVEK VIHAR,Healthcare & Medical
UPI-DR. PARVEEN LAKRA,Healthcare & Medical
Chandigarh Eye Hospital PAYMENT,Healthcare & Medical
NEFT-MANJUNATHA DENTAL CLINIC,Healthcare & Medical
ddoN / es ke yaadv,Healthcare & Medical
POS DEBIT GADAM DENTAL HOSPITAL,Healthcare & Medical
UPI-SPANDAN MULTISPECIALITY HOSPITAL,Healthcare & Medical
Panchthupi Hospital PAYMENT,Healthcare & Medical
NEFT-GOVT. HOMOEO DISPENSARY THALAYOLAPARAMBU VADAYAR,Healthcare & Medical
Dr. Sawai Jain Medilink Hospital,Healthcare & Medical
POS DEBIT KHANNA EYE & SKIN HOSPITAL,Healthcare & Medical
UPI-MADHURAM CHILD HOSPITAL,Healthcare & Medical
Vardaan Women Hospital PAYMENT,Healthcare & Medical
NEFT-DALATOLA ANIMAL HOSPITAL,Healthcare & Medical
Central Laboratories Kanjani,Healthcare & Medical
POS DEBIT VIDYA VIKAS HOSPITAL,Healthcare & Medical
UPI-ROYAL DENTAL CARE AND AESTHETICS,Healthcare & Medical
Monimala Clinic PAYMENT,Healthcare & Medical
NEFT-CHANDANNAGORE (S D ) HOSPITAL,Healthcare & Medical
Triveni Super Speciality Dental Hospital & Implant Centre,Healthcare & Medical
POS DEBIT DHARANIDHAR HOMEO CLINIC,Healthcare & Medical
UPI-SUPPLYCO MEDICAL STORE,Healthcare & Medical
Dr. Jasvant Simh Chahar PAYMENT,Healthcare & Medical
NEFT-VETERINARY HOSPITAL KUNNUMMAL,Healthcare & Medical
Dr. Vinay Child Care,Healthcare & Medical
POS DEBIT BM PHYSIOTHERAPY AND STROKE REHAB CLINIC,Healthcare & Medical
UPI-CHGS WELLNESS CENTRE,Healthcare & Medical
Dr. Sudhir Ranjan Clinic PAYMENT,Healthcare & Medical
NEFT-R D CLINIC,Healthcare & Medical
Dr. Girish Puranik,Healthcare & Medical
POS DEBIT ABHILASHA HOSPITAL,Healthcare & Medical
UPI-RAJESH KIDNEY CENTRE,Healthcare & Medical
"Government Hospital, Khod PAYMENT",Healthcare & Medical
NEFT-KAZHUNILATHIL DENTAL CLINIC KOLENCHERY,Healthcare & Medical
Dr.yogi first aid centre,Healthcare & Medical
POS DEBIT BUBUKAN CLINIC,Healthcare & Medical
UPI-LIVER CLINIC,Healthcare & Medical
Shreya Poly Clinic PAYMENT,Healthcare & Medical
NEFT-MUTHAL HOSPITAL,Healthcare & Medical
Sai Leela Nursing Home,Healthcare & Medical
POS DEBIT DR R K SHARMA,Healthcare & Medical
UPI-SREE GANESH DENTAL CLINIC,Healthcare & Medical
Sri Sidhardha ENT & Dental Hospital PAYMENT,Healthcare & Medical
NEFT-SHARMA SURGICAL CITY HOSPITAL,Healthcare & Medical
Dr. Haseena,Healthcare & Medical
POS DEBIT BADAKH HOSPITAL,Healthcare & Medical
UPI-SRINIVASA MEDICALS,Healthcare & Medical
G.T. Clinic PAYMENT,Healthcare & Medical
"NEFT-GOVERNMENT HOSPITAL, BAKHORA PUR",Healthcare & Medical
"Government Subcentre, Double Cutting",Healthcare & Medical
POS DEBIT KUMAUN PHARMACY,Healthcare & Medical
UPI-SURAJI MEDICALS,Healthcare & Medical
Ranjeet Multispeciality Hospital PAYMENT,Healthcare & Medical
NEFT-LION EYE CARE HOSPITAL,Healthcare & Medical
Dr. Yelchuri,Healthcare & Medical
POS DEBIT DR. NARSI REDDY,Healthcare & Medical
UPI-LIFE SPAN DIABETES CLINIC,Healthcare & Medical
Government VetenaryHospital PAYMENT,Healthcare & Medical
NEFT-DHIRAVIAM DENTAL CLINIC,Healthcare & Medical
Manasa Mother and Child Hospital,Healthcare & Medical
POS DEBIT DR. MEET'S CLINIC,Healthcare & Medical
UPI-MUDDARANGAPPA HOSPITAL,Healthcare & Medical
Dhanvantri Ground PAYMENT,Healthcare & Medical
"NEFT-YADAV HOSPITAL, SOLAPUR",Healthcare & Medical
Community Health Centre Maheshwaram,Healthcare & Medical
POS DEBIT THE EYE CARE CENTER,Healthcare & Medical
UPI-KHODKE HOSPITAL,Healthcare & Medical
Chandni Biharpur Government Hospital PAYMENT,Healthcare & Medical
NEFT-VETERINARY DISPENSARY CHAIPPANKUZHY,Healthcare & Medical
Department of Psychiatry,Healthcare & Medical
POS DEBIT ATRI DENTAL CLINIC,Healthcare & Medical
"UPI-GOVERNMENT AYURVEDIC DISPENSARY, PADKAL (REGULAR)",Healthcare & Medical
Goyal Hospital and Heart Care Centre PAYMENT,Healthcare & Medical
"NEFT-DR. BABASAHEB AMBEDKAR HOSPITAL AND RESEARCH CENTRE, NAGPUR",Healthcare & Medical
Bharat Chikitsa Seva Sadan,Healthcare & Medical
"POS DEBIT GOVERNMENT HOSPITAL , NAGULUPPALA PADU",Healthcare & Medical
UPI-SMILE PLEASE DENTAL CLINIC,Healthcare & Medical
Himaja Hospitals PAYMENT,Healthcare & Medical
NEFT-DR.PATTNAIK'S HOSPITAL,Healthcare & Medical
Optilife Multispeciality Hospital,Healthcare & Medical
POS DEBIT BRIJ PSYCHIATRIC HOSPITAL,Healthcare & Medical
UPI-RACHIT CLINIC,Healthcare & Medical
Vikalp Hospital PAYMENT,Healthcare & Medical
"NEFT-ASPIRE MEDICAL CENTRE ,AYANCHERI TOWN",Healthcare & Medical
GOVT. HOSPITAL ROAD,Healthcare & Medical
POS DEBIT GOVERNMENT HOSPITAL AZMATGARH,Healthcare & Medical
UPI-CSI REDFERN MEMORIAL HOSPITAL,Healthcare & Medical
"Shivam Hospital, Mewat PAYMENT",Healthcare & Medical
"NEFT-SPUHC, GHAZIPUR",Healthcare & Medical
Sethi Hospital and Maternity Home,Healthcare & Medical
POS DEBIT SISAI CLINIC,Healthcare & Medical
UPI-SILIGURI MEDICAL HALL,Healthcare & Medical
Bankapura Medicals PAYMENT,Healthcare & Medical
NEFT-PANJ AAB DENTAL CARE,Healthcare & Medical
Government Ayurveda Hospital Kuttanussery,Healthcare & Medical
POS DEBIT SMILE SQUAD DENTAL CLINIC,Healthcare & Medical
UPI-UNIVERSITY VETERINARY HOSPITAL,Healthcare & Medical
Pindari Hospital PAYMENT,Healthcare & Medical
NEFT-BHIDE HOSPITAL,Healthcare & Medical
Makkar Multispeciality Hospital,Healthcare & Medical
POS DEBIT KHAN AKSRE CENTRE,Healthcare & Medical
UPI-DR. GILL HOSPITAL,Healthcare & Medical
Dr. S Rahman PAYMENT,Healthcare & Medical
NEFT-DR. PRASHANT MOON -PLASTIC SURGEON,Healthcare & Medical
Sarojini Devi Hospital,Healthcare & Medical
POS DEBIT MORE HOSPITAL AND ICU,Healthcare & Medical
"UPI-SRI SUNDER SINGH BHANDARI GOVERNMENT DISTRICT HOSPITAL, CHANDPOLE",Healthcare & Medical
Austin Town Maternity Home PAYMENT,Healthcare & Medical
NEFT-SURYAPRABHA NURSING HOME,Healthcare & Medical
Nivedha Hospital,Healthcare & Medical
POS DEBIT KEDIA NURSING HOME,Healthcare & Medical
UPI-NAZRIYA CLINIC,Healthcare & Medical
MGH Hospital PAYMENT,Healthcare & Medical
NEFT-KEVADIYA PROJECT HOSPITAL,Healthcare & Medical
Sindhi Hospital & Maternity Home,Healthcare & Medical
POS DEBIT RAI MEDICO,Healthcare & Medical
UPI-SHIFA HOMEO CLINIC,Healthcare & Medical
"Vannan Kunjiraman Vydhyar, Taliparamba PAYMENT",Healthcare & Medical
NEFT-SKIN CLINIC - DR. P. K SINGH,Healthcare & Medical
Rural Hospital Kasar Shirsi,Healthcare & Medical
POS DEBIT SRI SELVA CLINIC,Healthcare & Medical
UPI-FAMILY DENTAL CARE AND ORTHODONTIC CENTRE,Healthcare & Medical
Rameshwar Dass Memorial Hospital PAYMENT,Healthcare & Medical
NEFT-RAJIV GANDHI CENTRE FOR DIABETES AND ENDOCRINOLOGY,Healthcare & Medical
Paras Diagnostics Center,Healthcare & Medical
POS DEBIT SRI VARALAXMI PHARMACY,Healthcare & Medical
UPI-JONI EYE CARE,Healthcare & Medical
Dentistree Imaging PAYMENT,Healthcare & Medical
"NEFT-VASAN EYE CARE HOSPITAL, SHIVAMOGGA",Healthcare & Medical
Government Hospital Valagerahalli,Healthcare & Medical
POS DEBIT MAHADEV EYE CARE,Healthcare & Medical
"UPI-PRIMARY HEALTH CENTRE, MOMINPET",Healthcare & Medical
"Aparna Hospital, Mulund (W) PAYMENT",Healthcare & Medical
"NEFT-VIJAY POLY CLINIC, THANJAVUR",Healthcare & Medical
Devamatha,Healthcare & Medical
POS DEBIT SATYAMEV HOSPITAL,Healthcare & Medical
UPI-NEELIMA DENTAL CLINIC,Healthcare & Medical
"Padma Hospital, Tuticorin PAYMENT",Healthcare & Medical
"NEFT-GOVERNMENT HOSPITAL, CHHOTI SARWAN",Healthcare & Medical
Osmania Nursing Home,Healthcare & Medical
POS DEBIT OM SHIVAM HOSPITAL,Healthcare & Medical
UPI-G R CHILDREN AND DENTAL HOSPITAL,Healthcare & Medical
Zohra Hospital PAYMENT,Healthcare & Medical
NEFT-DGD RAJOKARI,Healthcare & Medical
Dr. OP Mewaras Hospital,Healthcare & Medical
POS DEBIT MAHATMA GANDHI SEVA KENDRA,Healthcare & Medical
UPI-FATEMA CLINIC,Healthcare & Medical
Dr. Nirpaul Singh Lilly Nursing Home PAYMENT,Healthcare & Medical
NEFT-ALLAPITCHI SIDDHA HOSPITAL,Healthcare & Medical
Medilink Medical Store,Healthcare & Medical
POS DEBIT DR. AHIRE'S ANAND HOSPITAL,Healthcare & Medical
UPI-HK HOSPITAL,Healthcare & Medical
MAC PAYMENT,Healthcare & Medical
NEFT-R.G DENTAL CLINIC,Healthcare & Medical
Government Hospital Feroj Pur Bangar,Healthcare & Medical
POS DEBIT ROSHNI EYE HOSPITAL,Healthcare & Medical
UPI-G KUMAR AROGYADHAM AYURVED PANCHKARM HOSPITAL AND RESEARCH INSTITUTE,Healthcare & Medical
Mangala Nursing Home and Cancer Hospital PAYMENT,Healthcare & Medical
NEFT-PARIMALA CHILDRENS NURSING HOME,Healthcare & Medical
Jagdev Hospital and Maternity Home,Healthcare & Medical
POS DEBIT SHREE GAYTRI AAROGYAM CLINIC,Healthcare & Medical
UPI-UTTARKASHI SMILE DENTAL CLINIC,Healthcare & Medical
Rajiv Dental Clinic PAYMENT,Healthcare & Medical
NEFT-PIRIDI HOSPITAL,Healthcare & Medical
Sri srinivasa,Healthcare & Medical
POS DEBIT DR N.V. KALAIYARASI,Healthcare & Medical
"UPI-GOVERNMENT AYURVEDA DISPENSARY , VENKATESHWARA NAGAR (NRHM)",Healthcare & Medical
Faith & Felix Nursing Home PAYMENT,Healthcare & Medical
"NEFT-GOVERNMENT HOSPITAL ,DEORANIAN",Healthcare & Medical
Surabee Hospital,Healthcare & Medical
POS DEBIT MAA MAHAMAYA HOSPITAL,Healthcare & Medical
UPI-KUMAR NURSING HOME - GYNECOLOGIST,Healthcare & Medical
"Gopalakrishna Hospital, Gudiyatham PAYMENT",Healthcare & Medical
"NEFT-SHANTI MATERNITY AND NURSING HOME, ROHTAK",Healthcare & Medical
SJ Herbolife Ayurveda Siddha Hospital,Healthcare & Medical
POS DEBIT VASU CLINIC,Healthcare & Medical
UPI-MARY QUEENS MISSION HOSPITAL,Healthcare & Medical
Dr.C. Satheesh PAYMENT,Healthcare & Medical
NEFT-JIJIVISHA MEDICARE AND TRAUMA CENTRE,Healthcare & Medical
Jase Hospital,Healthcare & Medical
POS DEBIT LIFE LINE NURSING HOME,Healthcare & Medical
UPI-DELHI GOVT MOHALLA CLINIC,Healthcare & Medical
Homoeo Dispensary Bekal PAYMENT,Healthcare & Medical
NEFT-JKKN DENTAL HOSPITAL,Healthcare & Medical
J.D.Bagree Institute Of Surgical Sciences,Healthcare & Medical
POS DEBIT ARUNA DENTAL CLINIC,Healthcare & Medical
UPI-LAMHA EYE HOSPITAL,Healthcare & Medical
Govt Medical Jangili PAYMENT,Healthcare & Medical
NEFT-GIREESH CLINIC,Healthcare & Medical
Dr. Karaj Singh Clinic,Healthcare & Medical
POS DEBIT GOVERNMENT HOSPITAL DEHARE,Healthcare & Medical
UPI-GOVERNMENT HOSPITAL SINGAR,Healthcare & Medical
Kelvin Hospital PAYMENT,Healthcare & Medical
"NEFT-VERMA NURSING HOME, ROHTAK",Healthcare & Medical
"Government Hospital, Chand",Healthcare & Medical
POS DEBIT DEV HOSPITAL,Healthcare & Medical
UPI-BHAI SAHEJ PAL SINGH MEMORIAL HOMEOPATHY DISPENSARY,Healthcare & Medical
Government Hospital Patapur PAYMENT,Healthcare & Medical
NEFT-SRI KAVERI MEDICALS,Healthcare & Medical
"Government Ayurvedicdispensary, Peddamandadi",Healthcare & Medical
POS DEBIT GOVT RAJAJI HOSPITAL EMERGENCY WARD,Healthcare & Medical
UPI-PRIYA POLY CLINIC,Healthcare & Medical
Maa Netra Hospital PAYMENT,Healthcare & Medical
"NEFT-SUB CENTRE, KOKONDA",Healthcare & Medical
Regional Eye Hospital,Healthcare & Medical
POS DEBIT PURUSHARTH MULTISPECIALITY HOSPITAL,Healthcare & Medical
"UPI-PRIMARY HEALTH CENTRE, EZHOME",Healthcare & Medical
Government Medical College And Hospital PAYMENT,Healthcare & Medical
NEFT-VETERINARY HOSPITAL VENNIKULAM,Healthcare & Medical
Buddha Nursing Home,Healthcare & Medical
POS DEBIT HAJI RAZZAK BHAI CLINIC,Healthcare & Medical
UPI-MALA GOVT. HOSPITAL,Healthcare & Medical
Dhanvantri charitable trust hospital PAYMENT,Healthcare & Medical
NEFT-SAMRUDDHI MENTAL CARE,Healthcare & Medical
Shankar's Eye Hospital,Healthcare & Medical
POS DEBIT GAD PADIYUR,Healthcare & Medical
"UPI-HERBOCARE HOSPITAL, KANCHIPURAM",Healthcare & Medical
"Dharti Hospital, Tharad PAYMENT",Healthcare & Medical
NEFT-RADHIKA CLINIC,Healthcare & Medical
Dr. S L meena hospital,Healthcare & Medical
"POS DEBIT GOVERNMENT HOSPITAL, PALWE KH.",Healthcare & Medical
"UPI-PRASAD HOSPITAL, BENGALURU RURAL",Healthcare & Medical
M N CLINIC PAYMENT,Healthcare & Medical
NEFT-ASHA HOSPITAL,Healthcare & Medical
Naryana Health Opd & Health Network Clinic,Healthcare & Medical
POS DEBIT SUSRUTA EYE CLINIC AND LASER CENTRE,Healthcare & Medical
UPI-DR. K.N SHAHITHA,Healthcare & Medical
"Mittal Hospital, Bilaspur PAYMENT",Healthcare & Medical
NEFT-JOSEPH DENTCARE,Healthcare & Medical
Healer Ashokan Hospital,Healthcare & Medical
POS DEBIT VILWA AYURVEDA CLINIC,Healthcare & Medical
UPI-CHETANA PHARMACY,Healthcare & Medical
Dr. Rattan Clinic PAYMENT,Healthcare & Medical
NEFT-LAKHANI HOSPITAL,Healthcare & Medical
"Sub Center , Kurumbalakkotta",Healthcare & Medical
"POS DEBIT GOVERNMENT HOSPITAL, JUJUMARA",Healthcare & Medical
"UPI-PRIMARY HEALTH CENTRE, PRAMADAM",Healthcare & Medical
"Government Hospital, Wandavash PAYMENT",Healthcare & Medical
NEFT-PRATHAP,Healthcare & Medical
Naga Hospital,Healthcare & Medical
POS DEBIT DEVAGIRI HOSPITAL,Healthcare & Medical
UPI-MEDICAL MISSION SPECIALITY HOSPITAL,Healthcare & Medical
Dr. Dash Homeopathy Clinic PAYMENT,Healthcare & Medical
NEFT-KHAIRA NURSING HOME,Healthcare & Medical
"Pawan Hospital Pvt. Ltd. , Jaipur",Healthcare & Medical
POS DEBIT CLOVE:) DENTAL,Healthcare & Medical
UPI-AMERICAN HOSPITAL,Healthcare & Medical
Hind Hospital PAYMENT,Healthcare & Medical
NEFT-KOLAGUNDA PRIMARY HEALTH CENTRE,Healthcare & Medical
Dr. B.l. Kumawat,Healthcare & Medical
POS DEBIT UNDER CONSTRUCTION HOSPITAL,Healthcare & Medical
UPI-DR. RAJA RAO CHILDREN'S HOSPITAL,Healthcare & Medical
"Ravi Hospital, Yamunanagar PAYMENT",Healthcare & Medical
"NEFT-KIDZ CHILDREN HOSPITAL,NARAYANPET",Healthcare & Medical
S B Dental Care,Healthcare & Medical
POS DEBIT VANJEE MULTISPECALITY DENTAL CENTRE,Healthcare & Medical
"UPI-RAILWAY HOSPITAL, TRIVANDRUM",Healthcare & Medical
S.M. Clinic PAYMENT,Healthcare & Medical
"NEFT-RAMAKRISHNA NURSING HOME, TIRUCHIRAPPALLI",Healthcare & Medical
Kurvey Hospital,Healthcare & Medical
POS DEBIT SSHIRADI SAI FAMILY CARE CLINIC,Healthcare & Medical
UPI-RAJ MATERNITY AND G.K. NURSING HOME,Healthcare & Medical
Granth Medical PAYMENT,Healthcare & Medical
NEFT-PAYYANUR EYE FOUNDATION,Healthcare & Medical
Rural Hospital Devrukh,Healthcare & Medical
"POS DEBIT GOVERNMENT HOSPITAL, THONDI",Healthcare & Medical
UPI-PAWAN CLINIC,Healthcare & Medical
Birmole Hospital PAYMENT,Healthcare & Medical
NEFT-SANGEETHA,Healthcare & Medical
Sant Hospital,Healthcare & Medical
POS DEBIT VASAVI CLINIC,Healthcare & Medical
UPI-GIRISHANTA ORTHO CARE,Healthcare & Medical
"Govt Hospital,Jhabra PAYMENT",Healthcare & Medical
NEFT-GOVERNMENT HOSPITAL SAKALESHAPURA,Healthcare & Medical
Solan RH,Healthcare & Medical
POS DEBIT GOVERNMENT VETERINARY HOSPITAL,Healthcare & Medical
UPI-CAREWELL CLINICAL CENTRE,Healthcare & Medical
Arya Physiotherapy Clinic PAYMENT,Healthcare & Medical
NEFT-DR..TAMULI CHAMBER EYE,Healthcare & Medical
Kunda Orthopaedic Centre,Healthcare & Medical
POS DEBIT GENERAL HOSPITAL - WAI,Healthcare & Medical
UPI-DENTAL HOUSE,Healthcare & Medical
Bhandari Hospital and Research Centre PAYMENT,Healthcare & Medical
NEFT-MEENAKSHI MULTISPECIALTY HOSPITAL - SATARA,Healthcare & Medical
"Government Mental Health Center,Thrissur",Healthcare & Medical
POS DEBIT GURUKRIPA NURSING HOME,Healthcare & Medical
UPI-SAI SHRADDHA HOSPITAL,Healthcare & Medical
CMC Medical Centre PAYMENT,Healthcare & Medical
"NEFT-GOVERNMENT HOSPITAL, LEDY",Healthcare & Medical
Dr. Hazarimal Choudhary,Healthcare & Medical
POS DEBIT DOCTOR SUNIL C. ULLAL,Healthcare & Medical
UPI-DR. AMITABHA CHAKRABARTI,Healthcare & Medical
Dr. Dukle's Hospital & Research Centre PAYMENT,Healthcare & Medical
NEFT-MALATHI POLYCLINIC,Healthcare & Medical
Orient Clinics,Healthcare & Medical
POS DEBIT HAPANIA HOSPITAL,Healthcare & Medical
UPI-SARANG HOMOEO CLINIC,Healthcare & Medical
Dr.Ganesh's Physiotherapy Clinic PAYMENT,Healthcare & Medical
"NEFT-GOVERNMENT AYURVEDIC DISPENSARY, MEDAPALLY (NRHM)",Healthcare & Medical
"Mahavir Hospital, Tapi",Healthcare & Medical
POS DEBIT GURU MULTISPECIALITY HOSPITAL,Healthcare & Medical
UPI-SIVANANDA REHABILITATION HOME,Healthcare & Medical
"Siddharth Hospital, Pune PAYMENT",Healthcare & Medical
NEFT-DR. WAHAB HOMOEOPATHIC CLINIC,Healthcare & Medical
Dr. Juhi Singhal,Healthcare & Medical
"POS DEBIT GOYAL CITY HOSPITAL, AGRA",Healthcare & Medical
UPI-GOVERNMENT HOSPITAL BIRDHANA,Healthcare & Medical
S.J.M Medicals PAYMENT,Healthcare & Medical
NEFT-PARAMOUNT GENERAL HOSPITAL AND ICCU,Healthcare & Medical
Vithai Hospital,Healthcare & Medical
POS DEBIT KASHMIR LIFELINE AND HEALTH CENTRE,Healthcare & Medical
UPI-SREE RAM EYE HOSPITAL,Healthcare & Medical
"Sanjeevani Hospital, Sirohi PAYMENT",Healthcare & Medical
NEFT-NETRAJYOTI EYE HOSPITAL,Healthcare & Medical
Dr. Vivek Barot Sai Orthopaedic Hospital,Healthcare & Medical
POS DEBIT CARE MEDICALS,Healthcare & Medical
UPI-ASHIRVAD ORTHOPAEDIC HOSPITAL,Healthcare & Medical
Algon Hospital PAYMENT,Healthcare & Medical
NEFT-MUKUAND LAL CIVIL HOSPITAL,Healthcare & Medical
Pasricha Hospital and Maternity Home / Pasricha Hospital Laser and Plastic Surgery Center,Healthcare & Medical
POS DEBIT CGHS DISPENSARY NARAINA VIHAR,Healthcare & Medical
UPI-ENT CARE CLINIC - DR. VK GUPTA,Healthcare & Medical
Asha Hospital Diabetes & Multi Speciality PAYMENT,Healthcare & Medical
NEFT-DR SUSHIL SACHDEVA,Healthcare & Medical
"Maher Hospital, Jalgaon",Healthcare & Medical
POS DEBIT PATHCARE LABS PVT LTD,Healthcare & Medical
UPI-ANU CLINIC,Healthcare & Medical
Shree Nagesh Childrens Hospital PAYMENT,Healthcare & Medical
NEFT-COORG DENTAL CLINIC,Healthcare & Medical
Generic Vishv Medical,Healthcare & Medical
POS DEBIT CITY CARE HOSPITAL AND RESEARCH CENTRE PVT. LTD,Healthcare & Medical
UPI-RADHIKA CLINIC,Healthcare & Medical
Madrasha Building PAYMENT,Healthcare & Medical
NEFT-ST. VINCENT DE PAUL HOSPITAL,Healthcare & Medical
Dr. Farzana,Healthcare & Medical
POS DEBIT NIRMALAM LIFESTYLE CLINIC,Healthcare & Medical
"UPI-GOVERNMENT HOSPITAL, SAWALI",Healthcare & Medical
Nilam Tiwari Hospital PAYMENT,Healthcare & Medical
NEFT-SHREE SIDDHIVINAYAK CHILDREN'S HOSPITAL,Healthcare & Medical
Lnm Cruop Lions Hospital and Research Centre,Healthcare & Medical
"POS DEBIT SAMVED ORTHOPAEDIC HOSPITAL, AHMEDABAD",Healthcare & Medical
"UPI-PRIMARY HEALTH CENTRE, KODIYERI",Healthcare & Medical
Prakruti Pharma PAYMENT,Healthcare & Medical
NEFT-CHANDRA PRABHA NURSING HOME,Healthcare & Medical
Tirumala Maternity & Surgical Hospital,Healthcare & Medical
POS DEBIT BANGITALA RURAL HOSPITAL,Healthcare & Medical
UPI-IPSITA MEDICARE,Healthcare & Medical
Shah Hospital - Vadaj PAYMENT,Healthcare & Medical
NEFT-DOCTEUR SMILEZ,Healthcare & Medical
Khare Surgical Centre,Healthcare & Medical
POS DEBIT S.V.R.R.HOSPITAL,Healthcare & Medical
UPI-SAAVAN DHANDHASHUPATHRI,Healthcare & Medical
"Government Ayurvedic Dispensary, Aitipamlua PAYMENT",Healthcare & Medical
NEFT-GHEDIYA DENTAL CARE,Healthcare & Medical
Sri Varshini Clinic,Healthcare & Medical
POS DEBIT SANITORIUM HOSPITAL,Healthcare & Medical
UPI-MILLAT HOSPITAL,Healthcare & Medical
Harshey Hospital PAYMENT,Healthcare & Medical
NEFT-AMAN,Healthcare & Medical
Sultania Zanana Hospital,Healthcare & Medical
POS DEBIT JEEVAN ASHA HOSPITAL,Healthcare & Medical
UPI-RH CHAKIA,Healthcare & Medical
"Primary Health Centre, Batpally PAYMENT",Healthcare & Medical
"NEFT-SPANDAN HOSPITAL, PUNE",Healthcare & Medical
DBR And SK Super Speciality Hospital,Healthcare & Medical
"POS DEBIT BAI GANGA BAI WOMEN HOSPITAL, GONDIA",Healthcare & Medical
UPI-APOORVA HOSPITAL,Healthcare & Medical
Chhavi Eye Hospital PAYMENT,Healthcare & Medical
NEFT-RKG SUPER SPECIALITY HOSPITAL,Healthcare & Medical
Vishal Dental Clinic,Healthcare & Medical
POS DEBIT MANAS CLINIC AND FERTILITY CENTRE,Healthcare & Medical
UPI-SRI SRINIVASA PHYSIO CARE,Healthcare & Medical
Federation Nursing Home PAYMENT,Healthcare & Medical
NEFT-GULMOHAR EYE CLINIC,Healthcare & Medical
City Hospital - Ghaziabad,Healthcare & Medical
"POS DEBIT SUNRISE HOSPITAL, NASHIK",Healthcare & Medical
UPI-RAICHURA PRASUTI GRUHA,Healthcare & Medical
"Shifa Dental Clinic, Anakkayam PAYMENT",Healthcare & Medical
NEFT-S.K DENTAL CLINIC,Healthcare & Medical
Dr. S C Jha - Chest Clinic,Healthcare & Medical
POS DEBIT TAGO MEMORIAL HOSPITAL,Healthcare & Medical
UPI-BORIVALI WEST,Healthcare & Medical
Aggarwal Eye Institute PAYMENT,Healthcare & Medical
NEFT-MALAR DENTAL CARE,Healthcare & Medical
Dr. Abhilash-Pulmanologist,Healthcare & Medical
POS DEBIT SOBHA CLINIC AND MATERNITY CENTRE,Healthcare & Medical
UPI-KOTTAYKAL ARYA VAIDYA SHALA,Healthcare & Medical
Aulakh Nursing Home and Maternity Centre PAYMENT,Healthcare & Medical
NEFT-RAI SAHAB SETH GIRDHARI LAL,Healthcare & Medical
VETERINARY SUBCENTER SENAPATHY,Healthcare & Medical
POS DEBIT GOVT HOSPITAL KHALLARI,Healthcare & Medical
"UPI-SAMARTH HOSPITAL, MUMBAI",Healthcare & Medical
Harshitha Medical & General Store PAYMENT,Healthcare & Medical
"NEFT-GOVERNMENT AYURVEDA DISPENSARY, PALAKURTHY(NRHM)",Healthcare & Medical
Samyak Drishti Eye Centre,Healthcare & Medical
POS DEBIT SRI KAVERI HOSPITAL,Healthcare & Medical
UPI-VANITHA CHILD CARE & SKIN CLINIC,Healthcare & Medical
Vivus Hospital PAYMENT,Healthcare & Medical
NEFT-AL-AMAN HOSPITAL PHARMACY,Healthcare & Medical
Osteo Ayush Pain Clinic,Healthcare & Medical
POS DEBIT HEALTH SUB CENTRE,Healthcare & Medical
UPI-DR. A MUTTHU MAHESH CLINIC,Healthcare & Medical
Jaya Urology Hospital PAYMENT,Healthcare & Medical
NEFT-S.N.A. SIDDHA HOSPITAL,Healthcare & Medical
Old RIMS,Healthcare & Medical
POS DEBIT SWISS PARK NURSING HOME,Healthcare & Medical
UPI-SREE SEVUGAN PHARMACY,Healthcare & Medical
Ganpati Medical and Provision Store PAYMENT,Healthcare & Medical
NEFT-SRI GURU RAM DAS INSTITUTE OF DENTAL SCIENCES AND RESEARCH,Healthcare & Medical
Kabir Parakh Sansthan,Healthcare & Medical
POS DEBIT DHURVE DENTAL CLINIC,Healthcare & Medical
UPI-MATRI KALYAN NURSING HOME,Healthcare & Medical
Trinity Clinic PAYMENT,Healthcare & Medical
NEFT-PAINLESS ORODENTAL CURE,Healthcare & Medical
ahuja hospital,Healthcare & Medical
POS DEBIT ABHILASHA EYE+ MATERNITY HOSPITAL,Healthcare & Medical
UPI-REFERAL HOSPITAL BABARA,Healthcare & Medical
Seven Hills Multi Speciality Hospital PAYMENT,Healthcare & Medical
NEFT-SRI VIJAYA LAKSHMI HOSPITAL,Healthcare & Medical
Fairsight Eye Hospital,Healthcare & Medical
"POS DEBIT GOVERNMENT HOSPITAL, GAJSINGHPUR",Healthcare & Medical
UPI-OAKRIDGE HOSPITALS,Healthcare & Medical
Arkal Hospital PAYMENT,Healthcare & Medical
NEFT-KALYAN SINGH HOSPITAL,Healthcare & Medical
Vennela Multi Speciality Children Hospital,Healthcare & Medical
POS DEBIT PGIMER SATELLITE CENTRE,Healthcare & Medical
UPI-AJAZPASHA,Healthcare & Medical
Regional Spinal Injury Centre PAYMENT,Healthcare & Medical
NEFT-CHINNANUR PRIMARY HEALTH CENTER,Healthcare & Medical
IRCS Cancer Hospital,Healthcare & Medical
POS DEBIT LONKAR HOSPITAL,Healthcare & Medical
UPI-SAI MULTI SPECIALITY HOSPITAL,Healthcare & Medical
DR. BHUTE SPINE CLINIC AND ORTHODENTAL CARE PAYMENT,Healthcare & Medical
NEFT-VETERINARY SUBCENTER PANIYOOR,Healthcare & Medical
DENTAL CLINIC,Healthcare & Medical
POS DEBIT SHANTI HOSPITAL AND TRAUMA CENTRE,Healthcare & Medical
"UPI-GOVERNMENT AYURVEDIC DISPENSARY, CHELPUR - JB (NRHM)",Healthcare & Medical
Dhanvantari Hospital PAYMENT,Healthcare & Medical
NEFT-ANAGHA CLINIC,Healthcare & Medical
Govt.Homeo Dispensary,Healthcare & Medical
POS DEBIT DEMPO HEALTH CARE,Healthcare & Medical
UPI-KAMOTHE CRITICARE HOSPITAL,Healthcare & Medical
Government Hospital Pachewara PAYMENT,Healthcare & Medical
NEFT-CNS HOSPITAL BRAIN & SPINE CENTRE,Healthcare & Medical
Well Care Nursing Home,Healthcare & Medical
POS DEBIT MYGYNE CLINIC,Healthcare & Medical
"UPI-SUBCENTER,ARIMULA",Healthcare & Medical
Srinath Orthopaedic Hospital PAYMENT,Healthcare & Medical
NEFT-CIVIL HOSPITAL BHAINI BAGHA,Healthcare & Medical
Dhupguri State Dispensary,Healthcare & Medical
POS DEBIT PRIMARY HEALTH CENTER,Healthcare & Medical
"UPI-PRIMARY HEALTH CENTRE, HASNAPUR",Healthcare & Medical
Memoon Physiotherapy Clinic PAYMENT,Healthcare & Medical
NEFT-SWATHI DIABETIC RESEARCH CENTRE,Healthcare & Medical
Chelladurai Homeopathic Hospital,Healthcare & Medical
POS DEBIT JYOTI PRAKASH EYE HOSPITAL,Healthcare & Medical
UPI-NEURON - NEURO SURGICAL HOSPITAL,Healthcare & Medical
Pragati Super Speciality Hospital PAYMENT,Healthcare & Medical
NEFT-USHAKIRAN GENERAL HOSPITAL,Healthcare & Medical
Novel Hearing Care Centre,Healthcare & Medical
"POS DEBIT HOSPITAL, DINDIGUL",Healthcare & Medical
UPI-PRADHAN MANTHRI,Healthcare & Medical
Sambharam Nursing Home - Solapur PAYMENT,Healthcare & Medical
NEFT-DR. ANOOP,Healthcare & Medical
Kunnikkal Medicals,Healthcare & Medical
"POS DEBIT VISHAL EYE HOSPITAL, UNA",Healthcare & Medical
UPI-MANVI DEMTAL CLINIC AND IMPLANT CENTRE,Healthcare & Medical
"Garud Nursing Home, Karad PAYMENT",Healthcare & Medical
NEFT-KRUSHNAI MATERNITY AND NURSING HOME,Healthcare & Medical
Isaf Polyclinic,Healthcare & Medical
POS DEBIT JAMUL HOSPITAL,Healthcare & Medical
UPI-SITAPUR HOSPITAL,Healthcare & Medical
Anurag Maternity and Laparoscopic Center PAYMENT,Healthcare & Medical
NEFT-JINDAL HOSPITAL & HEART CENTRE,Healthcare & Medical
Vishnu Dentist,Healthcare & Medical
POS DEBIT DR. SHAKEEL AHMAD MIR,Healthcare & Medical
UPI-PRASITH CLINIC,Healthcare & Medical
Sangam General Hospital PAYMENT,Healthcare & Medical
NEFT-SINGH POLY CLINIC,Healthcare & Medical
Ik Onkar Hospital,Healthcare & Medical
POS DEBIT C.LAL OLD HOSPITAL,Healthcare & Medical
UPI-GOVT. HOSPITAL NIGHORI BHANPUR,Healthcare & Medical
"Narula Nursing Home, Panchkula PAYMENT",Healthcare & Medical
NEFT-GOVERNMENT HOSPITAL TIGAON,Healthcare & Medical
Nirvan Neuro Hospital,Healthcare & Medical
POS DEBIT LAKSHMI SUPER SPECIALITY DENTAL CLINIC,Healthcare & Medical
UPI-GOTTIPATI,Healthcare & Medical
Rajarajan Venkateshan Hospital PAYMENT,Healthcare & Medical
NEFT-SANJEEV DENTAL CLINIC,Healthcare & Medical
Diviseema Dental Clinic,Healthcare & Medical
POS DEBIT TB HOSPITAL KARUVATTA,Healthcare & Medical
UPI-DR. ARORA'S CLINIC,Healthcare & Medical
Thiruthekattu Medicals PAYMENT,Healthcare & Medical
NEFT-PRIMARY HEALTH CENTER VALLAPPUZHA,Healthcare & Medical
Super Speciality Hospital,Healthcare & Medical
POS DEBIT BARSA NURSING HOME,Healthcare & Medical
UPI-SVS CLINIC,Healthcare & Medical
Balaji Dental Clinic PAYMENT,Healthcare & Medical
NEFT-DR. MUKHTIAR CLINIC,Healthcare & Medical
Meppadi Govt.Homoeo Dispensary,Healthcare & Medical
POS DEBIT SRI SAINATH CLINIC&MEDICAL,Healthcare & Medical
UPI-ARIHANT CLINIC,Healthcare & Medical
BBMB Hospital PAYMENT,Healthcare & Medical
NEFT-MAHALAKSHMI MULTI-SPECIALITY HOSPITAL,Healthcare & Medical
Dr Rama Rao Hospital,Healthcare & Medical
POS DEBIT NANJAMMA JAVAREGOWDA HOSPITAL,Healthcare & Medical
UPI-KARAPARAKSHA CLINIC,Healthcare & Medical
Indu Medical Center PAYMENT,Healthcare & Medical
NEFT-MOHIRE BALRUGNALAYA,Healthcare & Medical
Ankur Orthopaedic Hospital,Healthcare & Medical
"POS DEBIT KATWA NURSING HOME, BARDHAMAN",Healthcare & Medical
UPI-D D BONE & JOINT HOSPITAL,Healthcare & Medical
"Deepam Hospital, Ramanathapuram PAYMENT",Healthcare & Medical
NEFT-OM CLINIC & OCCUPATIONAL HEALTH CENTRE,Healthcare & Medical
Kanakatte Primary Health Centre,Healthcare & Medical
POS DEBIT LAXMI SREE PHYSIOTHERAPY & REHABILITATON CLINIC,Healthcare & Medical
UPI-KHOKKAR CLINIC,Healthcare & Medical
"Dr. Setul Shah, Navapura PAYMENT",Healthcare & Medical
NEFT-CRESCENT HOSPITAL & HEART CENTRE,Healthcare & Medical
Railways Hospital,Healthcare & Medical
POS DEBIT MASRU MEDICAL,Healthcare & Medical
"UPI-GOVERNMENT UNANI DISPENSARY, SIRCILLA (REGULAR)",Healthcare & Medical
Samragyee Homoeopathy Clinic PAYMENT,Healthcare & Medical
NEFT-DMC HOSPITAL,Healthcare & Medical
Dr. Batra's,Healthcare & Medical
POS DEBIT DR. GV PRAKASH,Healthcare & Medical
UPI-CHIRANJEEV HOSPITAL AND HEART CENTRE,Healthcare & Medical
Government Hospital Dhirapatna PAYMENT,Healthcare & Medical
NEFT-SRI MAHALAXMI PILLALA ASUPATRI,Healthcare & Medical
Kongu Hospital,Healthcare & Medical
POS DEBIT DR. ANANT PRAKASH GUPTA,Healthcare & Medical
UPI-SLR HEALTH CARE,Healthcare & Medical
Geetharani Clinic PAYMENT,Healthcare & Medical
NEFT-SNEH MATERNITY HOME,Healthcare & Medical
Nazim's Dentocare,Healthcare & Medical
POS DEBIT WALIA HOSPITAL LIFE LINE BLOOD CENTRE,Healthcare & Medical
UPI-BIMAL JAIN CHILDREN HOSPITAL,Healthcare & Medical
Dr. Meenakshi Jain Hospital PAYMENT,Healthcare & Medical
"NEFT-LOTUS HOSPITAL, GURGAON",Healthcare & Medical
Gahlot Nursing Home,Healthcare & Medical
"POS DEBIT SARVODAYA HOSPITAL, BAREILLY",Healthcare & Medical
UPI-LONGIA EYE HOSPITAL,Healthcare & Medical
Shreekrishna Hospital and Health Care Centre PAYMENT,Healthcare & Medical
NEFT-DR. K M GANGWAL,Healthcare & Medical
Dr. Rajeev Agarwal Hospital,Healthcare & Medical
POS DEBIT FARMATODO,Healthcare & Medical
UPI-MTH HOSPITAL,Healthcare & Medical
Vadamalaiyan hospital PAYMENT,Healthcare & Medical
NEFT-JEEVAN SPARSH EYE HOSPITAL,Healthcare & Medical
"PHC,Kawnpui",Healthcare & Medical
POS DEBIT DR. SUNIL PATHAK,Healthcare & Medical
"UPI-CGHS, NEW RAJINDER NAGAR",Healthcare & Medical
Chandra Mouli Clinic PAYMENT,Healthcare & Medical
NEFT-MITTAL CHEST ALLEGERY AND GENERAL HOSPITAL,Healthcare & Medical
Baste Maternity Hospital,Healthcare & Medical
POS DEBIT MARUTI NANDAN MEDICOS,Healthcare & Medical
UPI-GAURANG NURSING HOME,Healthcare & Medical
Dr. Path PAYMENT,Healthcare & Medical
NEFT-MOTIHARI EYE HOSPITAL,Healthcare & Medical
Omkar Surgical and Maternity Home,Healthcare & Medical
POS DEBIT BISU HOSPITAL,Healthcare & Medical
UPI-AADYA HEART CARE CENTRE,Healthcare & Medical
"Government Ayurveda Dispensary, Vadavannur PAYMENT",Healthcare & Medical
NEFT-SHRIKRUPA HOSPITAL,Healthcare & Medical
Sarangi Clinic,Healthcare & Medical
POS DEBIT SHAAMBHAVI'S DENTAL CLINIC & DIAGNOSTIC CENTRE,Healthcare & Medical
UPI-AL-SHIFA DENTAL CLINIC,Healthcare & Medical
Meeran Skin Hospital PAYMENT,Healthcare & Medical
NEFT-GUNJAN HOSPITAL AND ICU UNIT,Healthcare & Medical
Health Unit,Healthcare & Medical
POS DEBIT RANGI HOSPITAL,Healthcare & Medical
UPI-CHL-CBCC CANCER CENTER,Healthcare & Medical
Krishna Surgical Hospital PAYMENT,Healthcare & Medical
NEFT-GOVT VETINARY DISPENSERY-KURUMASSERY,Healthcare & Medical
Hamdad Hospital,Healthcare & Medical
POS DEBIT SRI ARJUNA NURSING HOME,Healthcare & Medical
UPI-DR. KANIRAJ PETER CLINIC,Healthcare & Medical
Dharm Dental Clinic PAYMENT,Healthcare & Medical
"NEFT-PRIMARY HEALTH CENTER, AMBALAPUZHA NORTH",Healthcare & Medical
Dr. Vasantha's Eye Clinic,Healthcare & Medical
POS DEBIT BHARAT CLINIC,Healthcare & Medical
"UPI-PRIMARY HEALTH CENTRE, VANNAMADA",Healthcare & Medical
"J P Eye Hospital, Rupnagar PAYMENT",Healthcare & Medical
NEFT-FAMOUS OPTICAL,Healthcare & Medical
EMS Memorial Co-Operative Hospital & Research Centre,Healthcare & Medical
POS DEBIT ANAKKAPILLA SUB CENTER,Healthcare & Medical
UPI-SHARDA HOSPITAL BIRGAON,Healthcare & Medical
"Government Hospital, KoranSarai PAYMENT",Healthcare & Medical
NEFT-NALCO HOSPITAL,Healthcare & Medical
"Manasa Hospital, Devana Halli Town",Healthcare & Medical
"POS DEBIT NMCH, CIDCO",Healthcare & Medical
UPI-JYOTHI POLY CLINIC,Healthcare & Medical
Twin Pearl Pediatric & Multispeciality Dental Clinic PAYMENT,Healthcare & Medical
NEFT-SRI CHARITA HOSPITAL,Healthcare & Medical
"CHC, Sarwan",Healthcare & Medical
POS DEBIT THE VEIN CENTER ANDHERI,Healthcare & Medical
UPI-FEMINA HOSPITAL,Healthcare & Medical
Sri Saraswathi Nursing Home PAYMENT,Healthcare & Medical
NEFT-PANNEERSELVAM HOSPITAL,Healthcare & Medical
STS Hospital,Healthcare & Medical
POS DEBIT SRI GANGA SARASWATHI CHILDREN'S HOSPITAL,Healthcare & Medical
UPI-SR KRISHNA HOSPITAL,Healthcare & Medical
Balbir Hospital PAYMENT,Healthcare & Medical
NEFT-ADIVA HOSPITAL,Healthcare & Medical
Poornima Hospital,Healthcare & Medical
POS DEBIT DISHARI HEALTH POINT PVT LTD,Healthcare & Medical
"UPI-GOVT UNANI DISPENSARY, NARVA (NRHM)",Healthcare & Medical
Free Dispensary PAYMENT,Healthcare & Medical
NEFT-DESAI KIDNEY CARE CENTRE,Healthcare & Medical
Anupama Hospital Pvt. Ltd.,Healthcare & Medical
POS DEBIT CAREX CLINIC,Healthcare & Medical
UPI-SANJEEWANI HOSPITAL,Healthcare & Medical
Dr Nagvekar Hospital and Nursing Home PAYMENT,Healthcare & Medical
NEFT-BRIGHT DIAGNOSTIC CENTRE,Healthcare & Medical
Amina Hospital,Healthcare & Medical
POS DEBIT S.S.HOSPITAL AND RESEARCH CENTRE,Healthcare & Medical
UPI-VASAVI EYE HOSPITAL,Healthcare & Medical
Siddheshwar Health Clinic PAYMENT,Healthcare & Medical
NEFT-KRISHNA POLY CLINIC,Healthcare & Medical
Dr. Jatinder Kaur Eye Care Centre,Healthcare & Medical
POS DEBIT NEW CITY CHEMIST,Healthcare & Medical
UPI-TRIPTA HOSPITAL,Healthcare & Medical
Veterinary Dispensary Puthiyedam PAYMENT,Healthcare & Medical
NEFT-KELKAR HOSPITAL,Healthcare & Medical
Dr. Bhaskarjyoti Das's Dental Clinic,Healthcare & Medical
POS DEBIT SANGHAVI EYE CLINIC,Healthcare & Medical
"UPI-GOVERNMENT HOSPITAL, BANARPAL",Healthcare & Medical
Dr. U L Vishwakarma Clinic PAYMENT,Healthcare & Medical
"NEFT-PRIMARY HEALTH CENTRE , PIRAVANTHUR",Healthcare & Medical
Government Hospital Jaora,Healthcare & Medical
POS DEBIT KANPUR NURSING HOME,Healthcare & Medical
UPI-TULIP HOSPITAL,Healthcare & Medical
Shri Sathya Sai Hospital PAYMENT,Healthcare & Medical
NEFT-ST MARYS EYE CARE,Healthcare & Medical
Sulaiman Kurikkal Ottamooli,Healthcare & Medical
POS DEBIT ENCLAVE MATERNITY HOME,Healthcare & Medical
UPI-SOWMANASYA HOSPITAL AND INSTITUTE OF PSYCHIATRY,Healthcare & Medical
Vardan Eye Care PAYMENT,Healthcare & Medical
"NEFT-SAIRANG,PRIMARY HEALTH CENTRE",Healthcare & Medical
Jimeet Dental Clinic,Healthcare & Medical
POS DEBIT DR. DEBABRATA PADHY BONE AND JOINT CLINIC,Healthcare & Medical
UPI-APOLLO PHARAMACY,Healthcare & Medical
SMS Hospital PAYMENT,Healthcare & Medical
"NEFT-GOVERNMENT HOSPITAL,KONDAPI",Healthcare & Medical
G B Vaghani Multispeciality Hospital,Healthcare & Medical
POS DEBIT VAZ DENTAL CLINIC,Healthcare & Medical
UPI-DR. RAJESH KOREA,Healthcare & Medical
Piles Painless Clinic PAYMENT,Healthcare & Medical
NEFT-MANGAL CLINIC,Healthcare & Medical
Akshar Surgical Hospital,Healthcare & Medical
POS DEBIT ILAMURUGAN HOSPITAL,Healthcare & Medical
UPI-ILA HOSPITAL,Healthcare & Medical
Dwarika Medicare & Maternity Centre PAYMENT,Healthcare & Medical
NEFT-S. VIR SINGH MEMORIAL DHALIWAL CURABLE CLINIC,Healthcare & Medical
Arihant Medicals,Healthcare & Medical
POS DEBIT CIVIL HOSPITAL CHANDORI,Healthcare & Medical
UPI-LOONA HOSPITAL & CHILD CARE CENTRE,Healthcare & Medical
Yusra Hospital PAYMENT,Healthcare & Medical
"NEFT-GOVERNMENT GENERAL HOSPITAL, PATHANAMTHITTA",Healthcare & Medical
Bansal Dental Clinic,Healthcare & Medical
POS DEBIT SRIHARSHA HOSPITAL,Healthcare & Medical
UPI-DISTRICT WOMEN HOSPITAL RAE BARELI,Healthcare & Medical
Manusmruti Hospital PAYMENT,Healthcare & Medical
NEFT-MEHRISH CLINIC,Healthcare & Medical
Ashutosh Clinic,Healthcare & Medical
POS DEBIT JEEBANJYOTHI HOSPITAL AND DIAGNOSTICS,Healthcare & Medical
UPI-RAGHUDEEP EYE CLINIC,Healthcare & Medical
Behala Balananda Brahmachari Hospital and Research Center PAYMENT,Healthcare & Medical
NEFT-TRINITY ACUTE CARE HOSPITAL - CHENNAI,Healthcare & Medical
Airforce Hospital,Healthcare & Medical
POS DEBIT SHRI BALAJI INSTITUTE OF MEDICAL SCIENCE PVT LTD,Healthcare & Medical
"UPI-RAMA HOSPITAL, SONIPAT",Healthcare & Medical
Gopal Jinagouda Bharatesh Hospital PAYMENT,Healthcare & Medical
NEFT-JAHNAVI ORTHOPAEDIC HOSPITAL,Healthcare & Medical
Dr. Ranjan Deb Dental Clinic,Healthcare & Medical
POS DEBIT DGD SHAHBAD MOHAMMADPUR,Healthcare & Medical
UPI-TRIPLICANE GOVERNMENT HOSPITAL,Healthcare & Medical
Oneders Clinics PAYMENT,Healthcare & Medical
NEFT-DHIMAN CLINIC,Healthcare & Medical
Dr. Seladiya Hospital,Healthcare & Medical
POS DEBIT DR AKB CLINIC,Healthcare & Medical
UPI-DR.JAYAPRAKASH KODOTH,Healthcare & Medical
S H S Memorial Hospital PAYMENT,Healthcare & Medical
NEFT-DR. ZIAUDDIN AHMED DENTAL COLLEGE & HOSPITAL,Healthcare & Medical
Dr H N Naik,Healthcare & Medical
"POS DEBIT GOVERNMENT HOSPITAL, SAKHINETIPALLI",Healthcare & Medical
"UPI-GOVERNMENT HOSPITAL, BARADIYA",Healthcare & Medical
Amar Medicos Agencies PAYMENT,Healthcare & Medical
NEFT-SUDEEP GENERAL HOSPITAL,Healthcare & Medical
Ghanashyam Homeo Clinic,Healthcare & Medical
POS DEBIT A. G. PADMAVATI'S HOSPITAL,Healthcare & Medical
UPI-CHARAK HOSPITAL,Healthcare & Medical
Aamena Sarvajanik Hospital PAYMENT,Healthcare & Medical
NEFT-PROFESSIONAL DENTAL CLINIC,Healthcare & Medical
Jubilee Hospital,Healthcare & Medical
POS DEBIT CHILD HEALTH CARE,Healthcare & Medical
UPI-VIJAYA SPECIALITY CLINIC,Healthcare & Medical
Dr Thakorbhai V Patel Eye Institute and Sheth M L Vaduwala Hospital PAYMENT,Healthcare & Medical
NEFT-RC SHARMA HOSPITAL,Healthcare & Medical
Sri Indira Devi Nursing Home,Healthcare & Medical
POS DEBIT RAJ MULTI SPECIALITY HOSPITAL,Healthcare & Medical
UPI-OLD CIVIL HOSPITAL,Healthcare & Medical
Dangoria Maternity and Nursing Home PAYMENT,Healthcare & Medical
NEFT-NAWAB CLINIC,Healthcare & Medical
Rajvanshi Memorial Hospital,Healthcare & Medical
"POS DEBIT GOVT VETERINARY HOSPITAL ,NETTOOR",Healthcare & Medical
UPI-KARUNYA DENTAL CARE,Healthcare & Medical
Impur Mission Hospital Clinic PAYMENT,Healthcare & Medical
NEFT-SKIN AND HAIR CLINIC,Healthcare & Medical
Lalganj,Healthcare & Medical
POS DEBIT SREE MEDICAL CHILKUNDA,Healthcare & Medical
UPI-MAHALAKSHMI MULTISPECIALITY DENTAL HOSPITAL,Healthcare & Medical
Major Ram Singh Govt Hospital PAYMENT,Healthcare & Medical
NEFT-DR. SRIGOPAL CHANDAK HOSPITAL,Healthcare & Medical
Dr. Marudhappan,Healthcare & Medical
POS DEBIT SURAJ CLINICS,Healthcare & Medical
"UPI-VASAN EYE CARE HOSPITAL, SALEM",Healthcare & Medical
Unity Multi Speciality Hospital PAYMENT,Healthcare & Medical
NEFT-VINAYAK CLINIC,Healthcare & Medical
Dr Savlas Child Care Centre,Healthcare & Medical
"POS DEBIT DR AGARWALS EYE HOSPITAL LTD, HOSUR",Healthcare & Medical
UPI-DR. MOOTHA'S ADVANCED DENTAL CARE CENTER,Healthcare & Medical
Chandrama Hospital PAYMENT,Healthcare & Medical
NEFT-ARUL SIDDHA CLINIC,Healthcare & Medical
Ved Gyarshi Lal Hospital,Healthcare & Medical
"POS DEBIT COMMUNITY HEALTH CENTRE, VENGOLA",Healthcare & Medical
UPI-PONNAMMAL DURAISAMY EYE CLINIC,Healthcare & Medical
Mehak Medicos PAYMENT,Healthcare & Medical
NEFT-DR. M.S. HANIFI,Healthcare & Medical
Shree Hari Om General Hospital and Maternity Home,Healthcare & Medical
POS DEBIT NEW THANAM MEDICALS,Healthcare & Medical
UPI-K.L MEMORIAL HOSPITAL,Healthcare & Medical
Gadre Eye Care Centre PAYMENT,Healthcare & Medical
"NEFT-AREA HOSPITAL,AMALAPURAM",Healthcare & Medical
Smile Forever Dental Clinic,Healthcare & Medical
"POS DEBIT JYOTI EYE HOSPITAL, SABAR KANTHA",Healthcare & Medical
UPI-ALPHA PALLIATIVE CARE,Healthcare & Medical
Dr. Brijeshwar Clinic PAYMENT,Healthcare & Medical
"NEFT-HEALTH CENTRE (SUB CENTRE), KALLAPPALLY",Healthcare & Medical
Karthic Nursing Home Pvt. Ltd.,Healthcare & Medical
POS DEBIT BATH HOSPITAL,Healthcare & Medical
UPI-YOGAPPANAVAR MEDICAL NURSING HOME,Healthcare & Medical
"Government Hospital, Belke PAYMENT",Healthcare & Medical
NEFT-THE ZUSAANLI ACUPUNCTURE AND AYURVEDA HOSPITAL,Healthcare & Medical
"PHC, Lengpui",Healthcare & Medical
POS DEBIT DOCTOR PAREEK'S DEAFNESS CLINIC AND ENT HOSPITAL,Healthcare & Medical
UPI-DR MOHAN NURSING HOME,Healthcare & Medical
Dr. B.V.Reddy's Dental Hospital PAYMENT,Healthcare & Medical
NEFT-ANITHA NURSING HOME,Healthcare & Medical
Dr. Rakesh Taneja's clinic,Healthcare & Medical
POS DEBIT MANONMANI HOSPITAL,Healthcare & Medical
UPI-HIYA NURSING CARE & CLINIC,Healthcare & Medical
V.M. Health Care PAYMENT,Healthcare & Medical
NEFT-DHALIWAL CHILDREN HOSPITAL,Healthcare & Medical
Dr Waghmares Life Line Hospital and Iccu,Healthcare & Medical
POS DEBIT CHAPHEKAR ICCU DIABETES HOSPITAL,Healthcare & Medical
UPI-DR. PARMAR ORTHO HOSPITAL,Healthcare & Medical
"State Dispensary, Inthem PAYMENT",Healthcare & Medical
NEFT-UNIQUE PHARMACY,Healthcare & Medical
K B Hospital,Healthcare & Medical
POS DEBIT MATHUR HOSPITAL & RESEARCH CENTRE,Healthcare & Medical
UPI-SHIBALI HEALTH CLINIC,Healthcare & Medical
Piplya Homeo Clinic PAYMENT,Healthcare & Medical
NEFT-N. S. PHARMACY,Healthcare & Medical
"Swastik Merrygold Hospital, Gorakhpur",Healthcare & Medical
POS DEBIT GOVT HOMEO DISPENSARY,Healthcare & Medical
UPI-D-DENT CARE LASER AND MULTI-SPECIALITY DENTAL CLINICS,Healthcare & Medical
Siddhivinayak Children Hospitals PAYMENT,Healthcare & Medical
NEFT-S M HOSPITAL,Healthcare & Medical
Child Care and Maternity Centre,Healthcare & Medical
POS DEBIT PRAVEENA NURSING HOME,Healthcare & Medical
UPI-NONGSTOIN CIVIL HOSPITAL,Healthcare & Medical
Puducherry State Government General Hospital Mahe PAYMENT,Healthcare & Medical
NEFT-DENTIUM,Healthcare & Medical
Saket Poly Clinic,Healthcare & Medical
POS DEBIT SHRIRAME HOSPITAL,Healthcare & Medical
UPI-SAJJALASHREE CLINIC,Healthcare & Medical
Sree Andal Hospital PAYMENT,Healthcare & Medical
NEFT-JHALANI EYE HOSPITAL,Healthcare & Medical
"Government Hospital, Kozhiinjampara",Healthcare & Medical
POS DEBIT DR. B K ARYA,Healthcare & Medical
UPI-SANJEEVAN SURGICAL CENTRE,Healthcare & Medical
"The Dental Rehab, Oral & Dental Clinic PAYMENT",Healthcare & Medical
"NEFT-GOVERNMENT HOSPITAL, ALSISAR",Healthcare & Medical
Usha Memorial Clinic,Healthcare & Medical
POS DEBIT MANTRA MEDICOSE,Healthcare & Medical
UPI-SAHARA CHILD HOSPITAL,Healthcare & Medical
Asra Hospital PAYMENT,Healthcare & Medical
"NEFT-CHC, MEDZIPHEMA",Healthcare & Medical
Sant Muktabai Hospital,Healthcare & Medical
POS DEBIT SULODIYA CLINIC,Healthcare & Medical
"UPI-VARDAN HOSPITAL, AMBEDKAR NAGAR",Healthcare & Medical
Dr. Rajiv Gandhi Hospital PAYMENT,Healthcare & Medical
NEFT-DR. S. S. MEERA VASUDEVAN CLINIC,Healthcare & Medical
Chl Jain Diwakar Hospital,Healthcare & Medical
POS DEBIT UNNATI CLINIC,Healthcare & Medical
UPI-AYESHA HOSPITAL,Healthcare & Medical
ROYALE DENTAL CARE PAYMENT,Healthcare & Medical
NEFT-MODERN STORES,Healthcare & Medical
Dhanvantary Hospital,Healthcare & Medical
POS DEBIT SARATHALAYAM AYURVEDIC HOSPITAL,Healthcare & Medical
UPI-SHIVAKRUPA HOSPITAL AND INTENSIVE CARE UNIT,Healthcare & Medical
"Cosmodentz Gupta Dental Hospital, Jind PAYMENT",Healthcare & Medical
NEFT-DR R K SANVALIYA,Healthcare & Medical
St. Ursula Hospital,Healthcare & Medical
POS DEBIT CGHS DISPENSARY NO.7,Healthcare & Medical
"UPI-SURYA CLINIC, ROHTAS",Healthcare & Medical
Hada Orthopaedic and Dental Hospital PAYMENT,Healthcare & Medical
NEFT-SHREE VIJAY VALLABH SARVAJANIK HOSPITAL,Healthcare & Medical
Base Hospital,Healthcare & Medical
POS DEBIT DR. ABI'S DENTAL CLINIC,Healthcare & Medical
UPI-ECHS POLYCLINIC SECUNDERABAD,Healthcare & Medical
Mittal Dental Care Avam Implant Centre PAYMENT,Healthcare & Medical
NEFT-SHRADDHA MATERNITY NURSING HOME PLT,Healthcare & Medical
ARC Fertility Hospital,Healthcare & Medical
POS DEBIT R K HOSPITAL,Healthcare & Medical
UPI-RATHNA CLINIC,Healthcare & Medical
Meditek Center PAYMENT,Healthcare & Medical
NEFT-PRIMARY HEALTH CENTRE KOMURAVELLY,Healthcare & Medical
Sen Clinic,Healthcare & Medical
"POS DEBIT GOVERNMENT HOSPITAL, LATALA",Healthcare & Medical
UPI-K.M. HOSPITAL,Healthcare & Medical
State Veterinary Hospital PAYMENT,Healthcare & Medical
NEFT-DAYA DENTAL CLINIC,Healthcare & Medical
"Government Hospital, Rasipuram",Healthcare & Medical
POS DEBIT DR. MADHAV GANESH LELE CLINIC,Healthcare & Medical
UPI-BYLANARSAPURA PRIMARY HEALTH CENTRE,Healthcare & Medical
Navnoor Hospital PAYMENT,Healthcare & Medical
NEFT-SINGLA CHILDREN HOSPITAL,Healthcare & Medical
Saini Children Hospital,Healthcare & Medical
POS DEBIT SLR PHARMA,Healthcare & Medical
UPI-SHRI GURU RAJENDRA MANAV SEVA MANDIR CHIKITSALAYA,Healthcare & Medical
Lekhi Hospital PAYMENT,Healthcare & Medical
"NEFT-SHANTI BHAVAN MEDICAL CENTER , BIRU",Healthcare & Medical
City Clinic Hubli,Healthcare & Medical
"POS DEBIT VARDAN HOSPITAL, MAHESANA",Healthcare & Medical
UPI-AKAL EYE HOSPITAL AND LASER CENTRE,Healthcare & Medical
Dr.Grover Ortho Care Hospital PAYMENT,Healthcare & Medical
"NEFT-URBAN PRIMARY HEALTH CENTRE, BANDLAGUDA",Healthcare & Medical
Ibnk Hospital,Healthcare & Medical
POS DEBIT MARTHOMA HOSPITAL,Healthcare & Medical
"UPI-VASAN EYE CARE HOSPITAL, VADAPALANI",Healthcare & Medical
"SDH, Padmapur PAYMENT",Healthcare & Medical
NEFT-JANANI CLINIC,Healthcare & Medical
Prashanti Dental Centre,Healthcare & Medical
POS DEBIT SAI SPARSH HOSPITAL,Healthcare & Medical
UPI-JANAK SURGICARE AND ANKUR ADVANCED UROLOGY CENTRE,Healthcare & Medical
Dr. A. Kundu Clinic PAYMENT,Healthcare & Medical
NEFT-PANDIT RAM PRAKASH HOSPITAL KIDNEY CENTRE,Healthcare & Medical
"Primary Health Centre, Naorem",Healthcare & Medical
POS DEBIT ABI HOMOEO CARE,Healthcare & Medical
UPI-AYUSH PRIMARY HEALTH NHM-AYURVEDACENTRE,Healthcare & Medical
Vivan Speciality Hospital PAYMENT,Healthcare & Medical
NEFT-NIMHANS - ASHWINI BLOCK,Healthcare & Medical
Shreyansh Hospital,Healthcare & Medical
POS DEBIT HARSH MATERNITY HOME,Healthcare & Medical
"UPI-SHREE SAI HOSPITAL, MUMBAI",Healthcare & Medical
Dr. Radadia Hospital PAYMENT,Healthcare & Medical
"NEFT-PRIMARY HEALTH CENTRE, TRIPPANGOTTOOR",Healthcare & Medical
Sakar Orthopeadic Hospital,Healthcare & Medical
POS DEBIT JIVAN SURKSHA SUPER SPECIALITY HOSPITAL,Healthcare & Medical
UPI-AL-NOOR CLINIC,Healthcare & Medical
Dr. Vipin's Child Care PAYMENT,Healthcare & Medical
"NEFT-SDH, KAMPTEE",Healthcare & Medical
Guru Nanak Chemist,Healthcare & Medical
POS DEBIT ASHIRVAD CLINIC,Healthcare & Medical
UPI-ADARSHA NETHRALAYAM,Healthcare & Medical
"State Dispensary, Harisinga PAYMENT",Healthcare & Medical
NEFT-SADASHIV CLINIC (DR. DEEPAK KUMBHAR),Healthcare & Medical
S.R. Hospital and E.N.T. Research Foundation,Healthcare & Medical
POS DEBIT DR ASHOK PATIL CLINIC,Healthcare & Medical
"UPI-NARMADA HOSPITAL, JABALPUR",Healthcare & Medical
KMCH Speciality Hospital PAYMENT,Healthcare & Medical
NEFT-MAX CARE POLY CLINIC & CLINICAL LAB,Healthcare & Medical
sanjana children hospital,Healthcare & Medical
POS DEBIT SLN MEDICAL AND GENERAL STORES,Healthcare & Medical
UPI-DR. GAURAV'S HOMEOPATHIC CLINIC,Healthcare & Medical
Pramukh Skin Care PAYMENT,Healthcare & Medical
NEFT-DR. KANARAM CLINIC,Healthcare & Medical
"Government Hospital,Vidavaluru",Healthcare & Medical
POS DEBIT VIJAYA MEMORIAL HOSPITAL,Healthcare & Medical
UPI-ASHWINI SAHAKARI RUGNAYLAY,Healthcare & Medical
"Khan Clinic , JAIPUR PAYMENT",Healthcare & Medical
NEFT-DR. K.K. SURGICAL AND PAEDIATRIC CENTRE PVT LTD,Healthcare & Medical
Goverment homoeo dispensary vandanmedu,Healthcare & Medical
"POS DEBIT SHARMA HOSPITAL, SONIPAT",Healthcare & Medical
UPI-BELLE-VUE GENERAL NURSING HOME,Healthcare & Medical
Jamuna Memorial Hospital PAYMENT,Healthcare & Medical
NEFT-AAKAAR PRANIC HEALING CENTRE,Healthcare & Medical
"Somani Hospital, Udaipur",Healthcare & Medical
POS DEBIT KADE HOSPITAL,Healthcare & Medical
UPI-GOVERNMET HOSPITAL SUDRASAN,Healthcare & Medical
Ctomatodont Dental Care PAYMENT,Healthcare & Medical
NEFT-SARAVANA CLINIC,Healthcare & Medical
"Government Hospital, Nakrajuria",Healthcare & Medical
POS DEBIT KIAAN CHILDREN HOSPITAL & DENTAL CARE,Healthcare & Medical
"UPI-SANDHU HOSPITAL, BHIKHIWIND",Healthcare & Medical
Saraswati E.N.T Hospital PAYMENT,Healthcare & Medical
NEFT-HOPE MULTISPECIALITY HOSPITAL AND RESEARCH CENTRE,Healthcare & Medical
Swapna Dentist Center,Healthcare & Medical
POS DEBIT SMITHA DENTAL CLINIC,Healthcare & Medical
UPI-SAPRA HOSPITAL,Healthcare & Medical
Baba Ayurvedic Dawakhana PAYMENT,Healthcare & Medical
NEFT-KHERDE HOSPITAL,Healthcare & Medical
Heil Homeopathic Clinic,Healthcare & Medical
POS DEBIT GLOBAL HEALTH CARE CENTRE,Healthcare & Medical
UPI-JS MEMORIAL HOSPITAL & RESEARCH CENTER,Healthcare & Medical
Manish Pharmacy PAYMENT,Healthcare & Medical
"NEFT-SK MEDICAL CENTRE, UDUMALPET",Healthcare & Medical
"Sub Division Hospital, Banmankhi",Healthcare & Medical
POS DEBIT CIVIL HOSPITAL SHILLONG,Healthcare & Medical
UPI-JAIN HEALTH CENTRE,Healthcare & Medical
Meenakshi's Dental Clinic PAYMENT,Healthcare & Medical
NEFT-DAVID HOSPITAL,Healthcare & Medical
"Ramakrishna Mission Hospital, Lower Subansiri",Healthcare & Medical
"POS DEBIT DR. ALANKAR A RAMTEKE, ARTHRITIS & JOINT REPLACEMENT CLINIC",Healthcare & Medical
UPI-SAI TEJA CLINIC,Healthcare & Medical
Dr. Sharadda Sirsat PAYMENT,Healthcare & Medical
NEFT-SHRADDHA WOMEN HOSPITAL,Healthcare & Medical
Dr. Nitin Joshi,Healthcare & Medical
"POS DEBIT MADHAV CLINIC, ARAMBHADA",Healthcare & Medical
UPI-AGRAWAL DENTAL & ORAL CARE,Healthcare & Medical
Pradeep's ENT PAYMENT,Healthcare & Medical
NEFT-TEJ BAHADUR SAPRU HOSPITAL,Healthcare & Medical
Rajyog Meditation Kendra,Healthcare & Medical
POS DEBIT CENTRAL INDIA CANCER RESEARCH INSTITUTE,Healthcare & Medical
UPI-CHINMAYA HRUDAYALAYA,Healthcare & Medical
Chirayu Superspeciality Hospital PAYMENT,Healthcare & Medical
NEFT-HEALTH HOME CHEMIST,Healthcare & Medical
Baba Masum Clinic,Healthcare & Medical
POS DEBIT MEDICARE NURSING HOME,Healthcare & Medical
UPI-ASHAKIRAN HOSPITAL,Healthcare & Medical
Anuja Nursing Home PAYMENT,Healthcare & Medical
NEFT-DR. CHARANJI LAL HOMEOPATHIC CHARITABLE HOSPITAL,Healthcare & Medical
G.I. Surgery & Endo Laparoscopy Centre,Healthcare & Medical
POS DEBIT ATRE'S DENTAL CLINIC,Healthcare & Medical
UPI-SAMBASIVA HEALTH PHARMACY,Healthcare & Medical
Dr. Root's Dental Clinic PAYMENT,Healthcare & Medical
NEFT-RUKMINI HOSPITAL,Healthcare & Medical
Jai Kishan Hospital,Healthcare & Medical
POS DEBIT K.S.R. NURSING HOME,Healthcare & Medical
UPI-HAZARE SKIN AND DENTAL CLINIC,Healthcare & Medical
Swaminarayan Hospital PAYMENT,Healthcare & Medical
NEFT-HEALTH SUB-CENTER C.K PARA,Healthcare & Medical
Dr. Baba Saheb Ambedkar Hospital;dr baba saheb ambedkar hospital,Healthcare & Medical
POS DEBIT SESHA DENTAL CLINIC,Healthcare & Medical
UPI-MANYATA HOSPITAL,Healthcare & Medical
"Urban Primary Health Centre, Domalguda PAYMENT",Healthcare & Medical
NEFT-CHANDAK MULTISPECIALTY DENTAL CLINIC,Healthcare & Medical
Vyws Dental College and Hospital,Healthcare & Medical
POS DEBIT PITRUBAL HOSPITAL,Healthcare & Medical
"UPI-GOVERNMENT HOSPITAL, POTHIA",Healthcare & Medical
Genesis Speciality Center (Health-Check Up PAYMENT,Healthcare & Medical
NEFT-SUTLEJ HOSPITAL,Healthcare & Medical
Prabhat Eye Care,Healthcare & Medical
POS DEBIT ANKIT EYE CARE,Healthcare & Medical
UPI-HEART CARE HOSPITAL - DR. BALAJI,Healthcare & Medical
Parmar Ortho. Hospital PAYMENT,Healthcare & Medical
NEFT-YOGESHWARI HOSPITAL AND I C U,Healthcare & Medical
Sunku Dental Labs,Healthcare & Medical
POS DEBIT CITY MULTISPECILITY I. C. U. HOSPITAL,Healthcare & Medical
UPI-DR R P SINGH HOSPITAL,Healthcare & Medical
Speech & Hearing Specialist PAYMENT,Healthcare & Medical
NEFT-GOVERNMENT AYURVEDA DISPENSARY DESAMANGALAM,Healthcare & Medical
Raswan Surgical Hospital,Healthcare & Medical
"POS DEBIT GOVERNMENT UNANI DISPENSARY, GAMBHIRAOPET (REGULAR)",Healthcare & Medical
UPI-RAM PRAKASH GUPTA MOTHER AND CHILD STATE REFERRAL HOSPITAL,Healthcare & Medical
Madhavam Clinic PAYMENT,Healthcare & Medical
"NEFT-GOVERNMENT HOSPITAL, PIMPRI BK",Healthcare & Medical
Gem Medicals,Healthcare & Medical
POS DEBIT KHERIA CLINIC,Healthcare & Medical
UPI-RANDEEP MULTI SPECIALITY HOSPITAL,Healthcare & Medical
Dr R K Gupta Hospital PAYMENT,Healthcare & Medical
NEFT-ESAF HOSPITAL,Healthcare & Medical
Zion Dental Clinic,Healthcare & Medical
"POS DEBIT RURAL HOSPITAL, KASHELE",Healthcare & Medical
UPI-RAHIM FIRST AID CENTER,Healthcare & Medical
"SDH, Kalambani PAYMENT",Healthcare & Medical
NEFT-SINGLA GENERAL & DENTAL HOSPITAL,Healthcare & Medical
"Urban Primary Health Centre, Girinagar",Healthcare & Medical
POS DEBIT SUKHAKARTA RUGNALAYA,Healthcare & Medical
UPI-M/S GENU PHARMACY,Healthcare & Medical
Dr. Dilip Nanda PAYMENT,Healthcare & Medical
NEFT-EYE HOSPITALS,Healthcare & Medical
"District TB Centre,Thrissur",Healthcare & Medical
POS DEBIT GOVERNMENT HOSPITAL JAKHAL,Healthcare & Medical
UPI-SHREE GYANI RAM MEMORIAL HOSPITAL,Healthcare & Medical
Sadhana Dental Clinic PAYMENT,Healthcare & Medical
NEFT-DR. KOTHALKAR HOSPITAL,Healthcare & Medical
"Vijay Nursing Home,Fatehpur",Healthcare & Medical
POS DEBIT AGARWAL HOSPITAL AND RESEARCH CENTRE,Healthcare & Medical
UPI-BLOOM HOSPITALS - UNIT OF JANAPAREDDY HOSPITALS.,Healthcare & Medical
City Heart Hospital PAYMENT,Healthcare & Medical
NEFT-MAA SHARDA HOSPITAL,Healthcare & Medical
Sanjeevini Nrsing Home,Healthcare & Medical
POS DEBIT RIAR NURSING HOME,Healthcare & Medical
UPI-TIRIPUTI CLINIC,Healthcare & Medical
Al Hayat Maternity Laparoscopy Hospital PAYMENT,Healthcare & Medical
NEFT-PEERLESS HOSPITAL AND B.K.ROY RESEARCH CENTER,Healthcare & Medical
New Aarthy Hospital,Healthcare & Medical
"POS DEBIT GOVERNMENT HOSPITAL, LAKHANPUR",Healthcare & Medical
"UPI-SHANMUGA NURSING HOME, BENGALURU URBAN",Healthcare & Medical
Grover Medical Hall PAYMENT,Healthcare & Medical
NEFT-OPERA HOSPITAL & RC,Healthcare & Medical
Sri Lakshmi Dental Hospital,Healthcare & Medical
"POS DEBIT URBAN PRIMARY HEALTH CENTRE, GUDIPADU",Healthcare & Medical
UPI-KODEKAL HEALTH SUB CENTRE,Healthcare & Medical
Sree Physiotherapy And Rehabilitation Hospital PAYMENT,Healthcare & Medical
"NEFT-GOVERNMENT HOSPITAL, KHIROD",Healthcare & Medical
"Mini PHC, Boruagaon",Healthcare & Medical
POS DEBIT BASHA CLINIC,Healthcare & Medical
UPI-BHATIA GLOBAL HOSPITAL,Healthcare & Medical
Antara Psychiatric Centre PAYMENT,Healthcare & Medical
"NEFT-CHILD SPECIALIST, INDRAPRASTHA APOLLO HOSPITAL",Healthcare & Medical
Annai Clinic and Eye Hospital,Healthcare & Medical
POS DEBIT RUSHABH CHILD CARE HOSPITAL,Healthcare & Medical
UPI-DR. THUMMAR CLINIC,Healthcare & Medical
Angel Maternity and Nursing Home PAYMENT,Healthcare & Medical
NEFT-BHASKAR SRI SAI CLINIC,Healthcare & Medical
"Sugam Hospital,Rasipuram",Healthcare & Medical
POS DEBIT ASI HOSPITAL,Healthcare & Medical
"UPI-GOVERNMENT PEDIATRIC HOSPITAL, SOPORE",Healthcare & Medical
Dr. Rajiv Singla Hospital PAYMENT,Healthcare & Medical
NEFT-KUMARAN KIDNEY CARE,Healthcare & Medical
Kalinga Eye Hospital and Research Centre,Healthcare & Medical
POS DEBIT JULPIA RURAL HOSPITAL,Healthcare & Medical
UPI-SPANDAN MATERNITY AND NURSING HOME,Healthcare & Medical
Shri Ratan Chemist PAYMENT,Healthcare & Medical
"NEFT-RAHUL NURSING HOME, VAISHALI",Healthcare & Medical
"Parth Eye Hospital, Ahmedabad",Healthcare & Medical
POS DEBIT SUDHARMA HOMEO CLINIC,Healthcare & Medical
UPI-PIUS HOSPITAL,Healthcare & Medical
"Anand Hospital, Gulbarga PAYMENT",Healthcare & Medical
NEFT-VETINARY HOSPITAL VALLAM,Healthcare & Medical
"Andhra Hospitals ,Machilipatnam",Healthcare & Medical
POS DEBIT V P AYURVEDIC,Healthcare & Medical
UPI-SHAS EYE CARE,Healthcare & Medical
Gursal Hospital PAYMENT,Healthcare & Medical
NEFT-DR. VIMAL HOSPITAL AND RESEARCH CENTER,Healthcare & Medical
Prasuti ani Stree Rog Clinic,Healthcare & Medical
POS DEBIT AASH ARTHOSCOPY CENTRE,Healthcare & Medical
UPI-SDH GOKUNDA,Healthcare & Medical
Civil Hospital Anandpur Sahib PAYMENT,Healthcare & Medical
NEFT-SHALOM DENTAL CLINIC,Healthcare & Medical
Colony Nursing Home,Healthcare & Medical
POS DEBIT BORADE HOSPITAL,Healthcare & Medical
UPI-GUPTA ULTRASOUND & HEART CARE CENTRE,Healthcare & Medical
IRIS Hospital PAYMENT,Healthcare & Medical
NEFT-KADECHURA HEALTH SUB CENTRE,Healthcare & Medical
Namah Orthodontic & Dental Clinic,Healthcare & Medical
POS DEBIT HOSPITAL MEHANDWANI,Healthcare & Medical
UPI-AKSHAYA HOSPITAL,Healthcare & Medical
Maternity and Surgical Center PAYMENT,Healthcare & Medical
NEFT-PULSE MEDICARE,Healthcare & Medical
Thai dental clinic,Healthcare & Medical
POS DEBIT PHYSIOTHERAPHY CENTRE,Healthcare & Medical
UPI-MANAMA HOSPITAL,Healthcare & Medical
Tumkur Health Care PAYMENT,Healthcare & Medical
NEFT-AYUR MED LIFE HOSPITAL,Healthcare & Medical
Brains Hospital,Healthcare & Medical
POS DEBIT GOJAMGUNDE HOSPITAL,Healthcare & Medical
UPI-GHUMAN CLINIC,Healthcare & Medical
"Primary Health Centre, Urngattiri PAYMENT",Healthcare & Medical
NEFT-RISK CARE HOSPITAL AND ICCU,Healthcare & Medical
Lalitha Nurshing Home,Healthcare & Medical
POS DEBIT DR. SAGAR'S HOMEOPATHY CLINIC,Healthcare & Medical
UPI-SADGURU KABIR CLINIC,Healthcare & Medical
Dr.Madan Sarmah's Dental Clinic PAYMENT,Healthcare & Medical
NEFT-MATHEWS HOMEO CLINIC,Healthcare & Medical
Eluru Hospital,Healthcare & Medical
POS DEBIT NAWAZ EYE CARE,Healthcare & Medical
"UPI-GOVERNMENT HOSPITAL, KOTHUN",Healthcare & Medical
Baravkar Hospital PAYMENT,Healthcare & Medical
NEFT-HOLKAR MULTISPECIALITY HOSPITAL & DENTAL CARE,Healthcare & Medical
Basanagouda Patil Memorial Hospital,Healthcare & Medical
"POS DEBIT SONI HOSPITAL, DAHOD",Healthcare & Medical
UPI-SUB-DISTRICT HOSPITAL ARVI,Healthcare & Medical
Felican PAYMENT,Healthcare & Medical
NEFT-RAJPIPLA PUBLIC HOSPITAL,Healthcare & Medical
Bhagwan Singh Juneja ENT Hospital,Healthcare & Medical
POS DEBIT USHA MEDICALS,Healthcare & Medical
UPI-ARCHISH FERTILITY & IVF,Healthcare & Medical
Vivekanada Masonic Hospital PAYMENT,Healthcare & Medical
NEFT-BIMBH CLINIC.,Healthcare & Medical
Archana Dental Clinic,Healthcare & Medical
POS DEBIT VIJAYA LAKSHMI DENTAL CLINIC,Healthcare & Medical
"UPI-HOLY FAMILY HOSPITAL, JAIPUR",Healthcare & Medical
Mallika Hospital PAYMENT,Healthcare & Medical
NEFT-SRI DURGA MANDHULA SHOP,Healthcare & Medical
"Government Hospital, Barlan",Healthcare & Medical
POS DEBIT MEGHANI HOSPITAL & ICU,Healthcare & Medical
UPI-DHANVANTARI DENTAL CLINIC,Healthcare & Medical
Borapansury Hospital PAYMENT,Healthcare & Medical
NEFT-CHAUHAN CHILDREN'S HOSPITAL,Healthcare & Medical
Shakuntala Hospital Ltd,Healthcare & Medical
POS DEBIT SARVGYA NURSING HOME,Healthcare & Medical
"UPI-GOVERNMENT AYURVEDA HOSPITAL,KAITHEPPALAM",Healthcare & Medical
"Mamta Hospital, Nagpur PAYMENT",Healthcare & Medical
NEFT-BALA TRIPURA NURSING HOME,Healthcare & Medical
Shifa Surgical Hospital,Healthcare & Medical
POS DEBIT DEVINE HEALTH CARE,Healthcare & Medical
UPI-HEALTHCARE PHARMACY,Healthcare & Medical
Govt. Hospital Hebri PAYMENT,Healthcare & Medical
"NEFT-GOVERNMENT HOSPITAL, MANAKPUR",Healthcare & Medical
kali mandir medical,Healthcare & Medical
POS DEBIT GOVERNMENT DOG CARE UNIT,Healthcare & Medical
UPI-ANURADHA ENT HOSPITAL,Healthcare & Medical
Smile care PAYMENT,Healthcare & Medical
NEFT-GOVT. VETERINARY HOSPITAL,Healthcare & Medical
Vaishnavi Medical store,Healthcare & Medical
POS DEBIT NELLIKUNNU VETERINARY HOSPITAL,Healthcare & Medical
UPI-VISION MULTISPECIALITY HOSPITAL,Healthcare & Medical
Albarq Multi Speciality Hospital PAYMENT,Healthcare & Medical
"NEFT-GOVERNMENT AYURVEDIC DISPENSARY, ROYYUR (NRHM)",Healthcare & Medical
bappu medicals,Healthcare & Medical
POS DEBIT VIKASA HOSPITAL,Healthcare & Medical
UPI-POYYANIL,Healthcare & Medical
"Civil Dispensary, CITCO PAYMENT",Healthcare & Medical
NEFT-SURAKSHA KIDS CLINIC,Healthcare & Medical
shanthiniketan fertility clinic,Healthcare & Medical
POS DEBIT BHAVESHWAR HOSPITAL,Healthcare & Medical
UPI-SUDAMA HOSPITAL,Healthcare & Medical
Maruthi Medicals PAYMENT,Healthcare & Medical
NEFT-PANKIT NURSING HOME,Healthcare & Medical
Ramanathapuram Government Hospital,Healthcare & Medical
"POS DEBIT SANKALP EYE HOSPITAL, AHMEDABAD",Healthcare & Medical
UPI-DDAAEN ASHOK KE DESAAII,Healthcare & Medical
Laxmi sai medical & general stores PAYMENT,Healthcare & Medical
NEFT-KAILASH HOSPITAL,Healthcare & Medical
Sakra World,Healthcare & Medical
POS DEBIT SUGUNAN VYDHYAR,Healthcare & Medical
UPI-V.V.L. NURSING HOME,Healthcare & Medical
Bethel IVF Fertility and Women's Hospital PAYMENT,Healthcare & Medical
NEFT-DR. VASANI DHANSUKH CLINIC,Healthcare & Medical
Dr Ajay Pande Child Care Clinic,Healthcare & Medical
POS DEBIT AYURVEDHA HOSPITAL,Healthcare & Medical
UPI-MAYA DENTAL CLINIC,Healthcare & Medical
Nimbalkar Hospital PAYMENT,Healthcare & Medical
NEFT-CHANDANA HOSPITAL,Healthcare & Medical
"Primary Health Centre, Rachaloor",Healthcare & Medical
POS DEBIT JAGJIVAN RAM HOSPITAL,Healthcare & Medical
"UPI-GOVERNMENT HOSPITAL, ALANGANALLUR",Healthcare & Medical
Pristine Hearing Clinic PAYMENT,Healthcare & Medical
NEFT-AYURVEDHA DISPENCERY,Healthcare & Medical
Dr. Kardile Accident and General Hospital,Healthcare & Medical
POS DEBIT AYUSH HOLISTIC CENTRE HOSPITAL,Healthcare & Medical
UPI-VGMS HOSPITAL,Healthcare & Medical
Dr. K H Jituri Hospital PAYMENT,Healthcare & Medical
NEFT-BAHEKAR NURSING HOME,Healthcare & Medical
"SNV Homeo Clinic, Ezhakkaranadu",Healthcare & Medical
POS DEBIT ORTHOSPINE CLINIC,Healthcare & Medical
UPI-SAURASHTRA CLINIC,Healthcare & Medical
Mangesh Dental Clinic PAYMENT,Healthcare & Medical
NEFT-MANON CLINIC,Healthcare & Medical
Ideal Dental Care,Healthcare & Medical
POS DEBIT ALLURE DENTAL AND FACIAL AESTHETICS CLINIC,Healthcare & Medical
UPI-ZOPE'S SKIN AND HEALTH CLINIC,Healthcare & Medical
Gokul Surgical Hospital PAYMENT,Healthcare & Medical
NEFT-SAI PRASHANTHI HOSPITALS,Healthcare & Medical
Animal Husbandry - Govt of Puducherry,Healthcare & Medical
"POS DEBIT VIVEKANANDA HOSPITAL, HARTHALA",Healthcare & Medical
"UPI-GENERAL HOSPITAL, JANABAI ROKADE",Healthcare & Medical
yashoda PAYMENT,Healthcare & Medical
NEFT-GOVT. VETERINARY PADNE,Healthcare & Medical
Veterinary hospital Nellimalam,Healthcare & Medical
POS DEBIT MAJOR GOPTA BONE AND JOINT HOSPITAL,Healthcare & Medical
UPI-OM SHANTI HOSPITAL,Healthcare & Medical
Governament Unani Dispensary Siricilla PAYMENT,Healthcare & Medical
NEFT-MOTHER CARE & MATERNITY HOSPITAL,Healthcare & Medical
Vani Hospital & IVF center,Healthcare & Medical
POS DEBIT AL AZIZ POLYCLINIC,Healthcare & Medical
UPI-SHIVAJI PHARMACY,Healthcare & Medical
Family Health Center Mundoor PAYMENT,Healthcare & Medical
NEFT-OMEGA CLINIC BALASORE,Healthcare & Medical
Dentecare - Multispeciality Dental Clinic,Healthcare & Medical
POS DEBIT NAME CARE HOSPITAL,Healthcare & Medical
UPI-V.A.M.HOSPITAL,Healthcare & Medical
ASHIRBAD PHARMACY PAYMENT,Healthcare & Medical
NEFT-ASTER PHARMACY CHITTETHUKARA,Healthcare & Medical
Dr. Sunil Dentist,Healthcare & Medical
"POS DEBIT GOVERNMENT AYURVEDA DISPENSARY, THIRUMALAGIRI, (NRHM)",Healthcare & Medical
UPI-KIDNEY CARE HOSPITAL,Healthcare & Medical
M.F. Hospital & Research Centre PAYMENT,Healthcare & Medical
NEFT-YASH HOSPITAL CRITICAL CARE CENTER,Healthcare & Medical
Medisurge Multispeciality Hospital,Healthcare & Medical
POS DEBIT ARATI MEDICAL,Healthcare & Medical
UPI-KUDUMBA KSHEMA KENDRAM,Healthcare & Medical
"Veterinry Hospital, Kolichal PAYMENT",Healthcare & Medical
NEFT-JOSHI HOSPITAL PVT LTD,Healthcare & Medical
Sri Venkateshwara Medicals & general store,Healthcare & Medical
POS DEBIT LIFE CARE MEDICAL,Healthcare & Medical
"UPI-VETERINARY HOSPITAL, MEPPAYUR",Healthcare & Medical
Gyatri Clinic PAYMENT,Healthcare & Medical
NEFT-J.P. MEMORIAL HOSPITAL,Healthcare & Medical
Jayapura Primary Health Centre,Healthcare & Medical
"POS DEBIT SHUBHAM NURSING HOME, MORADABAD",Healthcare & Medical
UPI-DHAWAN SURGICAL CENTRE,Healthcare & Medical
Alamin Mc and Hospital PAYMENT,Healthcare & Medical
NEFT-PRIMARY HEALTH CENTRE PUNNAPRA NORTH,Healthcare & Medical
Suriya Clinic,Healthcare & Medical
POS DEBIT SPARSH HOMEOPATHIC SUPERSPECIALITY CENTRE,Healthcare & Medical
UPI-SRI LAKSHMI SAI RAM CLINIC,Healthcare & Medical
Dr. Mall PAYMENT,Healthcare & Medical
NEFT-OM MOTHER AND CHILD HOSPITAL,Healthcare & Medical
Jamila Hospital,Healthcare & Medical
POS DEBIT SANDHU CLINIC,Healthcare & Medical
UPI-CHARU MEDICOSE,Healthcare & Medical
"Government Hospital, Dharampur PAYMENT",Healthcare & Medical
NEFT-AGGARWAL HOSPITAL,Healthcare & Medical
Life line clinic,Healthcare & Medical
POS DEBIT VINAYAK HOSPITAL WARJE PUNE,Healthcare & Medical
UPI-CIVIL DISPENSARY SECTOR-42,Healthcare & Medical
Jesus medicals PAYMENT,Healthcare & Medical
NEFT-SANJIVANI MEDICAL FOUNDATION,Healthcare & Medical
Dr. Mehta's Hospitals - Global Campus,Healthcare & Medical
POS DEBIT DR. VIJAYKUMAR ORTHO CLINIC,Healthcare & Medical
UPI-TAPARIA NURSING HOME,Healthcare & Medical
"Panicker's Hospital Kodungallur, ward 4 PAYMENT",Healthcare & Medical
"NEFT-SUB CENTRE, NASARLAPALLY",Healthcare & Medical
Yana Medicos,Healthcare & Medical
POS DEBIT ADITHYA CLINIC,Healthcare & Medical
UPI-NAGATHAN MATERNITY AND SURGICAL HOSPITAL,Healthcare & Medical
Dafodil Hospitals PAYMENT,Healthcare & Medical
NEFT-RAHAT ACU CLINIC,Healthcare & Medical
Vijaya Ganapathi Eye Care & Opticals,Healthcare & Medical
POS DEBIT AYURVEDA CLINIC AND PHARMACY PERALAM,Healthcare & Medical
UPI-ARUSHI ENT SURGICAL HOSPITAL,Healthcare & Medical
toshii poNliiklinik PAYMENT,Healthcare & Medical
NEFT-OSMANIA GENERAL HOSPITAL,Healthcare & Medical
Dr. Omprakash Deshmukh Hospital,Healthcare & Medical
POS DEBIT C.S. HOMEO PHARMACY,Healthcare & Medical
UPI-G.M. HOSPITAL,Healthcare & Medical
Jyoti Vikas Nursing Home PAYMENT,Healthcare & Medical
NEFT-BANSAL ENT & DENTAL,Healthcare & Medical
Ahalya Nursing Home,Healthcare & Medical
POS DEBIT ATTARI CLINIC,Healthcare & Medical
UPI-GOVERNMENT HOSPITAL CHENGAMANAD,Healthcare & Medical
Vardan Dental Hospital PAYMENT,Healthcare & Medical
"NEFT-SUB CENTRE, GUNTAKODUR",Healthcare & Medical
Kusuma Nursing Home,Healthcare & Medical
POS DEBIT SANJEEVANI AAROGYASHALA HOSPITAL,Healthcare & Medical
UPI-CRESCENT SPEECH AMD HEARING CENTRE,Healthcare & Medical
Dr Ashok Sharma's Clinic PAYMENT,Healthcare & Medical
NEFT-PUNARJANI AYURVEDIC MULTISPECIALITY HOSPITAL,Healthcare & Medical
Sai Arogyam,Healthcare & Medical
POS DEBIT DR.ABUZ HOSPITAL AND DIABETIC SPECIALITY CARE CENTRE,Healthcare & Medical
UPI-DONGAONKAR SUPERSPECIALITY EYE HOSPITAL,Healthcare & Medical
kannamali auyervedha hsopital PAYMENT,Healthcare & Medical
NEFT-KAMALDEEP MEDICALS,Healthcare & Medical
"Kunal Medical Hospital, Ahmedabad",Healthcare & Medical
POS DEBIT LIFECARE SIDDHA CLINIC CENTRE,Healthcare & Medical
UPI-R R EYE FOUNDATION,Healthcare & Medical
Dr.Farook's Children & Women Hospital PAYMENT,Healthcare & Medical
NEFT-MED SERV,Healthcare & Medical
Dravidian Speciality Hospital,Healthcare & Medical
POS DEBIT MODEL SPECIALITY DENTAL CLINIC,Healthcare & Medical
UPI-SHRADHA HOSPITAL,Healthcare & Medical
"Latha Nursing Home, Davangere PAYMENT",Healthcare & Medical
NEFT-VICTORIA MEMORIAL HOSPITAL,Healthcare & Medical
Ankur children's hospital,Healthcare & Medical
POS DEBIT JAIPUR EYE AND DENTAL HOSPITAL,Healthcare & Medical
UPI-CHINNUSAMY HOSPITAL,Healthcare & Medical
Shri Ram Ganga Hospital PAYMENT,Healthcare & Medical
NEFT-SANJAY GANDHI MEMORIAL HOSPITAL,Healthcare & Medical
Janu Eye Hospital,Healthcare & Medical
POS DEBIT AKSHYA CLINIC,Healthcare & Medical
UPI-GREEN PLUS PHARMACY,Healthcare & Medical
Shree New Kohinoor Chemist PAYMENT,Healthcare & Medical
NEFT-K.B. HOSPITAL AND RESEARCH INSTITUTE - PATNA,Healthcare & Medical
"Sub-District Hospital, Malkapur",Healthcare & Medical
POS DEBIT PRIMARY HEALTH CENTRE GUMMADIDALA,Healthcare & Medical
UPI-LOCHAN NURSING HOME,Healthcare & Medical
Sai Ramya Nursing Home PAYMENT,Healthcare & Medical
NEFT-THERGAAV RUGNNAALY,Healthcare & Medical
Archana Clinic,Healthcare & Medical
POS DEBIT PRIMARY HEALTH CARE CENTER MOORKANAD PADINJATUMPURAM,Healthcare & Medical
UPI-VENKATESAN PSYCHOTIC HOSPITAL,Healthcare & Medical
Aruna Jain Memorial Heart and Medicare Centre PAYMENT,Healthcare & Medical
NEFT-NAVKAR,Healthcare & Medical
Srijoni Healing Home,Healthcare & Medical
POS DEBIT THONCY HOSPITAL,Healthcare & Medical
UPI-CSI MISSION HOSPITAL,Healthcare & Medical
"Sri Meru Nursing Home, Coimbatore PAYMENT",Healthcare & Medical
NEFT-SRI SAHAJA NURSING HOME,Healthcare & Medical
Prabhu Poly Clinic,Healthcare & Medical
"POS DEBIT RAJ NURSING HOME, MUMBAI",Healthcare & Medical
UPI-SHOOLAGIRI GOVERNMENT HOSPITAL,Healthcare & Medical
Amader Haspatal PAYMENT,Healthcare & Medical
NEFT-PRADHAN MANTRI BHARATIYA JANAUSHADHI KENDRA,Healthcare & Medical
smriti narvekar,Healthcare & Medical
"POS DEBIT MAHAJAN HOSPITAL, AMRITSAR",Healthcare & Medical
UPI-D K PHARMA & SURGICAL,Healthcare & Medical
"Emergency Medical Care Hospital (Emc Group Of Hospital,Unit-I) PAYMENT",Healthcare & Medical
NEFT-MAHE GOVERNMENT GENERAL HOSPITAL,Healthcare & Medical
Adarsh Nursing Home,Healthcare & Medical
POS DEBIT SGRR MEDICAL COLLEGE HOSPITAL,Healthcare & Medical
UPI-CHOUDHARY HSOPITAL,Healthcare & Medical
Bhatia Clinic PAYMENT,Healthcare & Medical
"NEFT-BHADARKA HOSPITAL, JUNAGADH",Healthcare & Medical
Globus Diagnostic Centre,Healthcare & Medical
POS DEBIT ADITYA NURSING HOSPITAL,Healthcare & Medical
"UPI-PRIMARY HEALTH CENTRE, MUNROE ISLAND",Healthcare & Medical
Calcutta Homeopathic Clinic PAYMENT,Healthcare & Medical
NEFT-JOGAL BALKONI HOSPITAL,Healthcare & Medical
Aarti Dental Clinic,Healthcare & Medical
POS DEBIT HEALTH CARE NURSING HOME,Healthcare & Medical
UPI-COMMUNITY HEALTH CENTER PORUNNANORE,Healthcare & Medical
"Government Poly Clinic (Unani), Saroornagar PAYMENT",Healthcare & Medical
"NEFT-URBAN PRIMARY HEALTH CENTRE, KOORIYAD",Healthcare & Medical
Madhekar Hospital,Healthcare & Medical
"POS DEBIT PRIMARY HEALTH CENTRE, KALLARA",Healthcare & Medical
UPI-VETERINARY HOSPITAL AYAPARAMPU,Healthcare & Medical
District Hospital Bemetara PAYMENT,Healthcare & Medical
NEFT-DENTAL COSMOS,Healthcare & Medical
S. Kumar Homeopathic,Healthcare & Medical
"POS DEBIT PRIMARY HEALTH CENTRE, KARINDALAM",Healthcare & Medical
UPI-RADU CLINIC,Healthcare & Medical
Dr. Sethi's Clinic PAYMENT,Healthcare & Medical
NEFT-SHUB PHARMACY,Healthcare & Medical
"Government Hospital,Narayanavanam",Healthcare & Medical
POS DEBIT AJAY SINGH DEONIA,Healthcare & Medical
UPI-RIDA NURSING HOME,Healthcare & Medical
Amrit PAYMENT,Healthcare & Medical
"NEFT-PARAS SURGICAL HOSPITAL, AHMEDABAD",Healthcare & Medical
Yamuna Surgicals,Healthcare & Medical
"POS DEBIT AREA HOSPITAL,ARAKU VALLEY",Healthcare & Medical
UPI-LAKSHMI VENKATESWARA CLINIC,Healthcare & Medical
Guru Kirpa Charitable Homeo Clinic PAYMENT,Healthcare & Medical
NEFT-DR. LELE'S SHREE CLINIC,Healthcare & Medical
Omkar Medical,Healthcare & Medical
POS DEBIT FAMILY CARE NURSING HOME,Healthcare & Medical
UPI-SAI SUSRUT HOSPITAL,Healthcare & Medical
S.S Multi Speciality Hospital PAYMENT,Healthcare & Medical
NEFT-HATWAR EYE HOSPITAL,Healthcare & Medical
Guwahati Netralaya eye hospital,Healthcare & Medical
"POS DEBIT GOVERNMENT HOSPITAL, VIRUDHACHALAM",Healthcare & Medical
UPI-SWAPU CARE,Healthcare & Medical
"Sanjivani Hospital, Gandhinagar PAYMENT",Healthcare & Medical
NEFT-NAJATH HOSPITAL,Healthcare & Medical
Krishna hospital,Healthcare & Medical
POS DEBIT GOVERNMENT HOSPITAL GOPALPUR,Healthcare & Medical
UPI-ENT HOSPITAL AND RESEARCH CENTRE,Healthcare & Medical
Mamatha Medicals Neralakuppe PAYMENT,Healthcare & Medical
NEFT-THAMARAI NURSING HOME,Healthcare & Medical
Nandhini Dental Clinic,Healthcare & Medical
POS DEBIT VIJAY ORTHO AND EYE CLINIC,Healthcare & Medical
"UPI-RURAL HOSPITAL, NATEPUTE",Healthcare & Medical
R.A Stone and Surgical Care PAYMENT,Healthcare & Medical
NEFT-SYNERGY HEART INSTITUTE,Healthcare & Medical
Ganesh Children's Hospital,Healthcare & Medical
POS DEBIT SRI ALAGU HOSPITAL,Healthcare & Medical
UPI-MAIDICAL SHO[P,Healthcare & Medical
CGHS Dispensary PAYMENT,Healthcare & Medical
NEFT-DR. PATWARDHAN EYE CLINIC,Healthcare & Medical
Nova Clinic,Healthcare & Medical
POS DEBIT NANDRANI CLINIC,Healthcare & Medical
UPI-WELL CARE DENTAL HOSPITAL,Healthcare & Medical
Sushruta Nursing Home PAYMENT,Healthcare & Medical
"NEFT-PVS SUNRISE HOSPITAL, PALAYAM",Healthcare & Medical
Goyal Medicos,Healthcare & Medical
POS DEBIT PRAMUKH NEUROSURGICAL HOSPTIAL,Healthcare & Medical
UPI-JAY MEDICALS,Healthcare & Medical
Nidan Children Clinic & Hospital PAYMENT,Healthcare & Medical
NEFT-CHETAN MEDICAL STORE,Healthcare & Medical
Madhuram Hospital,Healthcare & Medical
POS DEBIT SHRI JI MEDICOS,Healthcare & Medical
UPI-HARI MEDICAL STORES,Healthcare & Medical
Rajgovind Chaild Clinic PAYMENT,Healthcare & Medical
NEFT-ANUSAYA NURSING HOME,Healthcare & Medical
Government Hospital Bilasanur,Healthcare & Medical
POS DEBIT NIVEDITHA DENTAL CLINIC,Healthcare & Medical
UPI-THANGAM PRIVATE NURSING HOME,Healthcare & Medical
Alokon Eye Care Pvt. Ltd. PAYMENT,Healthcare & Medical
NEFT-PADMAJA HOSPITAL - GAJUWAKA,Healthcare & Medical
The Family Care Clinic,Healthcare & Medical
POS DEBIT DR. S N SHARMA,Healthcare & Medical
UPI-GOVERNMENT HOSPITAL TIKIRI,Healthcare & Medical
Aravind Eye Hospital (City Centre) PAYMENT,Healthcare & Medical
NEFT-CENTRAL INDIA KIDNEY HOSPITAL,Healthcare & Medical
Patel Medicals,Healthcare & Medical
POS DEBIT COMMUNITY HEALTH CENTRE CHEMPUPURAM,Healthcare & Medical
UPI-SRI DHANVANTHRI CLINIC,Healthcare & Medical
Netra Eye Care PAYMENT,Healthcare & Medical
"NEFT-AROGYA KUDUMBHAKSHEMA UPAKENDRAM ,PANNIKODE",Healthcare & Medical
Sai Ashwini Hospital,Healthcare & Medical
POS DEBIT DR BARVE'S THE BONE AND JOINT CLINIC,Healthcare & Medical
UPI-SARUMANIKPUR STATE DISPENSARY,Healthcare & Medical
MON MEDICOS PAYMENT,Healthcare & Medical
NEFT-SANSKAR HOSPITAL,Healthcare & Medical
Alipurduar District Hospital,Healthcare & Medical
POS DEBIT FAMILY HEALTH CENTRE VELI,Healthcare & Medical
UPI-DENTAL WELLNESS CLINIC,Healthcare & Medical
"State Dispensary, Digaru PAYMENT",Healthcare & Medical
NEFT-MEDITATIVE ACUPUNCTURE CLINIC,Healthcare & Medical
Pushpa Medicals,Healthcare & Medical
POS DEBIT MORYA CLINIC (DR. ABHIJIT BAHETI HEMATO-ONCOLOGIST),Healthcare & Medical
UPI-NIRANJAN SKIN HOSPITAL,Healthcare & Medical
"Dewa Hospital, Jankipuram PAYMENT",Healthcare & Medical
NEFT-BHARAT KIDICARE CLINIC,Healthcare & Medical
Shushila Hospital Latur,Healthcare & Medical
POS DEBIT MIRLAY EYE CARE,Healthcare & Medical
UPI-GAYATRI CLINIC SKIN AND AESTHETIC CLINIC,Healthcare & Medical
Akshay Nursing Home PAYMENT,Healthcare & Medical
"NEFT-SANJEEVANI NURSING HOME, VARANASI",Healthcare & Medical
Dr. Maulik Makwana,Healthcare & Medical
POS DEBIT YASHLOK HOSPITAL AND NURSING HOME,Healthcare & Medical
UPI-GOOD NURSING HOME,Healthcare & Medical
Pandian Heart Institute PAYMENT,Healthcare & Medical
NEFT-DR. DEVENDRA PAL SINGH,Healthcare & Medical
Savitri Nursing Home,Healthcare & Medical
POS DEBIT THULASI PHARMACY,Healthcare & Medical
UPI-DENTORBIT,Healthcare & Medical
Dr. Soundhararajan PAYMENT,Healthcare & Medical
NEFT-AL MAS,Healthcare & Medical
Jupiter Medicals,Healthcare & Medical
POS DEBIT AMMAJI PAVANI MEMORIAL SUPER SPECALITY HOSPITAL,Healthcare & Medical
UPI-BISHWANATH URO CARE HOSPITAL,Healthcare & Medical
G. G. Birajdar Memorial Hospital PAYMENT,Healthcare & Medical
NEFT-DR. SHALAB SAMDARAHI CLINIC,Healthcare & Medical
Ambekar Hospital,Healthcare & Medical
"POS DEBIT REFERRAL HOSPITAL, BILASPUR",Healthcare & Medical
UPI-ZP HOSPITAL,Healthcare & Medical
"MCD Dispensary, Narela PAYMENT",Healthcare & Medical
NEFT-DR. GADHVI CLINIC,Healthcare & Medical
Sree Balaram Seva Mandir State General Hospital,Healthcare & Medical
POS DEBIT KANHAIYA HOSPITAL,Healthcare & Medical
UPI-DR. E SIVAKUMAR ENT CLINIC,Healthcare & Medical
"Government hospital,Kawardha PAYMENT",Healthcare & Medical
"NEFT-SUB CENTRE, GONABOINAPALLY",Healthcare & Medical
Newlife Hospital & Maternity Home,Healthcare & Medical
POS DEBIT KRISHNA MEDICAL AGENCY,Healthcare & Medical
UPI-CHIRAYU MEDI SURGICAL HOSPITAL,Healthcare & Medical
Dr. Kalyanasuntharam PAYMENT,Healthcare & Medical
NEFT-32SMILES MULTISPECIALTY DENTAL CLINIC,Healthcare & Medical
"Government Hospital, Badapokharia",Healthcare & Medical
POS DEBIT ESI DISPENSARY,Healthcare & Medical
"UPI-RURAL HOSPITAL, MALSHIRAS",Healthcare & Medical
Government hospital Lugasi PAYMENT,Healthcare & Medical
NEFT-ASHWINI MEDICAL AND GENERAL STORE,Healthcare & Medical
Saumya Children Hospital,Healthcare & Medical
POS DEBIT DECCAN COLLEGE OF MEDICAL SCIENCES,Healthcare & Medical
UPI-MALEGAON HOSPITAL,Healthcare & Medical
"Jeevadhara Medical Hall, Nirmal PAYMENT",Healthcare & Medical
"NEFT-TANDON NURSING HOME, LAPROSCOPIC AND MATERNITY CENTRE",Healthcare & Medical
meddpls,Healthcare & Medical
POS DEBIT CIVIL HOSPITAL KAKRALA,Healthcare & Medical
UPI-AMRUTHA HEART HOSPITAL,Healthcare & Medical
"Sanjos Hospital and Research Center, Arattuvazhi PAYMENT",Healthcare & Medical
"NEFT-PRIMARY HEALTH CENTRE, CHEMBAKAPARA",Healthcare & Medical
Om Superspeciality Hospital,Healthcare & Medical
POS DEBIT SHREEJI CLINIC,Healthcare & Medical
UPI-DR. SUSHMITHA DAS CLINIC,Healthcare & Medical
Referral Hospital Asthawan PAYMENT,Healthcare & Medical
"NEFT-PRIMARY HEALTH CENTRE, IRIKKUMKALLU",Healthcare & Medical
Rashi pathology,Healthcare & Medical
POS DEBIT VIJETHA DENTAL CARE,Healthcare & Medical
UPI-UJJAN CITY HOSPITAL,Healthcare & Medical
Sarita Medicare and Maternity Home PAYMENT,Healthcare & Medical
NEFT-VADODARA CRITICAL CHILD CARE CENTRE,Healthcare & Medical
Mediprime Hospital,Healthcare & Medical
POS DEBIT RAINBOW NURSING HOME,Healthcare & Medical
UPI-DR HALKAR NURSING HOME,Healthcare & Medical
Dr. Ram Shankar Smarak Hospital PAYMENT,Healthcare & Medical
NEFT-K.RAMALINGA REDDY HOSPITAL,Healthcare & Medical
"Jain Hospital, Khargone",Healthcare & Medical
POS DEBIT SIDRA ENT HOSPITAL,Healthcare & Medical
UPI-DR.SUREKHA,Healthcare & Medical
Ramakrishna Memorial Nursing Home PAYMENT,Healthcare & Medical
NEFT-DR. N. BHASKAR,Healthcare & Medical
Balkaran Medical store,Healthcare & Medical
POS DEBIT GITE HOSPITAL,Healthcare & Medical
UPI-LPR HOSPITAL,Healthcare & Medical
Waghmare Clinic PAYMENT,Healthcare & Medical
NEFT-JAMNABA HOSPITAL,Healthcare & Medical
Meghraj General Hospital,Healthcare & Medical
POS DEBIT B P NURSING HOME,Healthcare & Medical
UPI-ARAVINTH HOSPITAL,Healthcare & Medical
Royal Chemist and Druggist PAYMENT,Healthcare & Medical
NEFT-YASHWANTH'S PHYSIOTHERAPY CLINIC,Healthcare & Medical
Chomun Mahila and Eye Hospital,Healthcare & Medical
POS DEBIT SRS VET CARE CENTRE,Healthcare & Medical
UPI-SREE BANU DENTAL CLINIC,Healthcare & Medical
"State Dispensary, Dampur PAYMENT",Healthcare & Medical
NEFT-JAGANNATH DENTAL CLINIC,Healthcare & Medical
Govt. Hospital Bandol,Healthcare & Medical
POS DEBIT ASHWINI MEDICAL SPECIALIST CENTRE,Healthcare & Medical
"UPI-GOVERNMENT HOMOEO CLINIC, FAROOK NAGAR, KAIPPURAM",Healthcare & Medical
D.C.C Hospital PAYMENT,Healthcare & Medical
NEFT-HARIKA HOSPITALS,Healthcare & Medical
Thilagaram Orthopaedic Hospital,Healthcare & Medical
POS DEBIT HARPAL PHYSIOTHERAPY CENTRE,Healthcare & Medical
UPI-HATTIGOR T.E. NHRM HOSPITAL,Healthcare & Medical
Diet Clinic PAYMENT,Healthcare & Medical
NEFT-JAJU PLASTIC SURGERY CENTER,Healthcare & Medical
Dr. Mushtaq Ganai,Healthcare & Medical
POS DEBIT VIDYA HOSPITAL AND KIDNEY CENTRE,Healthcare & Medical
UPI-BHOLA DENTAL CLINIC,Healthcare & Medical
"Arogya Hospital, Shujalpur PAYMENT",Healthcare & Medical
NEFT-SAIDUTT MOTHER & CHILD CARE,Healthcare & Medical
"Gupta Nursing Home, Saharanpur",Healthcare & Medical
POS DEBIT DR. KAMALAMMA HOSPITAL,Healthcare & Medical
UPI-THEJUS MEDICALS,Healthcare & Medical
R.L Hospital PAYMENT,Healthcare & Medical
NEFT-BHARGAV NURSING HOME & EYE HOSPITAL,Healthcare & Medical
"Veterinary Hospital,Kariyavattam",Healthcare & Medical
POS DEBIT KAVERI CLINIC,Healthcare & Medical
UPI-AL - RASHEED HOSPITAL,Healthcare & Medical
"District Hospital, Bikaner PAYMENT",Healthcare & Medical
NEFT-SURYA SAHYADRI HOSPITAL,Healthcare & Medical
Yug Hospital Moradabad,Healthcare & Medical
POS DEBIT ITTINA WELLNESS CENTRE,Healthcare & Medical
UPI-VINITA CLINIC,Healthcare & Medical
Lions Club Homoepathic Hospital PAYMENT,Healthcare & Medical
NEFT-SURYAKANT WAGAL MATERNITY HOSPITAL,Healthcare & Medical
"Family Health Centre, Chathannur",Healthcare & Medical
POS DEBIT INGHUN CLINIC,Healthcare & Medical
"UPI-PRIMARY HEALTH CENTRE, UPPU,NUTHALA",Healthcare & Medical
aashirwad multispeciality hospital PAYMENT,Healthcare & Medical
NEFT-DHANWANTARI NURSING HOME AND DIAGNOSTIC CENTRE,Healthcare & Medical
Sahoo Surgicare,Healthcare & Medical
POS DEBIT SARAVANA E.N.T HOSPITAL,Healthcare & Medical
UPI-PANCHAM HEALTH CARE,Healthcare & Medical
Dr. Mayatra's Hospital PAYMENT,Healthcare & Medical
NEFT-DR. SARVANI HOSPITAL,Healthcare & Medical
Netaji Sebayan Hospital,Healthcare & Medical
POS DEBIT SHIV NETRA GENERAL & EYE HOSPITAL,Healthcare & Medical
UPI-SRI DATTA SUPER SPECIALITY HOSPITAL,Healthcare & Medical
Veterinary Hospital Sub Center PAYMENT,Healthcare & Medical
"NEFT-GOVERNMENT HOSPITAL, LUHAWAD",Healthcare & Medical
"Government Homoeo Dispensary , Wyra (NRHM)",Healthcare & Medical
POS DEBIT PARVATHY CLINIC,Healthcare & Medical
UPI-ZIZA MEDICALS,Healthcare & Medical
Apex Citi Hospital PAYMENT,Healthcare & Medical
"NEFT-MILITARY HOSPITAL ,BABINA",Healthcare & Medical
Jammu Hospital,Healthcare & Medical
POS DEBIT DENTALHEART,Healthcare & Medical
"UPI-GOVERNMENT AYURVEDIC DISPENSARY, YELDURTHY (NRHM)",Healthcare & Medical
Solanki Chemist PAYMENT,Healthcare & Medical
"NEFT-GOVERNMENT HOSPITAL, CASTLEROCK",Healthcare & Medical
Spandana Children's Clinic,Healthcare & Medical
POS DEBIT S M D CLINIC,Healthcare & Medical
UPI-VISHNU MEDICALS,Healthcare & Medical
Maternity & Child Welfare Hospital PAYMENT,Healthcare & Medical
NEFT-DM WIMS,Healthcare & Medical
Dr Ammruth Eye Care & Opticals,Healthcare & Medical
POS DEBIT KALNA EYE CARE CENTRE,Healthcare & Medical
UPI-R.M.EYE FOUNDATION,Healthcare & Medical
Dr. Promila Jindal PAYMENT,Healthcare & Medical
NEFT-SHAHPURA DENTAL HOSPITAL,Healthcare & Medical
Sharvil Nursing Home and Laparoscopy Centre,Healthcare & Medical
POS DEBIT SKY HOSPITAL & RESEARCH CENTRE,Healthcare & Medical
UPI-DR. SAXENA,Healthcare & Medical
Veterinary Subcentre PAYMENT,Healthcare & Medical
NEFT-WISE HOSPITAL,Healthcare & Medical
Vijaya sai clinic,Healthcare & Medical
POS DEBIT SMV MEDICALS AND AYURVEDHA CLINIC,Healthcare & Medical
UPI-MARUTI CLINIC,Healthcare & Medical
dentaire clinique PAYMENT,Healthcare & Medical
NEFT-SAMRUDDHI NURSING HOME,Healthcare & Medical
Primary Health centre Pothukund,Healthcare & Medical
POS DEBIT OM GAGANGIRI HOSPITAL,Healthcare & Medical
UPI-DR. RAVI TREHAN - HANUMANGARH,Healthcare & Medical
Brothers Hospital Vayyakkal PAYMENT,Healthcare & Medical
NEFT-P.K.T NURSING HOME,Healthcare & Medical
MG365,Healthcare & Medical
POS DEBIT SRI SIVA NURSING HOME,Healthcare & Medical
UPI-MARIA HOSPITAL,Healthcare & Medical
Sachin Balconi Hospital PAYMENT,Healthcare & Medical
NEFT-RADIANCE HOSPITAL AND RESEARCH CENTER,Healthcare & Medical
Shri Balaji Healthcare Pharmacy,Healthcare & Medical
POS DEBIT BANGALI HOSPITAL,Healthcare & Medical
UPI-NAGARJUNA DENTAL HOSPITAL,Healthcare & Medical
ARSH HOSPITAL PAYMENT,Healthcare & Medical
NEFT-DR. RAHUL SHRIDHARANI CLINIC,Healthcare & Medical
P G S Prakash Clinic,Healthcare & Medical
POS DEBIT MEENAKCHI CHANDRA SEKAR,Healthcare & Medical
UPI-GRANTH,Healthcare & Medical
Shree Mahadev Multispeciality Hospital PAYMENT,Healthcare & Medical
NEFT-GADHVI HOSPITAL,Healthcare & Medical
Government Hospital Iggaluru,Healthcare & Medical
"POS DEBIT GOVERNMENT AYURVEDA DISPENSARY, AMBALATHARA",Healthcare & Medical
UPI-CHAMUNDESWARI AYURVEDA HOSPITAL,Healthcare & Medical
Chandrashekar Patil Clinic PAYMENT,Healthcare & Medical
NEFT-NEW ORCHARD SUPERMARKET,Shopping & Retail
Quraish Men's Fastion Studio,Shopping & Retail
POS DEBIT AHSAN SCISSOR AND RAZOR,Shopping & Retail
UPI-SRI SURYA FASHION JEWELLERYS,Shopping & Retail
Sri Manjunath Stores PAYMENT,Shopping & Retail
NEFT-HUNK,Shopping & Retail
Suyog Fashion,Shopping & Retail
POS DEBIT KATTIYANAL STORES,Shopping & Retail
UPI-SUGAMA TOURISM,Shopping & Retail
Kanaka Durga PAYMENT,Shopping & Retail
NEFT-EX-SERVICEMEN'S,Shopping & Retail
Yogasiddha,Shopping & Retail
POS DEBIT BOMBAY TEXTILES,Shopping & Retail
UPI-DK MOBILE,Shopping & Retail
Reliance Jewellery PAYMENT,Shopping & Retail
NEFT-THE LAUNDRY ZONE,Shopping & Retail
THE CAR STORE,Shopping & Retail
POS DEBIT JUNCTION GROCERY WORLD,Shopping & Retail
UPI-SREE PRIYA GENERAL STORE,Shopping & Retail
Govindam Travels PAYMENT,Shopping & Retail
NEFT-AMASS GOLD AND DIAMONDS,Shopping & Retail
Goyal market,Shopping & Retail
POS DEBIT SHIVAM KOLKATA READYMADES,Shopping & Retail
UPI-SAKHI,Shopping & Retail
Supplyco koyilandy PAYMENT,Shopping & Retail
NEFT-INDIAN OPTICS,Shopping & Retail
orukam,Shopping & Retail
POS DEBIT POOJA STORE,Shopping & Retail
UPI-CARLTON,Shopping & Retail
Narang Ethnics PAYMENT,Shopping & Retail
NEFT-MAVINAL STORES,Shopping & Retail
khadi store,Shopping & Retail
POS DEBIT OPPO MOBILES,Shopping & Retail
UPI-LAXMI LINEN,Shopping & Retail
Rakesh Optics PAYMENT,Shopping & Retail
NEFT-SATYAM COMMUNICATION,Shopping & Retail
Rakshakan Opticals,Shopping & Retail
POS DEBIT FRIENDS HAIR SALLON,Shopping & Retail
UPI-VASANTHA MAALIGAI STAINLESS STEEL SHOWROOM,Shopping & Retail
Roshni Opticals PAYMENT,Shopping & Retail
NEFT-SRI LANKAMMA READYMADES,Shopping & Retail
Alcott,Shopping & Retail
POS DEBIT JM KISSAN HUT,Shopping & Retail
UPI-ASLAM TRADING,Shopping & Retail
Noya Traders PAYMENT,Shopping & Retail
NEFT-PADMAVATI KIRANA,Shopping & Retail
madrasa building,Shopping & Retail
POS DEBIT GANDHI MARKET,Shopping & Retail
UPI-AMI VEGETABLES,Shopping & Retail
Kerala gift land PAYMENT,Shopping & Retail
NEFT-KOTTIRIKKAL FOOTWEARS,Shopping & Retail
Supermarket M,Shopping & Retail
POS DEBIT ROCKPORT,Shopping & Retail
UPI-VIMAL TRADERS,Shopping & Retail
Kapoor & Kapoor Enterprises PAYMENT,Shopping & Retail
NEFT-SRI SAI SURYA DURGA ENTERPRISES,Shopping & Retail
Scorpio Gents Wear,Shopping & Retail
POS DEBIT ROYAL ENFIELD SHOW ROOM,Shopping & Retail
UPI-SONAPUR MARKET,Shopping & Retail
Shri Patel Kirana& Janrfal Stor PAYMENT,Shopping & Retail
NEFT-SUN TIMES,Shopping & Retail
Natural Beauty Clinic,Shopping & Retail
POS DEBIT KABUL STORES,Shopping & Retail
UPI-STARNET COMPUTER AND SOLUTIONS,Shopping & Retail
Femina beauty parlour PAYMENT,Shopping & Retail
NEFT-PICK AND PACK,Shopping & Retail
Hasini Cell Point,Shopping & Retail
POS DEBIT NEW BUILDING MATERIALS,Shopping & Retail
UPI-EXPRESS CAR CARE - GUBBALALA,Shopping & Retail
Eattickal Supermarket PAYMENT,Shopping & Retail
NEFT-BHAGYALEKSHMI TEXTILES,Shopping & Retail
Cottage,Shopping & Retail
POS DEBIT CAPITAL TRADING,Shopping & Retail
UPI-ARJUN MOBILE SHOP,Shopping & Retail
dreamland PAYMENT,Shopping & Retail
NEFT-JOSE STORE KOTTARAKARA,Shopping & Retail
Surplus Collections,Shopping & Retail
POS DEBIT LAKSHMI SCOTCH YARD,Shopping & Retail
UPI-SRI BALAJI POWER TOOLS,Shopping & Retail
Mineral water PAYMENT,Shopping & Retail
NEFT-CIT GOLD,Shopping & Retail
Madinah Hardware Store,Shopping & Retail
POS DEBIT SHEETAL LIFESTYLE,Shopping & Retail
UPI-BRAND YUVA MENS WEAR,Shopping & Retail
Kaizen Honda PAYMENT,Shopping & Retail
NEFT-PRAKASH S. M. KANNAPPA AUTOMOBILES PVT. LTD.,Shopping & Retail
Afrin Furniture,Shopping & Retail
POS DEBIT TEENAGE FASHION,Shopping & Retail
UPI-ONEPLUS EXPERIENCE & SERVICE,Shopping & Retail
Choice Travel Centre PAYMENT,Shopping & Retail
NEFT-SAIBABA STEEL METAL INDUSTRIES,Shopping & Retail
MJM Furniture Gallery,Shopping & Retail
POS DEBIT NEW BALAJI KIRANA STORES,Shopping & Retail
UPI-RAVIS SUPERMART,Shopping & Retail
Teresa Tours PAYMENT,Shopping & Retail
NEFT-ROYAL SHINE,Shopping & Retail
Lakhdatar Kids,Shopping & Retail
POS DEBIT KACHANI MARKET,Shopping & Retail
UPI-KASHISH STORE,Shopping & Retail
Prime Mobiles & Electronics PAYMENT,Shopping & Retail
NEFT-MUTTON CHICKEN SHOP,Shopping & Retail
Mahendra Diamonds and Jewellers,Shopping & Retail
POS DEBIT FURSUNGI STEEL AND FURNITURE,Shopping & Retail
UPI-HOURUN LIBAS,Shopping & Retail
Sri Akshya Silks & Readymades PAYMENT,Shopping & Retail
NEFT-ELITE LIQUOR STORE,Shopping & Retail
Vegitable,Shopping & Retail
POS DEBIT ROHIT FASHION,Shopping & Retail
UPI-FELLAH SILKS,Shopping & Retail
Reliance Trends _ Mens /Womens/ Kids PAYMENT,Shopping & Retail
NEFT-SOMOBY SUPER MARKET,Shopping & Retail
Shri Bajrangbali Stores,Shopping & Retail
POS DEBIT TRACK & TRAIL,Shopping & Retail
UPI-SALEM SUPER MARKET,Shopping & Retail
50 Cent PAYMENT,Shopping & Retail
NEFT-AUTOBAHN SKODA,Shopping & Retail
Shiva Dryers and Drycleaners,Shopping & Retail
POS DEBIT MOBI CAFE,Shopping & Retail
UPI-TULASI ENTERPRISES,Shopping & Retail
Jj Shop PAYMENT,Shopping & Retail
NEFT-ANIL BOOKSTALL,Shopping & Retail
Durga,Shopping & Retail
POS DEBIT HANIFF BHAI OG,Shopping & Retail
UPI-JK KIRANA GENERAL,Shopping & Retail
Duaa Ladies & Kids Wear PAYMENT,Shopping & Retail
NEFT-AUDI MANGALORE,Shopping & Retail
Devender Hello Point,Shopping & Retail
POS DEBIT SHAGUN VASTRALAYA,Shopping & Retail
UPI-RANUKA KIRANA,Shopping & Retail
A Lock Store PAYMENT,Shopping & Retail
NEFT-TIKTOK GIFT HOUSE,Shopping & Retail
sarvadnay general store,Shopping & Retail
POS DEBIT PARTHASARATHY & SONS,Shopping & Retail
UPI-JAISONS STATIONARY AND CAFE,Shopping & Retail
Taniya Coffee Store PAYMENT,Shopping & Retail
NEFT-RANI GIFT HOUSE,Shopping & Retail
Urmil Jewellers,Shopping & Retail
POS DEBIT TRENDZ FANCY,Shopping & Retail
UPI-MAZHAVIL,Shopping & Retail
orchid furniture PAYMENT,Shopping & Retail
NEFT-KOVAI PAZHAMUDHIR NILAYAM,Shopping & Retail
Jepnes Flowers,Shopping & Retail
POS DEBIT SHOPEEZEE HYPER MARKET,Shopping & Retail
UPI-REGINA STORES,Shopping & Retail
National cycle world PAYMENT,Shopping & Retail
NEFT-MADEENA BEEF STALL,Shopping & Retail
Sri Sairam Furniture Shop,Shopping & Retail
POS DEBIT PULARI STORE,Shopping & Retail
UPI-FAMILY SHOPPING CENTER,Shopping & Retail
The Luxury Artificial Flower Store PAYMENT,Shopping & Retail
NEFT-BANSAL HARDWARE STORE,Shopping & Retail
Ammus,Shopping & Retail
POS DEBIT NEW YASH PROVISIONS,Shopping & Retail
UPI-FRESHO,Shopping & Retail
AKHIL SAH FRUIT STALL PAYMENT,Shopping & Retail
NEFT-NAYANA TEXTILES,Shopping & Retail
Cute Cut,Shopping & Retail
POS DEBIT SUPER CHICKEN,Shopping & Retail
UPI-STATIONERY,Shopping & Retail
shree cheerumba PAYMENT,Shopping & Retail
NEFT-NNDII GAARMENTTS,Shopping & Retail
silver palace,Shopping & Retail
POS DEBIT SREE DHANWANTHARI STORES,Shopping & Retail
UPI-SWAMY'S PRODUCTS,Shopping & Retail
Van Heusen PAYMENT,Shopping & Retail
NEFT-BHAGWATI INDIA MOTORIZER PVT LTD. MANDLA,Shopping & Retail
Fox Lifestyle,Shopping & Retail
POS DEBIT SRI VASAVI SILVER SECTION,Shopping & Retail
UPI-VIP HARDWARE & SANITARY,Shopping & Retail
Kapil Mp Online PAYMENT,Shopping & Retail
NEFT-THE CHANKYA MALL,Shopping & Retail
Sarkar Stores,Shopping & Retail
POS DEBIT MAHAVEER PLY AND HARDWARE,Shopping & Retail
UPI-SURYA BOOK STORES,Shopping & Retail
Alhind Travels PAYMENT,Shopping & Retail
NEFT-VANDANAM TEXTILES,Shopping & Retail
Impact,Shopping & Retail
POS DEBIT BOMBAY BOOT HOUSE,Shopping & Retail
UPI-EDENS TRAVELS,Shopping & Retail
Amiri Market PAYMENT,Shopping & Retail
NEFT-K.S COMPUTERS,Shopping & Retail
GIFT GALORE,Shopping & Retail
POS DEBIT GO GREEN VEGETABLES,Shopping & Retail
UPI-CROWN PLAZA,Shopping & Retail
"Black and white, swathi enterprises PAYMENT",Shopping & Retail
NEFT-MRS AUTOMOBILE STORE,Shopping & Retail
Guardini,Shopping & Retail
POS DEBIT AAK MALL,Shopping & Retail
UPI-SLV PROVISIONAL STORE,Shopping & Retail
Rani Motors PAYMENT,Shopping & Retail
NEFT-CRAFTERS ANTIQUE SHOP,Shopping & Retail
Subong Shopping Mall,Shopping & Retail
POS DEBIT SUN BIRDS COLLECTIONS,Shopping & Retail
UPI-HAIRITAGE,Shopping & Retail
Classic Provisions PAYMENT,Shopping & Retail
NEFT-THE MEAT SHOP,Shopping & Retail
Blessy Travel agency & driving school,Shopping & Retail
POS DEBIT KURIANS OPTICIANS,Shopping & Retail
UPI-YADAV MOBILE SHOP,Shopping & Retail
Rover A Car Showroom PAYMENT,Shopping & Retail
NEFT-DUPLICATE OF DESI VIDESHI SHARAB DUKAN,Shopping & Retail
Mass book stall,Shopping & Retail
POS DEBIT CENTRAL BOOK STALL,Shopping & Retail
UPI-APK BROTHERS,Shopping & Retail
Total mall PAYMENT,Shopping & Retail
NEFT-BHOLANATH TRADERS,Shopping & Retail
Curtina,Shopping & Retail
POS DEBIT LULU FASHION STORE,Shopping & Retail
UPI-VIJAYMATHA TEXTILES,Shopping & Retail
Zela PAYMENT,Shopping & Retail
NEFT-CHICKEN AND MUTTON,Shopping & Retail
Deep Drycleaners,Shopping & Retail
POS DEBIT KESHAVRAM MATHURADAS,Shopping & Retail
UPI-TAJ INTERIORS,Shopping & Retail
Star Pharmacy PAYMENT,Shopping & Retail
NEFT-ASHOK COSMOS MALL,Shopping & Retail
Sreelaksmi Stationery,Shopping & Retail
POS DEBIT FIRST LOOK COLOR & STYLE SALON,Shopping & Retail
UPI-SEPHORA,Shopping & Retail
chellas shop PAYMENT,Shopping & Retail
NEFT-SONI JEWELLERS,Shopping & Retail
Sheetal Bar and Restaurant,Shopping & Retail
POS DEBIT AKASH BOOT HOUSE,Shopping & Retail
UPI-SHREE RAMDEV MOBILE,Shopping & Retail
Nooranad Market PAYMENT,Shopping & Retail
NEFT-AKSHAYA MAGAZINE CENTER,Shopping & Retail
bhagavathi store,Shopping & Retail
POS DEBIT UZHAVAR SANDAI,Shopping & Retail
UPI-SLEEPWELL GALLERY,Shopping & Retail
Shubh superstore PAYMENT,Shopping & Retail
NEFT-RAJESHWARI TOURS & TRAVELS,Shopping & Retail
Samdariya Gold,Shopping & Retail
POS DEBIT SWASTIK NX,Shopping & Retail
UPI-NIRVEE'S,Shopping & Retail
krishna Fibres PAYMENT,Shopping & Retail
NEFT-TIBETAN JEWELRY,Shopping & Retail
Vaishnav Stores,Shopping & Retail
POS DEBIT SEASON SPORTS,Shopping & Retail
UPI-GEETI BEAUTY PARLOUR,Shopping & Retail
Lakshmi Kartikeya Cell Point PAYMENT,Shopping & Retail
NEFT-PARADISE GARMENTS,Shopping & Retail
arstra,Shopping & Retail
POS DEBIT ADAM GIFT HOUSE,Shopping & Retail
UPI-SAASHE BOUTIQUE,Shopping & Retail
"Open Market,Vakkom PAYMENT",Shopping & Retail
NEFT-THE PERFECT CHAIR,Shopping & Retail
oxy,Shopping & Retail
POS DEBIT VIWAS FOOTWEAR,Shopping & Retail
UPI-LAXMI HARDWARE,Shopping & Retail
Rajendra PAYMENT,Shopping & Retail
NEFT-SYLVIA FOOTWEAR,Shopping & Retail
Vegetable Wholesale Market(Aadhat) Naraingarh,Shopping & Retail
POS DEBIT MAHANTA BHANDAR,Shopping & Retail
UPI-HELLO STATIONARY SERVICES,Shopping & Retail
Janata Timber Market PAYMENT,Shopping & Retail
NEFT-CLASSIC BEAUTY AND BRIDAL CARE SALON,Shopping & Retail
Laxman Chicken Centre,Shopping & Retail
POS DEBIT BHARTIYA EXCLUSIVE,Shopping & Retail
UPI-DEVOOS BEAUTY SPA,Shopping & Retail
Silence Group Office PAYMENT,Shopping & Retail
NEFT-KANJI HOUSE,Shopping & Retail
Gautam Stores,Shopping & Retail
POS DEBIT ZEESHAN MOBILE CARE CENTRE,Shopping & Retail
UPI-MANOJ TEXTILES,Shopping & Retail
Sewri Fish Market PAYMENT,Shopping & Retail
NEFT-ANNAPURNA BHANDAR,Shopping & Retail
Car Washing,Shopping & Retail
POS DEBIT VIJAY CARS,Shopping & Retail
UPI-BABU FASHIONS,Shopping & Retail
Cash and Carry Departmental Store PAYMENT,Shopping & Retail
NEFT-MULIYAR STORE,Shopping & Retail
Rastogi Provisional Store,Shopping & Retail
POS DEBIT EXACT FIRE SYSTEMS,Shopping & Retail
UPI-FASHION JEWELLERS,Shopping & Retail
Computer Mart PAYMENT,Shopping & Retail
NEFT-VINAYAKI FLOWERS SHOP,Shopping & Retail
Sunny's De Karshakante Kada,Shopping & Retail
POS DEBIT COMBINE SPORTS,Shopping & Retail
UPI-SK DRY CLEANERS,Shopping & Retail
Amit Hat PAYMENT,Shopping & Retail
NEFT-TELKARS,Shopping & Retail
L. Gopal,Shopping & Retail
POS DEBIT LADY QUEEN,Shopping & Retail
UPI-SN HARDWARE & TOOLS,Shopping & Retail
Mom and Me PAYMENT,Shopping & Retail
NEFT-FURNITURE WORKSHOP,Shopping & Retail
Cauvery Furniture,Shopping & Retail
POS DEBIT PUTHUPARAMBIL TEXTILE,Shopping & Retail
UPI-MARGIN FREE MARKET,Shopping & Retail
LUCKY NATURAL FLOWER SHOP PAYMENT,Shopping & Retail
NEFT-COCHIN GENTS,Shopping & Retail
DusMinute,Shopping & Retail
POS DEBIT MAKEUP KILLER STUDIO,Shopping & Retail
UPI-HAVE NUTS,Shopping & Retail
pause PAYMENT,Shopping & Retail
NEFT-SMASH SPORTS CENTRE,Shopping & Retail
Sudarshana Textiles,Shopping & Retail
POS DEBIT NEEDHI MEDICAL SHOP,Shopping & Retail
UPI-THE OPTICAL,Shopping & Retail
EMKE Silks PAYMENT,Shopping & Retail
NEFT-CHIRANJEEVI TEXTILES AND READYMADES,Shopping & Retail
SUN Hardwares,Shopping & Retail
POS DEBIT BANSAL GLASS AND PLYWOOD TRADERS,Shopping & Retail
UPI-ARAFA STORES,Shopping & Retail
DIMPY JEWELLERS PAYMENT,Shopping & Retail
NEFT-MANALI BRIDAL STUDIO & ACADEMY,Shopping & Retail
Blossom Kochar,Shopping & Retail
POS DEBIT KUNJIMON'S STORE,Shopping & Retail
UPI-99 BAZAAR,Shopping & Retail
Kakkassery souk PAYMENT,Shopping & Retail
NEFT-PJJ,Shopping & Retail
Mini Enterprises,Shopping & Retail
POS DEBIT AGARWAL BOOKS,Shopping & Retail
UPI-NAVEEN KALA,Shopping & Retail
Green's Fresh Supermarket PAYMENT,Shopping & Retail
NEFT-J.K. KAVLEKAR AND SONS,Shopping & Retail
Safal Fresh,Shopping & Retail
POS DEBIT GRANARY MARKET,Shopping & Retail
UPI-ROYAL TRAVELS,Shopping & Retail
Convenience store PAYMENT,Shopping & Retail
NEFT-DEEPAK TOMS DIAMOND,Shopping & Retail
Bherav Jewellers,Shopping & Retail
POS DEBIT VARDHAMAN PLAZA,Shopping & Retail
UPI-RGARH SHOPING CORNER,Shopping & Retail
Seema's Hair & Skin Clinique - Ladies Beauty Parlour and Nail Salon PAYMENT,Shopping & Retail
NEFT-MALL FIFTY ONE,Shopping & Retail
Eye World Optics,Shopping & Retail
POS DEBIT PHOTO SHOP,Shopping & Retail
UPI-MUKKAM FISH MARKET,Shopping & Retail
Lakshmi Bastralaya PAYMENT,Shopping & Retail
NEFT-FATHIMA CHICKEN,Shopping & Retail
Kondookala Stores,Shopping & Retail
POS DEBIT ANGEL & ROCKET,Shopping & Retail
UPI-FARMERS' MARKET,Shopping & Retail
Krishnaiya Chetty and Sons PAYMENT,Shopping & Retail
NEFT-CLASSIC HARDWARE AND SANITARIES GODOWN,Shopping & Retail
Anjali Jewellers,Shopping & Retail
POS DEBIT KANACHUR PLY,Shopping & Retail
UPI-MINI-STAR,Shopping & Retail
Anup General Store PAYMENT,Shopping & Retail
NEFT-BIKRAM KIRANA STOR,Shopping & Retail
Bosch Car Service,Shopping & Retail
POS DEBIT VIJAY FASHIONS,Shopping & Retail
UPI-GREEN MF,Shopping & Retail
Thayyil stores PAYMENT,Shopping & Retail
NEFT-ADITHI GOI,Shopping & Retail
Mubarak Hypermarket,Shopping & Retail
POS DEBIT FAMOUS HAIR DRESSERS,Shopping & Retail
UPI-KITE UNISEX SALON,Shopping & Retail
Kurlon PAYMENT,Shopping & Retail
"NEFT-ALMADEENA FANCY,STATIONARY STORE",Shopping & Retail
Castle Home Appliances,Shopping & Retail
POS DEBIT CHAKKAPPAN STORES,Shopping & Retail
UPI-CHANGARAMKULAM VEGETABLE MARKET,Shopping & Retail
Wine Gte PAYMENT,Shopping & Retail
NEFT-A TO Z METALS AND TOOLS,Shopping & Retail
AVS stores,Shopping & Retail
POS DEBIT FRIENDS MOBILE SHOP,Shopping & Retail
UPI-ANIL GROCERY,Shopping & Retail
MAA MANASHA STORE PAYMENT,Shopping & Retail
NEFT-PARAMBATH FISH MARKET,Shopping & Retail
Rainbow Gifts and Stationery,Shopping & Retail
POS DEBIT MAHIKA GENERAL STORE,Shopping & Retail
UPI-CLASSIC HAIRSTYLE,Shopping & Retail
G2 Salon PAYMENT,Shopping & Retail
NEFT-GURUPRASADA DIAMONDS,Shopping & Retail
Joshi's Supermarket,Shopping & Retail
POS DEBIT NEW ASIA TRADING,Shopping & Retail
UPI-MAZUMDER STATIONARY CENTRE,Shopping & Retail
"Public market, Seevelikonam, Attingal PAYMENT",Shopping & Retail
NEFT-MAHALAXMI MOBILE,Shopping & Retail
Krishna Kirana,Shopping & Retail
POS DEBIT FRANCIS MILMA AGENCY,Shopping & Retail
UPI-BARBHUIYA TILES AND SANITATION,Shopping & Retail
Adarsh Prints Mills Depot PAYMENT,Shopping & Retail
NEFT-NEW BHUVAN MOBILES,Shopping & Retail
Rich Stone Art,Shopping & Retail
POS DEBIT DESSANGE SALON & SPA,Shopping & Retail
UPI-G.K PHOTOGRAPHY STUDIO,Shopping & Retail
Sarkar Men's Wear PAYMENT,Shopping & Retail
NEFT-CITY MAX,Shopping & Retail
Ahuja Drycleaners,Shopping & Retail
POS DEBIT GRAMAM MARKET AREA,Shopping & Retail
UPI-SSDN TECH INDIA,Shopping & Retail
Madhukostav Sweets Shop PAYMENT,Shopping & Retail
NEFT-BARBOUR SHOP,Shopping & Retail
Our Vision opticals,Shopping & Retail
POS DEBIT TECHNO VISION,Shopping & Retail
UPI-BOMBAY HARDWARE STORES,Shopping & Retail
Hannan PAYMENT,Shopping & Retail
NEFT-NEELSMONS BEAUTY AND HAIR SALON,Shopping & Retail
Vimal travels,Shopping & Retail
POS DEBIT MAS MOBILES,Shopping & Retail
UPI-ZARDA HOUSE,Shopping & Retail
G.K Sports PAYMENT,Shopping & Retail
NEFT-MUCH MORE,Shopping & Retail
Maisha Unisex Salon,Shopping & Retail
POS DEBIT SARKAR GROCERY SHOP,Shopping & Retail
UPI-ROYAL CHICKEN STALL,Shopping & Retail
Modern Looks PAYMENT,Shopping & Retail
NEFT-SALEEM BARBER,Shopping & Retail
P. N. Gadgil,Shopping & Retail
POS DEBIT PEOPLE HARDWARE STORE,Shopping & Retail
UPI-SHREE SAI MEDICINE STORE,Shopping & Retail
Adams PAYMENT,Shopping & Retail
"NEFT-RATION SHOP, KEEZHKUPPAM",Shopping & Retail
m s r collections,Shopping & Retail
POS DEBIT VENEECE BARBER SHOP,Shopping & Retail
UPI-GOLD HUB,Shopping & Retail
SUNRISE EVENT NAGPUR PAYMENT,Shopping & Retail
NEFT-MRM SUPERMARKET,Shopping & Retail
Jeelani Stores,Shopping & Retail
POS DEBIT MATHA FASHION WORLD,Shopping & Retail
UPI-MARUTI SUZUKI SAI SERVICE,Shopping & Retail
shobha mill PAYMENT,Shopping & Retail
NEFT-MORE SUPERMARKET,Shopping & Retail
OM Toyota,Shopping & Retail
POS DEBIT ADITYA FURNITURE AND ELECTRONICS,Shopping & Retail
UPI-SRI DIAMOND HARDWARE & ELECTRICALS,Shopping & Retail
Suit Factory India PAYMENT,Shopping & Retail
NEFT-PANACHIKAD MILMA APCDS,Shopping & Retail
Grand Vision,Shopping & Retail
POS DEBIT LAUREL FASHION WORLD,Shopping & Retail
UPI-AYSHA JEWEWLLERY,Shopping & Retail
BB Superstore PAYMENT,Shopping & Retail
NEFT-HITESH,Shopping & Retail
Awesome Men's and ladies corner,Shopping & Retail
POS DEBIT SURUMA WOMENS BOTIQUE,Shopping & Retail
UPI-THE BEST LITTLE HAIR HOUSE,Shopping & Retail
muthumani PAYMENT,Shopping & Retail
NEFT-DURGAMBA MOTORS,Shopping & Retail
Noor Furniture,Shopping & Retail
POS DEBIT YONEX,Shopping & Retail
UPI-OM CHEMICAL INDUSTRIES,Shopping & Retail
Karmatirtha Shopping Complex PAYMENT,Shopping & Retail
NEFT-POPULAR AUTO DEALERS PVT.,Shopping & Retail
KS Mobiles,Shopping & Retail
POS DEBIT RAGHUKUL,Shopping & Retail
UPI-PUTHUPARAMBIL VEGETABLES,Shopping & Retail
kochuvtil super market PAYMENT,Shopping & Retail
NEFT-NAVRATHAN JEWELLERS,Shopping & Retail
Lower Market,Shopping & Retail
POS DEBIT VELIYAM STORES,Shopping & Retail
UPI-MALABAR CAFE,Shopping & Retail
Emke Silks PAYMENT,Shopping & Retail
NEFT-TRIDEV HARDWARE,Shopping & Retail
Kay Kay store,Shopping & Retail
POS DEBIT MUNNAR SPICES,Shopping & Retail
UPI-S K CHICKEN SHOP,Shopping & Retail
City Cycle Mart PAYMENT,Shopping & Retail
NEFT-ARABIAN MOBILES,Shopping & Retail
JB Gupta & Sons,Shopping & Retail
POS DEBIT CASA FLORA CLOTHES,Shopping & Retail
UPI-USHA BOOK STORE,Shopping & Retail
Gamma Electrovision PAYMENT,Shopping & Retail
NEFT-DEVI ENTERPRISES,Shopping & Retail
Cochin Stores,Shopping & Retail
POS DEBIT Q MOBILE,Shopping & Retail
UPI-NEW KAMAL POWER LAUNDRY DYERS AND CLEANERS,Shopping & Retail
indian gota works PAYMENT,Shopping & Retail
NEFT-ASHOK BOOT HOUSE,Shopping & Retail
P&G Margin Free Supermarket,Shopping & Retail
POS DEBIT SAFA TEXTILES,Shopping & Retail
UPI-ERAMBATHU HOME SOLUTIONS,Shopping & Retail
Pick n Speak PAYMENT,Shopping & Retail
NEFT-SPENCER PLAZA,Shopping & Retail
Raj Telecom,Shopping & Retail
POS DEBIT MITH SHOPPING MALL,Shopping & Retail
UPI-SJ COMPUTERS,Shopping & Retail
mlounge PAYMENT,Shopping & Retail
NEFT-MASTER MOBILES & ELECTRONICS,Shopping & Retail
Giftz,Shopping & Retail
POS DEBIT SPORTS DUKAAN,Shopping & Retail
UPI-ONAM TRADITIONS,Shopping & Retail
T.B.Yenu Opticals PAYMENT,Shopping & Retail
NEFT-SUPPLYCO MAVELI STORE,Shopping & Retail
Zerodha Marketing Partner,Shopping & Retail
POS DEBIT RNC,Shopping & Retail
UPI-SIGNATURE| A HOUSE OF BRANDED SUITING-SHRITNG,Shopping & Retail
Kerala Furnitures PAYMENT,Shopping & Retail
NEFT-E HUB,Shopping & Retail
SHRI RAM TRADERS,Shopping & Retail
POS DEBIT KALANJALI GIFTS & TOYS,Shopping & Retail
UPI-BHATTIPADA MARKET,Shopping & Retail
exon cimputer cente PAYMENT,Shopping & Retail
NEFT-SWAPANA JEWELRY,Shopping & Retail
Shantilal Munnalal and Company (Jewellers),Shopping & Retail
POS DEBIT I-TECH SOLUTIOS,Shopping & Retail
UPI-AMMUS TEXTILE,Shopping & Retail
Aliyas Textiles PAYMENT,Shopping & Retail
NEFT-KARUNA PRESS,Shopping & Retail
SK99,Shopping & Retail
POS DEBIT KAVERI PROVISION STORE,Shopping & Retail
UPI-DAVANAM SAROVAR PORTICO SUITES,Shopping & Retail
HH Boutique PAYMENT,Shopping & Retail
NEFT-IIKILL,Shopping & Retail
Kashish General Store,Shopping & Retail
POS DEBIT THE GOOD GROCER SUPERMARKET,Shopping & Retail
UPI-MIDUKKI MITTUKKI,Shopping & Retail
Care Himalaya PAYMENT,Shopping & Retail
NEFT-TEAM RUGBY,Shopping & Retail
Kaya,Shopping & Retail
POS DEBIT PATIL KIRANA STORE,Shopping & Retail
UPI-NATURAL BEAUTY PARLOR & BRIDAL STUDIO,Shopping & Retail
Prakashan Stores PAYMENT,Shopping & Retail
NEFT-BABJI MOBILE PHONE,Shopping & Retail
Rekha Hardware and Ceramics,Shopping & Retail
POS DEBIT AARYAN HAIR PARLOUR,Shopping & Retail
UPI-SHREE BENAKA MEDICAL AND GENERAL STORE,Shopping & Retail
Vighnesh Mobile Shop PAYMENT,Shopping & Retail
NEFT-DURGA CONDIMENTS,Shopping & Retail
Market Fresh,Shopping & Retail
POS DEBIT FUN REPUBLIC,Shopping & Retail
UPI-DURGASHREE JEWELLERS,Shopping & Retail
Belle Vision PAYMENT,Shopping & Retail
NEFT-GOVIND POY & SONS,Shopping & Retail
APPOLO DE VALEUR,Shopping & Retail
POS DEBIT CHECK N PACK GENERAL STORE,Shopping & Retail
UPI-SARA HAIR AND BEAUTY SALOON,Shopping & Retail
Hirawats PAYMENT,Shopping & Retail
NEFT-RITU'S DESIGNER SAREES,Shopping & Retail
Wednesday market,Shopping & Retail
POS DEBIT MADINA CYCLE SHOWROOM,Shopping & Retail
UPI-A TO Z BIRTHDAY PARTY PLANNER,Shopping & Retail
Thankam South Indian Shop PAYMENT,Shopping & Retail
NEFT-PRIYAM,Shopping & Retail
Glamour Villa Branch 2 Gilco Green,Shopping & Retail
POS DEBIT URBAN SUPER MART,Shopping & Retail
UPI-ROYAL K P DRY CLEANERS,Shopping & Retail
Opal Systems PAYMENT,Shopping & Retail
NEFT-MUKESH ELECTRIC & HARDWARE,Shopping & Retail
Caravan Safari,Shopping & Retail
POS DEBIT MIKI SPORTS,Shopping & Retail
UPI-CITY STYLE FAMILY CORNER,Shopping & Retail
Minnus Vegetables And Fruits PAYMENT,Shopping & Retail
NEFT-KOUNTDOWN,Shopping & Retail
Bharat Benz,Shopping & Retail
POS DEBIT PORSCHE,Shopping & Retail
UPI-MAC,Shopping & Retail
Munna Hardware Store PAYMENT,Shopping & Retail
NEFT-JAFREE HARDWARE,Shopping & Retail
Black Bough Departmental Store,Shopping & Retail
POS DEBIT MATTAMMAL STORES,Shopping & Retail
UPI-SUPER MOON,Shopping & Retail
Vijay Super Shop PAYMENT,Shopping & Retail
NEFT-VIDYARTHI MITRAM,Shopping & Retail
Rama Lakshmana Cloth Store,Shopping & Retail
POS DEBIT LOTUS SALON,Shopping & Retail
UPI-QATAR GOLD,Shopping & Retail
Parambathoor Padi PAYMENT,Shopping & Retail
NEFT-THREE STAR HAIR SPA/SALON,Shopping & Retail
wine shop nimbaj,Shopping & Retail
POS DEBIT MUMUSO,Shopping & Retail
UPI-FAMOUS GOLD,Shopping & Retail
Fauji Karyana Store PAYMENT,Shopping & Retail
NEFT-APSTORE,Shopping & Retail
shriji supermarket,Shopping & Retail
POS DEBIT ABHARAN,Shopping & Retail
UPI-DRINKS AND SNACKS,Shopping & Retail
Ration shop Kuruvattor PAYMENT,Shopping & Retail
NEFT-RABBIT BABY SHOP,Shopping & Retail
Karthik Medical Store,Shopping & Retail
POS DEBIT RAMRAJ CLOTHES,Shopping & Retail
UPI-THE RE FRESH BAR,Shopping & Retail
Anutex Shopping Mall PAYMENT,Shopping & Retail
NEFT-CHEMBARAKKY.IN,Shopping & Retail
Timberland,Shopping & Retail
POS DEBIT LAPINK,Shopping & Retail
UPI-NANDI STATIONARY,Shopping & Retail
SHIVADITYA INFRACON PAYMENT,Shopping & Retail
NEFT-UTKAL HYUNDAI,Shopping & Retail
Shyanil fashion,Shopping & Retail
POS DEBIT ROYAL GIFT AND FANCY,Shopping & Retail
UPI-SRI MAHENDRA AGENCY,Shopping & Retail
Jangam Sound Business PAYMENT,Shopping & Retail
NEFT-CLEAN & CARE LAUNDRY,Shopping & Retail
moosa footwear,Shopping & Retail
POS DEBIT RAJUS SUPERMARKET,Shopping & Retail
UPI-ROYAL FURNISHING,Shopping & Retail
lachuzz PAYMENT,Shopping & Retail
NEFT-MAX FOOTWEAR,Shopping & Retail
Mummy Ikkas Shop,Shopping & Retail
POS DEBIT D.R.C COLLECTION,Shopping & Retail
UPI-VKG,Shopping & Retail
Rani Textiles PAYMENT,Shopping & Retail
NEFT-KERALA CHICKEN. CHICKEN SHOP,Shopping & Retail
Sri Sai Balaji Enterprises,Shopping & Retail
POS DEBIT YUVARANI FOOTWEAR SHOP,Shopping & Retail
UPI-SANTA MARKET,Shopping & Retail
Swastik Furniture PAYMENT,Shopping & Retail
NEFT-WOOD STYLES,Shopping & Retail
Ravi kumar general stores,Shopping & Retail
POS DEBIT OM.SAI MINI STORE AND PAN SHOP,Shopping & Retail
UPI-DHANLAKSHMI GROCERIES,Shopping & Retail
Madhuram Garments PAYMENT,Shopping & Retail
NEFT-ADITYA TEXTILES,Shopping & Retail
BOOK & STATIONRY,Shopping & Retail
POS DEBIT FAIYAZ HOISERY,Shopping & Retail
UPI-DEPAK TENT HOUSE,Shopping & Retail
Elukoti Cars PAYMENT,Shopping & Retail
NEFT-BEVERAGES CORPORATION RAJAKUMARI,Shopping & Retail
Sri Venkataramana Cloth Store,Shopping & Retail
POS DEBIT TOPMOST FURNITURE,Shopping & Retail
UPI-SADGURU KIRANAM,Shopping & Retail
sun fancy dress PAYMENT,Shopping & Retail
NEFT-BLAHAYIL STORES,Shopping & Retail
Thread Plus,Shopping & Retail
POS DEBIT VIDYARTHI BAVAN,Shopping & Retail
UPI-THANIMA SUPER MARKET,Shopping & Retail
Namdhari's fresh PAYMENT,Shopping & Retail
NEFT-SREELAKSHMI TEXTILE,Shopping & Retail
Fauji,Shopping & Retail
POS DEBIT PATALI KIRANA,Shopping & Retail
UPI-MEN'S SALOON SHOP,Shopping & Retail
Azad Timber Mart PAYMENT,Shopping & Retail
NEFT-RAMPAL PAKODE WAALA,Shopping & Retail
popular mega motors,Shopping & Retail
POS DEBIT TROPHY MALL,Shopping & Retail
UPI-SALASAR TRAVELS,Shopping & Retail
Bombay Dyeing PAYMENT,Shopping & Retail
NEFT-CHARLS MART,Shopping & Retail
Muthu Kumaran Traders,Shopping & Retail
POS DEBIT CHEMBRA MART,Shopping & Retail
UPI-FLORA INTERNATIONAL,Shopping & Retail
Aman Kia PAYMENT,Shopping & Retail
NEFT-GILLI CHAI,Shopping & Retail
Travel Solutions,Shopping & Retail
POS DEBIT THE BRIGHT CLEANERS,Shopping & Retail
UPI-RADHA KRISHNA COLLECTION,Shopping & Retail
Razwada PAYMENT,Shopping & Retail
NEFT-IMRAN MOBILE CARE,Shopping & Retail
Shankar Dairy,Shopping & Retail
"POS DEBIT FISH MARKET,VANGANACHAL",Shopping & Retail
UPI-DEEPAK CYCLE CO,Shopping & Retail
rajasree textiles PAYMENT,Shopping & Retail
NEFT-BENGAL HOSIERY,Shopping & Retail
Akshaya Cloth Mart,Shopping & Retail
POS DEBIT KOPPAL MARKET,Shopping & Retail
UPI-HANUMAN CYCLE SHOP,Shopping & Retail
Sharika Stores PAYMENT,Shopping & Retail
NEFT-DISH GALARY,Shopping & Retail
Poshak Enterprises,Shopping & Retail
POS DEBIT MAX CEMENT,Shopping & Retail
UPI-SRI SAMPATH SAI FURNITURE,Shopping & Retail
Nice Choice Beauty Parlour PAYMENT,Shopping & Retail
NEFT-GRAB FOR LESS,Shopping & Retail
peter england,Shopping & Retail
POS DEBIT FRIENDS AUTOMOTIVES,Shopping & Retail
UPI-DUBAI PLAZA,Shopping & Retail
LaBOF PAYMENT,Shopping & Retail
NEFT-KIDS ZONE,Shopping & Retail
Navin Telecom,Shopping & Retail
POS DEBIT PREETHI SILKS,Shopping & Retail
UPI-JP FLOWERS AND OLGA EVENTS,Shopping & Retail
Anasuya general store PAYMENT,Shopping & Retail
NEFT-MYNA BEAUTY PARLOUR,Shopping & Retail
Optica Oculistas,Shopping & Retail
POS DEBIT TIBETAN REFUGE MARKET,Shopping & Retail
UPI-LADAKH TRAVEL POINT LTP,Shopping & Retail
Gupta Pan Shop PAYMENT,Shopping & Retail
NEFT-M/S LILY MEDICAL,Shopping & Retail
aastha beauty parlour,Shopping & Retail
POS DEBIT PANIKAVETTIL STORES,Shopping & Retail
UPI-CLOTHES CENTER,Shopping & Retail
priiti leddij byuuttii paarlr PAYMENT,Shopping & Retail
NEFT-KHAADI GRAMASWABHAGYA,Shopping & Retail
Tanvi Design,Shopping & Retail
POS DEBIT NEWWILL VISA TECH PVT LTD,Shopping & Retail
UPI-CSM STEELS & METALS,Shopping & Retail
Patteppadam Rationshop PAYMENT,Shopping & Retail
NEFT-N K STORE,Shopping & Retail
Amala Supermarket and Cold Storage,Shopping & Retail
POS DEBIT PRIYA BOUTIQUE,Shopping & Retail
UPI-NAYAGAM STORE,Shopping & Retail
Markandeya kirana general store PAYMENT,Shopping & Retail
NEFT-VERMA HUYNDAI,Shopping & Retail
Lovely Tours,Shopping & Retail
POS DEBIT SIVAANI JEWELRY,Shopping & Retail
UPI-KUTTANTE KADA,Shopping & Retail
Ar Supermarket PAYMENT,Shopping & Retail
NEFT-JJ HARDWARES,Shopping & Retail
Rattan Matting House,Shopping & Retail
POS DEBIT ROSE COMMUNICATION,Shopping & Retail
UPI-AUTO SPOT USED BIKE AND CARS,Shopping & Retail
Jabar supermarket PAYMENT,Shopping & Retail
NEFT-UNNAMED,Shopping & Retail
DELL Exclusive Store,Shopping & Retail
POS DEBIT SHREE AAIJI SUPER MARKET,Shopping & Retail
UPI-NAVANYA FASHION,Shopping & Retail
New age Beauty Parlour PAYMENT,Shopping & Retail
NEFT-VENU KIRANA,Shopping & Retail
fresh vegetables,Shopping & Retail
POS DEBIT BHAVANI BOOK STORE,Shopping & Retail
UPI-AURRUM,Shopping & Retail
Abuzar Hardware & Cement Depot PAYMENT,Shopping & Retail
NEFT-RILAAYNS SMAARTT SUPR STTOR,Shopping & Retail
Essence supermarket,Shopping & Retail
POS DEBIT PUSHPANJALI HARDWARES,Shopping & Retail
UPI-SARKER ALAM SUPER MARKET SRKAAR AALM SUPAAR MAARKETT,Shopping & Retail
New Cite Mobile PAYMENT,Shopping & Retail
NEFT-FILA,Shopping & Retail
Suraksha Shoe Centre,Shopping & Retail
POS DEBIT GOKUL STORES,Shopping & Retail
UPI-MAX CLOTHING STORE,Shopping & Retail
Barasana Cycle PAYMENT,Shopping & Retail
NEFT-BARBER SHOP,Shopping & Retail
Komal Beauty Salon & Training Center,Shopping & Retail
POS DEBIT JESNA TRADERS,Shopping & Retail
UPI-WADHWA A2Z CENTER,Shopping & Retail
Pavaratty meat market PAYMENT,Shopping & Retail
NEFT-NEW DRISTY DAN,Shopping & Retail
Eleganza,Shopping & Retail
POS DEBIT PERIMETER,Shopping & Retail
UPI-MY TUTION,Shopping & Retail
Royal Chicken Centre PAYMENT,Shopping & Retail
NEFT-POONKAVANAM TEXTILES,Shopping & Retail
Barik,Shopping & Retail
POS DEBIT MB JEWELLERS BY JATIN MEHRA,Shopping & Retail
UPI-AUTO MASTERS,Shopping & Retail
Priyadarshini Handlooms PAYMENT,Shopping & Retail
NEFT-DAY MART,Shopping & Retail
LENOVO,Shopping & Retail
POS DEBIT NISSAN MARVEL,Shopping & Retail
UPI-NOVELTY CORNER,Shopping & Retail
Tomlukes India PAYMENT,Shopping & Retail
NEFT-OLD SUPERMARKET,Shopping & Retail
Sree Dress Palace,Shopping & Retail
POS DEBIT BIRIYANI CENTRE,Shopping & Retail
UPI-GEETA PROVISION AND GENERAL,Shopping & Retail
Sai Kiranam PAYMENT,Shopping & Retail
NEFT-VALANJAMBALAM FRUIT STALL,Shopping & Retail
Mi Store Baramati,Shopping & Retail
POS DEBIT SM OFFICEMATE,Shopping & Retail
UPI-AYRIN BOUTIQUE,Shopping & Retail
Hallmark Honda PAYMENT,Shopping & Retail
NEFT-BHAVIKA COLLECTION,Shopping & Retail
Office Chairs,Shopping & Retail
POS DEBIT KUKUDKU,Shopping & Retail
UPI-FRESH SIGNATURE,Shopping & Retail
Karnataka Horticulture Fruits and Vegetable store PAYMENT,Shopping & Retail
NEFT-MEENA BLOUSE COLLECTION,Shopping & Retail
Adithya Shop,Shopping & Retail
POS DEBIT SRIRAM WINES,Shopping & Retail
UPI-MAURYA HARDWARE STORE,Shopping & Retail
Pooja play station PAYMENT,Shopping & Retail
NEFT-PERIYANDAVAR STORES,Shopping & Retail
Shihabudeen Hidayath,Shopping & Retail
POS DEBIT MAZI BOOK STORE,Shopping & Retail
UPI-NAVIN'S,Shopping & Retail
Sreevalsam Weeding Centre PAYMENT,Shopping & Retail
NEFT-SYAMANTAK LADIES INNERWORLD,Shopping & Retail
Zaras,Shopping & Retail
POS DEBIT VETTISHERRYS SHOP,Shopping & Retail
UPI-GNS LEISURE TRAVELS,Shopping & Retail
yash foot wear PAYMENT,Shopping & Retail
NEFT-NAINA CENTER,Shopping & Retail
Rima Opticals,Shopping & Retail
POS DEBIT KARIMPIL STORS,Shopping & Retail
UPI-RIYAS JEWELRY STORE,Shopping & Retail
Zih Linez PAYMENT,Shopping & Retail
NEFT-CITY ONE,Shopping & Retail
Flower ladies collection,Shopping & Retail
POS DEBIT SARAS SUPER MARKET,Shopping & Retail
UPI-UNITED PAN SHOP,Shopping & Retail
Mobile Point NX PAYMENT,Shopping & Retail
NEFT-SRI BALAJI BOOKS & STATIONERIES,Shopping & Retail
Tomatillo,Shopping & Retail
POS DEBIT SATYAM HARDWARE & PLYWOOD,Shopping & Retail
UPI-LAKAKI,Shopping & Retail
MAA GAYATRI MEDICOS PAYMENT,Shopping & Retail
NEFT-BEAUTY PARLOUR,Shopping & Retail
Unifex,Shopping & Retail
POS DEBIT JAIN BOOK DEPOT,Shopping & Retail
UPI-S3 SUPER MART,Shopping & Retail
Ration shop Thalamunda PAYMENT,Shopping & Retail
NEFT-BABU STORE'S,Shopping & Retail
Best Auto Traders,Shopping & Retail
POS DEBIT LANDMARK TOURS & TRAVELS,Shopping & Retail
UPI-COST -TO-COST,Shopping & Retail
Vaikom Computers PAYMENT,Shopping & Retail
NEFT-MEGA MART,Shopping & Retail
Utsav Enterprise,Shopping & Retail
POS DEBIT HAIR REPLACEMENT CENTER,Shopping & Retail
UPI-NEW CHITHRA HAIR STYLE,Shopping & Retail
Rawat General Store PAYMENT,Shopping & Retail
NEFT-AMIRI MARKET,Shopping & Retail
Ramananda Handlooms,Shopping & Retail
POS DEBIT RAYAKOTTAI TOMATO MARKET,Shopping & Retail
UPI-RELIANCE SMART POINT,Shopping & Retail
City Pearl PAYMENT,Shopping & Retail
NEFT-S K GIFTS,Shopping & Retail
"Oppo, vodafone, idea",Shopping & Retail
POS DEBIT LAKASHMI BHAVANI AUTOMOBILES,Shopping & Retail
UPI-AK SPORTS,Shopping & Retail
JETS INTERNATIONAL TOURS AND TRAVELS PAYMENT,Shopping & Retail
NEFT-DIVINE NATURAL SOLUTIONS,Shopping & Retail
SR FARM GHUNAKI,Shopping & Retail
POS DEBIT SAHDEV STUDIO,Shopping & Retail
UPI-BLUE EYE,Shopping & Retail
Wisdom Books PAYMENT,Shopping & Retail
NEFT-LAL JI COLLECTION,Shopping & Retail
Farmo'frnd,Shopping & Retail
POS DEBIT CHEMIST,Shopping & Retail
UPI-MAHESHWARI CHAUK,Shopping & Retail
Anna Boby Jewellers L L P PAYMENT,Shopping & Retail
NEFT-FRESH CHICKEN CENTRE,Shopping & Retail
Martin Market,Shopping & Retail
POS DEBIT FOOD CENTRE SUPERMARKET,Shopping & Retail
UPI-YUKTA STAIONARY SHOP,Shopping & Retail
Family Food Choice PAYMENT,Shopping & Retail
NEFT-NAYANAM EYE PLUS,Shopping & Retail
Roop Rang Boutique and Women Accessories,Shopping & Retail
POS DEBIT PRAVIN GENERAL STORE,Shopping & Retail
UPI-AAKASH STATIONERY AND GENERAL STORE,Shopping & Retail
Titan World PAYMENT,Shopping & Retail
NEFT-C&G,Shopping & Retail
Raj Cloth Centre,Shopping & Retail
POS DEBIT SAFA MARGIN FREE MARKET,Shopping & Retail
UPI-AAKASH TELECOM,Shopping & Retail
JD Complex PAYMENT,Shopping & Retail
NEFT-VINOD LAW HOUSE,Shopping & Retail
Basics Life,Shopping & Retail
POS DEBIT THEOPHILE,Shopping & Retail
UPI-AKKILETTU STORES,Shopping & Retail
Patel & Co. PAYMENT,Shopping & Retail
NEFT-GOOD EARTH,Shopping & Retail
Golden Jewellery,Shopping & Retail
POS DEBIT MODERN BAZAAR EXPRESS,Shopping & Retail
UPI-MOBIKINS,Shopping & Retail
V.I.P Motors PAYMENT,Shopping & Retail
NEFT-NORTHLAND,Shopping & Retail
Mhalakshmi Cloth House,Shopping & Retail
POS DEBIT SAVARIYA FASHIONS,Shopping & Retail
UPI-JAVED HABIB HAIR AND BEAUTY SALON,Shopping & Retail
KPH Flour mill PAYMENT,Shopping & Retail
NEFT-FEMINA FOOTWEARS,Shopping & Retail
Barman Brothers,Shopping & Retail
POS DEBIT S J CASSET SHOP AND STATIONARY,Shopping & Retail
UPI-MARBLE STORES,Shopping & Retail
Kamakshi Jwellers PAYMENT,Shopping & Retail
NEFT-KOZHIKADA,Shopping & Retail
Walia Confectionery and Vegetable,Shopping & Retail
POS DEBIT MAA KAMAKHYA SANITARY AND HARDWARE,Shopping & Retail
UPI-SRI RAJESWARI DEPARTMENTAL STORES,Shopping & Retail
Tasc Laundry PAYMENT,Shopping & Retail
NEFT-GANJARE GARAJ,Shopping & Retail
mozart furniture,Shopping & Retail
POS DEBIT BOMBINO EXPRESS,Shopping & Retail
UPI-PRIYANAKA STATIONERS,Shopping & Retail
Royal Society Super Stores PAYMENT,Shopping & Retail
NEFT-PRINCE OPTICALS,Shopping & Retail
Bharat Bazaar Mall,Shopping & Retail
POS DEBIT THOTTUVA MARKET,Shopping & Retail
UPI-THE CREXTIVES,Shopping & Retail
Suguna Chicken- east fort. PAYMENT,Shopping & Retail
NEFT-KAVITA MOBILES,Shopping & Retail
Kairali Fashion,Shopping & Retail
POS DEBIT R.B. BEAUTICIAN CENTRE,Shopping & Retail
UPI-SHREE MAHALAKSHMI HARDWARE,Shopping & Retail
LeCoco PAYMENT,Shopping & Retail
NEFT-JAY TRAVELS MADHURAM TRAVELS,Shopping & Retail
Champeswar Hata,Shopping & Retail
POS DEBIT A M C MOBILE STORE,Shopping & Retail
UPI-DHEERAJ JEWELLERS,Shopping & Retail
Shoe Carnival PAYMENT,Shopping & Retail
NEFT-CO -OPERATIVE SOCIETY,Shopping & Retail
Riddhi Siddhi Enterprises,Shopping & Retail
POS DEBIT HATIBAGAN,Shopping & Retail
UPI-BEVERAGE OUTLET,Shopping & Retail
Fine Collection PAYMENT,Shopping & Retail
NEFT-TOP SHOP SUPER MARKET,Shopping & Retail
Phoenix Market City Kurla,Shopping & Retail
POS DEBIT ZAIN COMMUNICATIONS,Shopping & Retail
UPI-SILOFFER,Shopping & Retail
ODC PAYMENT,Shopping & Retail
NEFT-BEEF MEAT STORE,Shopping & Retail
Chamundi Wines,Shopping & Retail
"POS DEBIT FISH MARKET, KOZHIKODE",Shopping & Retail
UPI-BUNTY SHOP,Shopping & Retail
Fashion furniture PAYMENT,Shopping & Retail
NEFT-HANS HYUNDAI,Shopping & Retail
ACt cable net works,Shopping & Retail
POS DEBIT CHANDANA MENS WEAR,Shopping & Retail
UPI-KLOVE,Shopping & Retail
amul sagar parlor PAYMENT,Shopping & Retail
NEFT-MUNSHI LAL JEWELLERS,Shopping & Retail
Star Salon,Shopping & Retail
POS DEBIT KRISHNAS,Shopping & Retail
UPI-VIGNESH DIAMONDS,Shopping & Retail
The Amazing Bikes PAYMENT,Shopping & Retail
NEFT-LADY HUB,Shopping & Retail
Pavithra Jewellers,Shopping & Retail
POS DEBIT S & V MEAT SHOP,Shopping & Retail
UPI-CINEKRISHNA MALL,Shopping & Retail
Matha Dressing Shop PAYMENT,Shopping & Retail
NEFT-PAINT STORE,Shopping & Retail
New Radharani Jewellery,Shopping & Retail
POS DEBIT NEELAM COMPUTER BAZAR,Shopping & Retail
UPI-FIRST CRY,Shopping & Retail
Star Tours & Travels PAYMENT,Shopping & Retail
NEFT-HERA STICHING CENTER,Shopping & Retail
Jio service centre,Shopping & Retail
POS DEBIT KAIMALAM VEGETABLES,Shopping & Retail
UPI-BHAVANI HARDWARE,Shopping & Retail
Fashion PAYMENT,Shopping & Retail
NEFT-BAGMAR STORES,Shopping & Retail
Urban Trends,Shopping & Retail
POS DEBIT RAYAMANGALAM GRAMAPANCHAYAT MARKET SHOPPING COMPLEX,Shopping & Retail
UPI-POONOOR MARKET,Shopping & Retail
thrissur travel agency PAYMENT,Shopping & Retail
NEFT-RITESH SUPERMARKET,Shopping & Retail
maajraakudd'aa baajaar,Shopping & Retail
POS DEBIT ZANTUR PAN GUMTI,Shopping & Retail
UPI-LOUNDRY,Shopping & Retail
Centre Commercial E. Leclerc PAYMENT,Shopping & Retail
NEFT-AGMARK EMPORIUM,Shopping & Retail
Ayon computers,Shopping & Retail
POS DEBIT INDBAZAAR,Shopping & Retail
UPI-RUDRA FRESH GROCERY,Shopping & Retail
Twins super shoppe PAYMENT,Shopping & Retail
NEFT-SWEETBAY HYPERMARKET,Shopping & Retail
Meena Market,Shopping & Retail
POS DEBIT KANAPPILLY SORES,Shopping & Retail
UPI-AURIC WORLD SPA,Shopping & Retail
bhavani departmental store PAYMENT,Shopping & Retail
NEFT-MANI MALIGAI STORE,Shopping & Retail
Mariyamma General Store,Shopping & Retail
POS DEBIT HABEEBA,Shopping & Retail
UPI-MULAMTHANATHU STORES,Shopping & Retail
Pallipattu Stores PAYMENT,Shopping & Retail
NEFT-APP STORE,Shopping & Retail
United Colors of Benetton,Shopping & Retail
POS DEBIT SREEKRISHNA WOOD INDUSTRIES,Shopping & Retail
UPI-BHARATH CYCLE CENTRE,Shopping & Retail
Sachin Genral store PAYMENT,Shopping & Retail
NEFT-JEEMONTE KADA,Shopping & Retail
D.D. OPTICALS,Shopping & Retail
POS DEBIT SHRIOMKAR JEWELLERS,Shopping & Retail
UPI-KJ JOSEPH,Shopping & Retail
SN Centre PAYMENT,Shopping & Retail
NEFT-AMBIKA FOOT WEAR,Shopping & Retail
Lee Cooper,Shopping & Retail
POS DEBIT KOLKATA LEATHERS,Shopping & Retail
UPI-SUBHA DRY CLEANERS,Shopping & Retail
Kulabi Store PAYMENT,Shopping & Retail
NEFT-NAVAJEEVANA,Shopping & Retail
Sree Bhadra Sports Gallery,Shopping & Retail
POS DEBIT FATHIMA FASHIONS,Shopping & Retail
UPI-REBEL SOUL TATTOO STUDIO,Shopping & Retail
KANZ PAYMENT,Shopping & Retail
NEFT-ANIRUDHA,Shopping & Retail
Sri Lakshmi Garden,Shopping & Retail
POS DEBIT GUPTA PROVISIONS,Shopping & Retail
UPI-AVANTHIKA BEAUTYSPOT,Shopping & Retail
Nellimoodu margin free supermarket PAYMENT,Shopping & Retail
NEFT-KAS COMPLEX,Shopping & Retail
Trends shopping complex,Shopping & Retail
POS DEBIT BAPU BAZAR,Shopping & Retail
UPI-SUPPLYCO OUTLET,Shopping & Retail
Zain Ladies Beauty Studio PAYMENT,Shopping & Retail
"NEFT-MARKET, KUDASSANAD",Shopping & Retail
Sree Srinivasa Glass & Plywoods,Shopping & Retail
POS DEBIT MAHALAXMI MEDICAL AND GENERAL STORE,Shopping & Retail
UPI-ALIF TOURS AND TRAVELS,Shopping & Retail
lekshmi furniture store PAYMENT,Shopping & Retail
NEFT-DEVI JEWELLERS,Shopping & Retail
Kumawat Garments,Shopping & Retail
POS DEBIT MUNDAKAYAM VEGETABLES,Shopping & Retail
UPI-ONE STOP SHOP,Shopping & Retail
Aanjaneya Pazhamudir Nilayam PAYMENT,Shopping & Retail
NEFT-RAYMOND SHOP,Shopping & Retail
Shehzadi,Shopping & Retail
POS DEBIT CISONS COMPLEX,Shopping & Retail
UPI-BEAUTY SALOON & SPA,Shopping & Retail
Mevada ladies footware PAYMENT,Shopping & Retail
NEFT-AVADH TRADERS,Shopping & Retail
Swarna Plaza,Shopping & Retail
POS DEBIT NEERUS,Shopping & Retail
UPI-MOUNTAIN VALLEY TEA SHOP,Shopping & Retail
CKG Complex PAYMENT,Shopping & Retail
NEFT-OONNUKAL MARKET,Shopping & Retail
Valakalil Stores,Shopping & Retail
POS DEBIT FLY WORLD,Shopping & Retail
UPI-FRANCIS SUPERMARKET,Shopping & Retail
Hi-Tech PAYMENT,Shopping & Retail
NEFT-HOME IMPROVEMENT STORE.NAAJMUL PRDAA GYAALAARII,Shopping & Retail
Haiko Supermarket,Shopping & Retail
POS DEBIT CHOICE READYMADES PONNANI,Shopping & Retail
UPI-PRABHU KIRANA,Shopping & Retail
Koduvally jewelers PAYMENT,Shopping & Retail
NEFT-AKSHAYA BOOK CENTRE,Shopping & Retail
Mahindra SUV showroom,Shopping & Retail
POS DEBIT PADY,Shopping & Retail
UPI-PANKAJ JEWELLERS,Shopping & Retail
New Hair Styles PAYMENT,Shopping & Retail
NEFT-BLOCK THALA MARKET,Shopping & Retail
romanzia,Shopping & Retail
POS DEBIT SULABHA,Shopping & Retail
UPI-LUVDEW,Shopping & Retail
Hotel Abc Reidency Plaza PAYMENT,Shopping & Retail
NEFT-APSARA TEXTILES,Shopping & Retail
jinaat ciken shp,Shopping & Retail
POS DEBIT MAYUR HAIR SALOON,Shopping & Retail
UPI-LIBAS COLLECTION,Shopping & Retail
Aurora Thai PAYMENT,Shopping & Retail
NEFT-SHRI MAHALAKSHMI BANGLES & GIFT CENTER,Shopping & Retail
Feather light furnitures,Shopping & Retail
POS DEBIT LENZKARE,Shopping & Retail
UPI-BIG CINEMAS JHAJJAR,Shopping & Retail
Papergrid PAYMENT,Shopping & Retail
NEFT-NITHYANANDA TEXTILES AND AUDITORIUM,Shopping & Retail
Aishwarya Silks,Shopping & Retail
POS DEBIT GUJARAT HANDICRAFTS,Shopping & Retail
UPI-TNT MENS WEAR,Shopping & Retail
Powath Jewellers PAYMENT,Shopping & Retail
NEFT-S D PAWAR,Shopping & Retail
Soham Ladies Shopee,Shopping & Retail
POS DEBIT LEVINSOFT COMPUTER CENTER AGATTI,Shopping & Retail
UPI-CAMEL MARKET,Shopping & Retail
TTD Function Hall;Rythu Bazaar PAYMENT,Shopping & Retail
NEFT-BARKAT CLOTH HOUSE,Shopping & Retail
Laxmi Mutton Shop,Shopping & Retail
POS DEBIT EXPERT COMPUTER CENTRE,Shopping & Retail
UPI-SHREE GANGA OPTICIANS,Shopping & Retail
RUCHI CLOTHES PAYMENT,Shopping & Retail
NEFT-GOKULAM STORES,Shopping & Retail
Kesanakurrupalem Market,Shopping & Retail
POS DEBIT DEVI TEXTILES,Shopping & Retail
UPI-MK AHMED BAZAR,Shopping & Retail
CHICKEN Store PAYMENT,Shopping & Retail
NEFT-NADAN VEGETABLE & FRUITS,Shopping & Retail
Titan Eyeplus,Shopping & Retail
POS DEBIT JAIN GANESH AND SONS,Shopping & Retail
"UPI-SHINE FRUIT CENTER, VAZHAKULAM",Shopping & Retail
Sai Kirpa Medicos PAYMENT,Shopping & Retail
NEFT-QUICK CLEAN,Shopping & Retail
Levi Jeans,Shopping & Retail
POS DEBIT FASHION VASTHRA,Shopping & Retail
UPI-PAK MAHRIEN,Shopping & Retail
A.R.TRADING CONCERN PAYMENT,Shopping & Retail
NEFT-PINNACLE HYUNDAI,Shopping & Retail
Deena Garments Tirupur Cotton Export Goods,Shopping & Retail
POS DEBIT COMPUTERISED KEYS LOCKSMITH,Shopping & Retail
UPI-PARAM PAWAN MINI SHOPPING MALL,Shopping & Retail
Mandy's Food Store Icecreams Chocolates Cold Drinks PAYMENT,Shopping & Retail
NEFT-ARYA FLOWER ARTS,Shopping & Retail
New Rajhansa Medical,Shopping & Retail
POS DEBIT PONNUR VEGETABLE MARKET,Shopping & Retail
UPI-SHAYORA FOOT WEAR,Shopping & Retail
Savitha Saloon PAYMENT,Shopping & Retail
NEFT-SEEMA CORNER,Shopping & Retail
Attitude Parlour & Makeup Studio,Shopping & Retail
POS DEBIT AUTOZONE AUTO MOBILES,Shopping & Retail
UPI-UNIVERSAL,Shopping & Retail
Maa Bhagwati Mart PAYMENT,Shopping & Retail
NEFT-ETHIC ATTIC,Shopping & Retail
Sanika Opticals,Shopping & Retail
POS DEBIT AURA UNISEX SALON,Shopping & Retail
UPI-ALLEN KARANA BOUTIQUE,Shopping & Retail
ottathottathil PAYMENT,Shopping & Retail
NEFT-CRISTAL HYPER MARKET,Shopping & Retail
Juyalukkas,Shopping & Retail
POS DEBIT BABA LOKNATH FURNITURE,Shopping & Retail
UPI-VYGA HAIR CUTTING,Shopping & Retail
Mobile Express PAYMENT,Shopping & Retail
NEFT-MAHADEV CHEMIST,Shopping & Retail
Sri Ganganagar sub mandi yard,Shopping & Retail
POS DEBIT NEPALI MARKET PLACE,Shopping & Retail
UPI-AISHWARYA BEAUTY PARLOUR,Shopping & Retail
TNS Jewellers PAYMENT,Shopping & Retail
NEFT-PAGES,Shopping & Retail
M/s Amrit Food,Shopping & Retail
POS DEBIT WELLNESS 24,Shopping & Retail
UPI-CRAFTIZEN FOUNDATION,Shopping & Retail
Droplet wine shop PAYMENT,Shopping & Retail
NEFT-JANAMITRA MEDICALS,Shopping & Retail
Pathiripala Trade Centre,Shopping & Retail
POS DEBIT BEVCO ASHRAMAM,Shopping & Retail
UPI-RCM SWADESHI SUPERMARKET,Shopping & Retail
Mayithara PAYMENT,Shopping & Retail
NEFT-DINESH COLLECTIONS,Shopping & Retail
Roy Infosys & Company,Shopping & Retail
POS DEBIT DELUXE VARIETY CENTER,Shopping & Retail
UPI-MADATHIL CHICKEN CENTER,Shopping & Retail
Shah Complex PAYMENT,Shopping & Retail
NEFT-VAISSNNVII BYUUTTII PAARLR,Shopping & Retail
Fabzee,Shopping & Retail
POS DEBIT NANAKSAR BIKES,Shopping & Retail
UPI-SARITA KIRANA AND GENERAL STORE,Shopping & Retail
Fascino PAYMENT,Shopping & Retail
NEFT-KAILASH BHANDAR,Shopping & Retail
Madena Travels And Mobiles,Shopping & Retail
POS DEBIT SALKKARA,Shopping & Retail
UPI-JIYAS POINT,Shopping & Retail
Baba Patanjali store PAYMENT,Shopping & Retail
NEFT-HARI STORE,Shopping & Retail
Sneha Stores,Shopping & Retail
POS DEBIT HELLO PROVISION STORE,Shopping & Retail
UPI-ZAARA GOLD,Shopping & Retail
Govt. Wine & Beer shop PAYMENT,Shopping & Retail
NEFT-FRIENDS CHICKEN AND FISH STALL,Shopping & Retail
Dear N Near Furniture Store,Shopping & Retail
POS DEBIT S.R.V VEGETABLE AND FRUITS,Shopping & Retail
UPI-RELIANCE,Shopping & Retail
pretty Petals PAYMENT,Shopping & Retail
NEFT-GLOW IN BEAUTY PARLOUR,Shopping & Retail
Chamayam,Shopping & Retail
POS DEBIT AGNE'S BEAUTY PARLOR,Shopping & Retail
UPI-AL-MADINA DEPARTMENTAL STORE,Shopping & Retail
Vinay Marketing PAYMENT,Shopping & Retail
NEFT-WE ONE STORE,Shopping & Retail
Mahalakshmi Silks and Josco Jeweller,Shopping & Retail
POS DEBIT F COLLECTION,Shopping & Retail
UPI-PUTHUMARAN,Shopping & Retail
Meera's PAYMENT,Shopping & Retail
NEFT-DEV STATIONARY,Shopping & Retail
garaimari,Shopping & Retail
POS DEBIT NEW NERUPAMA JEWELLERS,Shopping & Retail
UPI-LIBAS,Shopping & Retail
Mix N Match PAYMENT,Shopping & Retail
NEFT-ALIF SUPERMARKET KAVANOOR,Shopping & Retail
E- GIFT STORE,Shopping & Retail
POS DEBIT STATIONERY PALACE,Shopping & Retail
UPI-ORPHANAGE MARKET,Shopping & Retail
New Chinoy's Marketing PAYMENT,Shopping & Retail
NEFT-BENISON,Shopping & Retail
Shri Shidhi Vinayak Jwellers,Shopping & Retail
POS DEBIT MUTHUMANIKAM CYCLE STORE,Shopping & Retail
UPI-M.S. FOOTWEAR,Shopping & Retail
"Mariya Stores, Chakkaraparambu PAYMENT",Shopping & Retail
NEFT-THARAVADU TODDY SHOP,Shopping & Retail
Antegra,Shopping & Retail
POS DEBIT FAB INIDA,Shopping & Retail
UPI-NR TRADERS,Shopping & Retail
Tondon's Store PAYMENT,Shopping & Retail
NEFT-BISMI STORES,Shopping & Retail
Athena Travels,Shopping & Retail
POS DEBIT SHANKAR PARVATI COLLECTION,Shopping & Retail
UPI-GEEYEM MOTORS-PUZHAKKAL,Shopping & Retail
Chattas PAYMENT,Shopping & Retail
NEFT-KOTTAYIL FURNITURES,Shopping & Retail
Diamond collection,Shopping & Retail
POS DEBIT VINOD STORES,Shopping & Retail
UPI-WEDDING HUB,Shopping & Retail
Krishna Wool PAYMENT,Shopping & Retail
NEFT-BATA SHOES,Shopping & Retail
Racket Kart,Shopping & Retail
POS DEBIT DOLFHI BEAUTY PARLOUR,Shopping & Retail
UPI-THE HIDDEN LEAF,Shopping & Retail
Vasant Motors PAYMENT,Shopping & Retail
NEFT-SPOTLIGHT FASHION,Shopping & Retail
AM Hardware,Shopping & Retail
POS DEBIT JEWELS NAKSHATRA BEAUTY PARLOUR,Shopping & Retail
UPI-SRI BALAJI KIRANA,Shopping & Retail
Kisan Supermarket PAYMENT,Shopping & Retail
NEFT-PRIYANKA MOBILE,Shopping & Retail
Irish Garments,Shopping & Retail
POS DEBIT BUTTERFLY STICHING CENTRE,Shopping & Retail
UPI-KOLLAM MARKET,Shopping & Retail
yuga travels PAYMENT,Shopping & Retail
NEFT-PP JEWELLERS,Shopping & Retail
Dhaatu,Shopping & Retail
POS DEBIT PINGO'S TRADERS,Shopping & Retail
UPI-PLAYERS,Shopping & Retail
MAB PAYMENT,Shopping & Retail
NEFT-TIBETIAN MARKET,Shopping & Retail
Karachiwala Departmental stores,Shopping & Retail
POS DEBIT MATA FISH CHICKEN & VEG,Shopping & Retail
UPI-ADICHILAMAKKAL STORES,Shopping & Retail
Karisma Kirana PAYMENT,Shopping & Retail
NEFT-49 SHAKES,Shopping & Retail
Padmawati Garments,Shopping & Retail
POS DEBIT NJ JEWELLERS,Shopping & Retail
UPI-ZAROO COMPLEX,Shopping & Retail
Venus Hardware Store PAYMENT,Shopping & Retail
NEFT-JAZZY TRENDS,Shopping & Retail
AK 47,Shopping & Retail
POS DEBIT OLD KADAVANTHRA MARKET,Shopping & Retail
UPI-SATYA DEV AUTO STORES,Shopping & Retail
Ganga palahata unit PAYMENT,Shopping & Retail
NEFT-MR GROCERY STORE,Shopping & Retail
Nemichand,Shopping & Retail
POS DEBIT NEHDA SUPERMARKET,Shopping & Retail
UPI-STATIONARY STORE,Shopping & Retail
Top Ten PAYMENT,Shopping & Retail
NEFT-LAHARI BOUTIQUES,Shopping & Retail
veena jewellery,Shopping & Retail
POS DEBIT SAYA FURNITURE STORE,Shopping & Retail
UPI-SPLASH FANCY AND GIFT CENTRE,Shopping & Retail
Anika Store PAYMENT,Shopping & Retail
NEFT-OUR LADY FASHIONS,Shopping & Retail
Brahmasri Condiments,Shopping & Retail
POS DEBIT PATHANJALI STORE,Shopping & Retail
UPI-NANDITA ROADLINES,Shopping & Retail
Denim Clothes PAYMENT,Shopping & Retail
NEFT-GANESH FRUIT JUICE CENTER,Shopping & Retail
Ashok Textiles,Shopping & Retail
POS DEBIT GANGAR SUPERMARKET,Shopping & Retail
UPI-NOORIE WEDDING SHOP,Shopping & Retail
Pradeep Store PAYMENT,Shopping & Retail
NEFT-JAYLAXMI GARMENTS & SAREE CENTRE,Shopping & Retail
Deen Shoping,Shopping & Retail
POS DEBIT JAIPUR TEXTILE TRADERS,Shopping & Retail
UPI-AMMAN MALIGAI GROCERY SHOP,Shopping & Retail
indus motors PAYMENT,Shopping & Retail
NEFT-MAYAPUR BAZAAR,Shopping & Retail
raju pustak bhandar,Shopping & Retail
POS DEBIT NARAYAN OPTICAL & OPTOMETRY CLINIC,Shopping & Retail
UPI-CHAANNNAA PIRAAYLR,Shopping & Retail
Matha Bedhome and Furniture PAYMENT,Shopping & Retail
NEFT-SEVANA MEDICINES,Shopping & Retail
Fishland Pet shop,Shopping & Retail
POS DEBIT SANIYA MOTORS,Shopping & Retail
UPI-AMH METALS,Shopping & Retail
Artefacts PAYMENT,Shopping & Retail
NEFT-GURUNANAK CLOTH HOUSE,Shopping & Retail
Shangrilla Beer Parlour,Shopping & Retail
POS DEBIT RAYMOND SHOWROOM,Shopping & Retail
UPI-ANKUSH M. WARANG,Shopping & Retail
G.V. Mall PAYMENT,Shopping & Retail
NEFT-ARMY STATIONARY MART,Shopping & Retail
Rich N Fresh Mart,Shopping & Retail
POS DEBIT PVR ICON,Shopping & Retail
UPI-MOBIHUB,Shopping & Retail
wholesale book store PAYMENT,Shopping & Retail
NEFT-FEROKE FISH MARKET,Shopping & Retail
Mughal art shop,Shopping & Retail
POS DEBIT TOMMY HILFIGER KIDS,Shopping & Retail
UPI-SARAVANA STORES THANGA NAGAI MALIGAI,Shopping & Retail
Fourty 7 Fashion Store PAYMENT,Shopping & Retail
NEFT-MODI DOKAN,Shopping & Retail
Manjushree mobiles and computers,Shopping & Retail
POS DEBIT BOMBAY CLOTH HOUSE,Shopping & Retail
UPI-CEECEE TRAVELS,Shopping & Retail
TASMAC Wine shop PAYMENT,Shopping & Retail
NEFT-HANUMAN HOUSE,Shopping & Retail
Sree Gayatri Kirana And General Store,Shopping & Retail
POS DEBIT JAIKA MOTORS,Shopping & Retail
UPI-SUIT LINING CENTRE,Shopping & Retail
hero plywood PAYMENT,Shopping & Retail
NEFT-VENGALATHU TRADERS,Shopping & Retail
Gopikas Mega Mart,Shopping & Retail
POS DEBIT P-MART,Shopping & Retail
UPI-PARADISE HAIR SALON,Shopping & Retail
Krishna Hair Dresser PAYMENT,Shopping & Retail
NEFT-SHAH CONFECTIONARY AND DAILY NEEDS,Shopping & Retail
Store,Shopping & Retail
POS DEBIT SPEX,Shopping & Retail
UPI-CROWN DRINKS AKA CROWN TASTE DROPS PVT LTD,Shopping & Retail
MSIL MRP Liquor Shop PAYMENT,Shopping & Retail
NEFT-MSBK GLASS AND HARDWARE,Shopping & Retail
vrmhaalkssmi,Shopping & Retail
POS DEBIT MENSSTYLE,Shopping & Retail
UPI-SRI BALAJI SUPERMARKET,Shopping & Retail
Juice Junction PAYMENT,Shopping & Retail
NEFT-SAYED COMPUTER KHURAI,Shopping & Retail
Bro Hood,Shopping & Retail
POS DEBIT NEW SUPERMARKET,Shopping & Retail
UPI-LIQUOR BOTIQUE,Shopping & Retail
Karnad Fish Market PAYMENT,Shopping & Retail
NEFT-TOSSIDO,Shopping & Retail
Sarathy motors,Shopping & Retail
POS DEBIT LOT MOBILES,Shopping & Retail
UPI-ARB FOOTWEAR,Shopping & Retail
Kunjalata Traders PAYMENT,Shopping & Retail
NEFT-SHAHI STORE,Shopping & Retail
Sanjeet richarge,Shopping & Retail
POS DEBIT CHAKKAPPANPADI VEGETABLE SHOP,Shopping & Retail
UPI-NANDANA FANCY AND FOOT WEAR,Shopping & Retail
SIT Xerox Shop PAYMENT,Shopping & Retail
NEFT-SHIVAM COMPUTER & STATIONERS,Shopping & Retail
Kasavu Kada,Shopping & Retail
POS DEBIT REYANSHA,Shopping & Retail
UPI-SOORYA CARS,Shopping & Retail
Raj Xerox PAYMENT,Shopping & Retail
NEFT-SKANDA FASHIONS,Shopping & Retail
Mayur Steel,Shopping & Retail
POS DEBIT APMC GAURIBIDANURU,Shopping & Retail
UPI-FLOWERS & VEGETABLES MARKET,Shopping & Retail
Ramachandran Handloom PAYMENT,Shopping & Retail
NEFT-BHARUCH TOLL BOTH,Shopping & Retail
Rahees Hair Studio,Shopping & Retail
POS DEBIT DANUBE HINDWARE,Shopping & Retail
UPI-MANNARAKULANJI MARKET,Shopping & Retail
Center Square Mall PAYMENT,Shopping & Retail
NEFT-LOKENATH MEAT SHOP,Shopping & Retail
repair motors & mixi,Shopping & Retail
POS DEBIT MRK TEXTILES,Shopping & Retail
UPI-MEDICAL STORE,Shopping & Retail
Ajanta PAYMENT,Shopping & Retail
NEFT-AKK BOOKS,Shopping & Retail
"S.S Smokeless Oven,Tholady",Shopping & Retail
POS DEBIT MAHALAXMI STORES,Shopping & Retail
UPI-DIPAYAN STORE,Shopping & Retail
Amrit Furniture store PAYMENT,Shopping & Retail
NEFT-DJ HAIR SALON,Shopping & Retail
Asian Mart,Shopping & Retail
POS DEBIT HASHO,Shopping & Retail
UPI-SAVE MART,Shopping & Retail
G Store PAYMENT,Shopping & Retail
NEFT-FARM FRESH FRUITS AND VEGETABLES,Shopping & Retail
Maththiya Kaaikari Angaadi,Shopping & Retail
POS DEBIT VIKAS EMPORIUM,Shopping & Retail
UPI-CEMENT SHOP.,Shopping & Retail
Kaassim store PAYMENT,Shopping & Retail
NEFT-SHREE VENKATESHWARA TRADERS,Shopping & Retail
Sri Vasavi,Shopping & Retail
POS DEBIT GODREJ INTERIO,Shopping & Retail
UPI-HARDWARE STORE,Shopping & Retail
New Mementos India PAYMENT,Shopping & Retail
NEFT-R R STORES,Shopping & Retail
Hasiru Thota,Shopping & Retail
POS DEBIT LEKHRAJ NAGINA,Shopping & Retail
UPI-HEGDE STORES,Shopping & Retail
N R Stores PAYMENT,Shopping & Retail
NEFT-BHARAT MEDICALS AND GENERAL STORES,Shopping & Retail
studd gents ware,Shopping & Retail
POS DEBIT CORNER FRUITS AND VEGETABLES,Shopping & Retail
UPI-EXOUT,Shopping & Retail
Banik Dresses PAYMENT,Shopping & Retail
NEFT-KELUVETTAN PEEDIKA,Shopping & Retail
Uzhavar Santhai (Lawspet),Shopping & Retail
POS DEBIT URS CAR,Shopping & Retail
UPI-SAI KRUPA JEWELLERS,Shopping & Retail
Fish and Poultry Market PAYMENT,Shopping & Retail
NEFT-MEDZIPHE MARKET,Shopping & Retail
Kapoor Fashion Zone,Shopping & Retail
POS DEBIT BOUNCE SALON,Shopping & Retail
UPI-YARA UNISEX SALON,Shopping & Retail
CHATTARAJ BOOK HOUSE PAYMENT,Shopping & Retail
NEFT-SANTRAM VEGETABLE MARKET,Shopping & Retail
Sri Vigneshwara Cyber Zone,Shopping & Retail
POS DEBIT COORG PRODUCTS,Shopping & Retail
UPI-BD STATIONERY AND PRINTOUT,Shopping & Retail
Mahalakshmi Wines PAYMENT,Shopping & Retail
NEFT-TARA CHICKEN HOUSE,Shopping & Retail
Airtel office,Shopping & Retail
POS DEBIT ROYAL DESIGNER COLLECTION,Shopping & Retail
UPI-LONDON LINE FURNISHINGS,Shopping & Retail
Hill Bike PAYMENT,Shopping & Retail
NEFT-SCISSOR FIGHT HAIR CUTTING SALOON,Shopping & Retail
Jenifer computer center,Shopping & Retail
POS DEBIT GIFT DUTY PAID,Shopping & Retail
UPI-GJAANN KESH KRTNAALY,Shopping & Retail
BALLE BALLE MULTI STORE PAYMENT,Shopping & Retail
NEFT-UNIVERSAL TRADERS,Shopping & Retail
Laboratory Equipment Stores,Shopping & Retail
POS DEBIT KARTHIKA AIR TRAVELS AND BOOK DEPOT,Shopping & Retail
UPI-EYE LASH BEAUTY PARLOUR,Shopping & Retail
Mannarakulanji market PAYMENT,Shopping & Retail
NEFT-M/D ENTERPRISES,Shopping & Retail
Eva Collections,Shopping & Retail
POS DEBIT MAYOORA TEXTILES,Shopping & Retail
UPI-KRUPA JWHEELERS,Shopping & Retail
Nails Mantra PAYMENT,Shopping & Retail
NEFT-SIVAJYOTHI SHOPPING MALL,Shopping & Retail
KANDALA MARKET,Shopping & Retail
POS DEBIT MAYILPEELI COLLECTIONS,Shopping & Retail
"UPI-PUBLIC MARKET,CHERUVALLIMUKKU",Shopping & Retail
Curl On Curtain Craze Mir Building PAYMENT,Shopping & Retail
NEFT-KANDAKOOR MALL,Shopping & Retail
Jaypees Weigh Bridge,Shopping & Retail
POS DEBIT TUFAN CYCLE SHOP,Shopping & Retail
UPI-DRESS LAND,Shopping & Retail
Reliance hypermarket PAYMENT,Shopping & Retail
"NEFT-ILLIPARAMBIL TEXTILES,OONNUKAL",Shopping & Retail
irumbuzhi shop,Shopping & Retail
POS DEBIT SHREE SADGURU KIRANA AND GENERAL STORE,Shopping & Retail
UPI-WESTSIDE'S,Shopping & Retail
Brothers store PAYMENT,Shopping & Retail
NEFT-CUTEX BEAUTY PARLOUR,Shopping & Retail
Sawant Stores,Shopping & Retail
POS DEBIT SPIRIT JUNCTION,Shopping & Retail
UPI-MP ONLINE,Shopping & Retail
Malayalam Textiles PAYMENT,Shopping & Retail
NEFT-SIOTIA HARDWARE & ENGINEERING,Shopping & Retail
Mahindra Tractor - Lucky Automobiles,Shopping & Retail
POS DEBIT H13 STORE,Shopping & Retail
UPI-AMUL STORE,Shopping & Retail
Sunny Mobile PAYMENT,Shopping & Retail
NEFT-WAYANAD KHADI GRAMAM,Shopping & Retail
sreyas,Shopping & Retail
POS DEBIT JAIN MARKET,Shopping & Retail
UPI-DORABJEES HADAPSAR,Shopping & Retail
Amrapali PAYMENT,Shopping & Retail
NEFT-DIVINE VISION OPTICIANS,Shopping & Retail
Chennai,Shopping & Retail
POS DEBIT VB SRS HYUNDAI,Shopping & Retail
UPI-MAVELI STORES,Shopping & Retail
Avs Traders And Services Private Limited PAYMENT,Shopping & Retail
NEFT-LIFECYCLE,Shopping & Retail
Saravana Stores Elite Diamonds,Shopping & Retail
POS DEBIT UTTARAKHAND TRADERS,Shopping & Retail
UPI-LONI MARKET AATHVDE BAJAR.,Shopping & Retail
mayoori supermarket PAYMENT,Shopping & Retail
NEFT-ASAS ZAPATOS,Shopping & Retail
Jeneth Motors,Shopping & Retail
POS DEBIT MADATHIL STORE,Shopping & Retail
UPI-KADAVATH TEXTILES,Shopping & Retail
Reliance Digital Electronic Store PAYMENT,Shopping & Retail
NEFT-LAXMI STORE,Shopping & Retail
Gopal Stores,Shopping & Retail
POS DEBIT VATTAYATHU SUPERMARKET,Shopping & Retail
UPI-APNE WAALE,Shopping & Retail
Ration Shop Peringome PAYMENT,Shopping & Retail
NEFT-VIJAY CLOTH STORE,Shopping & Retail
Joy Maa Tara Bastraloy,Shopping & Retail
POS DEBIT KRISHNA DEPARMENT STORE,Shopping & Retail
UPI-NATIONAL CYCLE STORE,Shopping & Retail
abc PAYMENT,Shopping & Retail
NEFT-KALATHIGAL FURITURE,Shopping & Retail
rohan clo,Shopping & Retail
POS DEBIT GOPAL VASTRALAYA,Shopping & Retail
UPI-ONION MARKETYARD,Shopping & Retail
Top Scissor Saloon PAYMENT,Shopping & Retail
NEFT-SHAJI COOL BAR,Shopping & Retail
Mahalaxmi Co-Operative Society,Shopping & Retail
POS DEBIT SABUS STATIONERY,Shopping & Retail
UPI-HANUMAN TRAVELS,Shopping & Retail
Sreena Medicals PAYMENT,Shopping & Retail
NEFT-HEZA GOLD,Shopping & Retail
Computer sales and services,Shopping & Retail
POS DEBIT A1 POWER TOOLS AND HARDWARE,Shopping & Retail
UPI-ANSAL PLAZA;BASANT,Shopping & Retail
Mangalam Store PAYMENT,Shopping & Retail
NEFT-JIOMART,Shopping & Retail
Jees hairdresser,Shopping & Retail
POS DEBIT BANASHEE COMPUTERS,Shopping & Retail
UPI-AAYUSH TOUR TRAVEL,Shopping & Retail
RK Jewels PAYMENT,Shopping & Retail
NEFT-RED MART,Shopping & Retail
Quality group,Shopping & Retail
POS DEBIT ANGEL DRESSES,Shopping & Retail
UPI-STANDLY'S SHOP,Shopping & Retail
Sardar Jewellers PAYMENT,Shopping & Retail
NEFT-OUTFIT FOR MEN,Shopping & Retail
Wardy & Co,Shopping & Retail
POS DEBIT VISHALA SELECTIONS,Shopping & Retail
UPI-SUPERMARKET PASIGHAT,Shopping & Retail
klaasik kaalekshn PAYMENT,Shopping & Retail
NEFT-B.S. TELESHOP,Shopping & Retail
Oryx Sports,Shopping & Retail
POS DEBIT SRI BALAJI RICE & GENERAL STORE,Shopping & Retail
UPI-VINAY TEA STALL PARASI,Shopping & Retail
Mahalaxmi Sales And Service PAYMENT,Shopping & Retail
NEFT-JOY GURU VARIETY STORES,Shopping & Retail
Laxmi,Shopping & Retail
POS DEBIT GOVERNMENT R ATION STORE,Shopping & Retail
UPI-THADATHIL STORES,Shopping & Retail
Alok General Store PAYMENT,Shopping & Retail
NEFT-L. N. SQUARE,Shopping & Retail
Tibetan refugee market,Shopping & Retail
POS DEBIT ZEE SUPER MARKET,Shopping & Retail
UPI-SANJAY FURNITURE AND INTERIOR DESIGNER,Shopping & Retail
R K Complex PAYMENT,Shopping & Retail
NEFT-MODERN FIBER ENTERPRISE,Shopping & Retail
Beer and Wine,Shopping & Retail
POS DEBIT KM FOOTWEAR,Shopping & Retail
UPI-AL-MASS DEPARTMENTAL STIRE,Shopping & Retail
Specsmakers PAYMENT,Shopping & Retail
NEFT-B BLUNT,Shopping & Retail
Nimra Salon,Shopping & Retail
POS DEBIT RIVIERA WINE,Shopping & Retail
UPI-BANGLABARI BAZAR,Shopping & Retail
AGARWAL EMPORIUM PAYMENT,Shopping & Retail
NEFT-GALAXY,Shopping & Retail
Tumble Dry,Shopping & Retail
POS DEBIT THARIQUE FURNITURE,Shopping & Retail
UPI-SAPANA SUPER MARKET,Shopping & Retail
Sai Ram Provisions PAYMENT,Shopping & Retail
NEFT-FANTASY OPTICS,Shopping & Retail
Silkins,Shopping & Retail
POS DEBIT BMRA SABH,Shopping & Retail
UPI-LYNNS,Shopping & Retail
Fair Lands PAYMENT,Shopping & Retail
NEFT-INDUS MOTORS - TRUE VALUE - VENPALAVATTOM,Shopping & Retail
Evening Fish Market,Shopping & Retail
POS DEBIT AMANA,Shopping & Retail
UPI-DIVYA MOBILE SHOP,Shopping & Retail
Shree Ganesh Grocery Store PAYMENT,Shopping & Retail
NEFT-HIGHRANGE SUPERMARKET,Shopping & Retail
Aarya Mart,Shopping & Retail
POS DEBIT THE SAKHI,Shopping & Retail
UPI-S N JUNCTION (S N KVL),Shopping & Retail
Anees Supermarket PAYMENT,Shopping & Retail
NEFT-PADMAVATHI PLAZA,Shopping & Retail
Halal Cold Storage,Shopping & Retail
POS DEBIT GREESHMA TAILORS,Shopping & Retail
UPI-VEGETABLES AND FRHIT SHOP,Shopping & Retail
Kute General Store PAYMENT,Shopping & Retail
NEFT-VENUS BOUTIQUE,Shopping & Retail
Amman Paper Mart,Shopping & Retail
POS DEBIT KSR VEGETABLES,Shopping & Retail
UPI-SARGURU SYSTEMS,Shopping & Retail
Maity Variety Store PAYMENT,Shopping & Retail
NEFT-SHE'S BOUTIQUE,Shopping & Retail
Plywood Center,Shopping & Retail
POS DEBIT GUPTA STATIONERIES,Shopping & Retail
"UPI-TOODY SHOP,CHELERYMUKKU",Shopping & Retail
Rajadhani PAYMENT,Shopping & Retail
NEFT-RAJO STORE,Shopping & Retail
Campus Collection,Shopping & Retail
POS DEBIT FREAKY,Shopping & Retail
UPI-GREEN VALLEY SUPERMARKET,Shopping & Retail
Kerala Handloom and Super Store PAYMENT,Shopping & Retail
NEFT-7 RISHOT,Shopping & Retail
Kaka Jewellers,Shopping & Retail
POS DEBIT SHREE SHYAM HARDWARE,Shopping & Retail
UPI-SOUPARNIKA HOME CENTRE,Shopping & Retail
Mehta Bandhu PAYMENT,Shopping & Retail
NEFT-RATION SHOP KADANKOD,Shopping & Retail
Ann's Garments,Shopping & Retail
POS DEBIT NANDINI CONDIMENTS,Shopping & Retail
UPI-DUDE MENS FASHION,Shopping & Retail
Cover Hi Cover PAYMENT,Shopping & Retail
NEFT-PRINCE MOBILE CARE,Shopping & Retail
triveni supermarket,Shopping & Retail
POS DEBIT FAQIR CHAND & SONS,Shopping & Retail
UPI-BHAVANI BOUTIQUE,Shopping & Retail
Kanchan Jewellers PAYMENT,Shopping & Retail
NEFT-COLOURS EXPRESS MATCHINGS,Shopping & Retail
Paradise Abaya & Sheila,Shopping & Retail
POS DEBIT SREE HARI STORE,Shopping & Retail
UPI-ELAMPALLY MARKET,Shopping & Retail
Butterflies PAYMENT,Shopping & Retail
NEFT-JEBA STORES,Shopping & Retail
Home Depot,Shopping & Retail
POS DEBIT ARS MALL,Shopping & Retail
UPI-BRAND FASHION,Shopping & Retail
peermade beverage PAYMENT,Shopping & Retail
NEFT-RAJA RICE STORE,Shopping & Retail
Medical Store,Shopping & Retail
POS DEBIT SINGH CHICKEN CENTER,Shopping & Retail
UPI-GUDUR MARKET,Shopping & Retail
"Supplyco,Anakkara PAYMENT",Shopping & Retail
NEFT-STORE CHIKANKARI,Shopping & Retail
Maruti Nexa,Shopping & Retail
POS DEBIT PERINADU GENERAL STORE,Shopping & Retail
UPI-HKGN POULTRY CENTER,Shopping & Retail
b a motors PAYMENT,Shopping & Retail
NEFT-TANDON'S,Shopping & Retail
Blue ribbon,Shopping & Retail
POS DEBIT PREMIER INDIA BEARINGS LIMITED,Shopping & Retail
UPI-FRESH MART SUPER BAZAR,Shopping & Retail
Meera Computronics PAYMENT,Shopping & Retail
NEFT-LIBERTY HARDWARE,Shopping & Retail
Nisha Stores,Shopping & Retail
POS DEBIT SUNNY SILKS,Shopping & Retail
UPI-RWIN MAKE UP STUDIO,Shopping & Retail
Bliss studio PAYMENT,Shopping & Retail
NEFT-MAVUNGAL FISH MARKET,Shopping & Retail
Baba Dry Cleaners,Shopping & Retail
POS DEBIT MANIKANTA FRUITS,Shopping & Retail
UPI-PMG TRAVELS,Shopping & Retail
khadi shop PAYMENT,Shopping & Retail
NEFT-M R STORE,Shopping & Retail
Reneral Store Raikwar j i,Shopping & Retail
POS DEBIT NADAN STORE,Shopping & Retail
UPI-AMANORA MALL,Shopping & Retail
North India Mall PAYMENT,Shopping & Retail
NEFT-BARANWAL VASTRALAYA,Shopping & Retail
Bansal Mall,Shopping & Retail
POS DEBIT JON-RON LIQUOR STOP,Shopping & Retail
UPI-PRETTY QUEEN,Shopping & Retail
Retro mobiles PAYMENT,Shopping & Retail
NEFT-MARUTI KUNJ MARKET,Shopping & Retail
Mutton and Chicken Stall,Shopping & Retail
POS DEBIT POLICE LINE,Shopping & Retail
UPI-HIND FARMS,Shopping & Retail
Rohit Vegetables And General Store PAYMENT,Shopping & Retail
NEFT-RAMA TOUR & TRAVELS,Shopping & Retail
anantha book shop,Shopping & Retail
POS DEBIT G'SONS,Shopping & Retail
UPI-SOHAM COLLECTIONS,Shopping & Retail
sarees shop PAYMENT,Shopping & Retail
NEFT-NANMA S T KUDUMBASREE TRIBAL PRODUCTS,Shopping & Retail
Rossella,Shopping & Retail
POS DEBIT POTTACKAL STORES,Shopping & Retail
UPI-HENA BEAUTY CLINIC,Shopping & Retail
Munna Karyana Store PAYMENT,Shopping & Retail
NEFT-RACHANA STORE,Shopping & Retail
Zac enterprises,Shopping & Retail
POS DEBIT BAJORIA MARKET,Shopping & Retail
UPI-SHAWLI,Shopping & Retail
trendz gents beauty parlour PAYMENT,Shopping & Retail
NEFT-DURGA HAIRCUT,Shopping & Retail
Nexus Solutions,Shopping & Retail
POS DEBIT THADDATHIL STORES,Shopping & Retail
UPI-GURU PRAKASH,Shopping & Retail
Girija Jewellers PAYMENT,Shopping & Retail
NEFT-KUNJU'S BEAUTY PARLOUR,Shopping & Retail
Green Vegetables shop,Shopping & Retail
POS DEBIT JOSE CABRAL'S CYCLE AND FITNESS GALLERY,Shopping & Retail
UPI-NET CITY,Shopping & Retail
Baba Travel Agency PAYMENT,Shopping & Retail
NEFT-CONFIDENT SQUARE MALL,Shopping & Retail
Eram Motors,Shopping & Retail
POS DEBIT SIDDHI GEMS,Shopping & Retail
UPI-POLARIS INFOTECH,Shopping & Retail
Ranipet Primary Co-Op Store PAYMENT,Shopping & Retail
NEFT-STAR PRINTS,Shopping & Retail
REOZA BEAUTY PARLOUR,Shopping & Retail
POS DEBIT MNP CENTER,Shopping & Retail
UPI-RATION SHOP MUNGATHARA KAVALA,Shopping & Retail
Arun Enterprises PAYMENT,Shopping & Retail
NEFT-SHOE ZONE,Shopping & Retail
D Zone,Shopping & Retail
POS DEBIT SUNRAY ENTERPRISES,Shopping & Retail
UPI-SHETTY,Shopping & Retail
Sri Balaji Aqua PAYMENT,Shopping & Retail
NEFT-GAJRAJ SHOPEE,Shopping & Retail
Imperial Blue,Shopping & Retail
POS DEBIT SWARNA JEWELRY,Shopping & Retail
UPI-SEASONS TEXTILES,Shopping & Retail
Raisa Fashion Palace PAYMENT,Shopping & Retail
NEFT-SREE STATIONARY SHOP,Shopping & Retail
Tata Docomo Brand Store,Shopping & Retail
POS DEBIT INDRANI COMMUNICATION,Shopping & Retail
UPI-BLUE LADY,Shopping & Retail
Family Mart India PAYMENT,Shopping & Retail
NEFT-APPEARANCE HAIR & BEAUTY SALON,Shopping & Retail
Sulthan Diamonds & Gold,Shopping & Retail
POS DEBIT EXPERIA MOBILES,Shopping & Retail
UPI-NISSAN MOTORS,Shopping & Retail
Cane Craft Furniture PAYMENT,Shopping & Retail
NEFT-ELITE COMPUTER SYSTEMS,Shopping & Retail
Shama collections,Shopping & Retail
POS DEBIT FEEL CUTE,Shopping & Retail
UPI-TIME TO TRAVEL,Shopping & Retail
dinesh hardwares PAYMENT,Shopping & Retail
NEFT-KALYAN HYPERMARKET;KARTHYAYANI NURSING HOME,Shopping & Retail
SSN Rice Mandi,Shopping & Retail
POS DEBIT CHEVOOR ANCHAMKALLU,Shopping & Retail
UPI-TECH & TREATS,Shopping & Retail
toddy shop PAYMENT,Shopping & Retail
NEFT-RADHIKA FASHION,Shopping & Retail
s and s,Shopping & Retail
POS DEBIT INTERNET CAFE CYBER ZONE,Shopping & Retail
UPI-JOT TELECOM,Shopping & Retail
Gogia Furnishers PAYMENT,Shopping & Retail
NEFT-VIMAL'S SUITING,Shopping & Retail
Yukta Fashions,Shopping & Retail
POS DEBIT ATHUL AGENCY,Shopping & Retail
UPI-INDU PINTO'S HAIR N BEAUTY SALON,Shopping & Retail
Hi Stationery PAYMENT,Shopping & Retail
"NEFT-BENZO, SALON AND SPA",Shopping & Retail
jama furniture,Shopping & Retail
POS DEBIT LEPCY,Shopping & Retail
UPI-HARSHA AND RAKESH,Shopping & Retail
FRESH MEN BEAUTY PAYMENT,Shopping & Retail
NEFT-MINNUS,Shopping & Retail
KKT Wholesale floth merchant,Shopping & Retail
POS DEBIT FEET MART,Shopping & Retail
UPI-SAI GANESH GENERAL STORES,Shopping & Retail
Fashion tex PAYMENT,Shopping & Retail
NEFT-MODERN TRADING CENTER,Shopping & Retail
H&C Books,Shopping & Retail
POS DEBIT MEAT CENTER,Shopping & Retail
UPI-GURU NANAK GENERAL STORE,Shopping & Retail
Nail Galaxy PAYMENT,Shopping & Retail
NEFT-RASTOGI FOOTWEAR,Shopping & Retail
Lakshmi Hyundai,Shopping & Retail
POS DEBIT SWARAJ HAIRDRESSER,Shopping & Retail
UPI-SABU'S VEGETABLE STORE,Shopping & Retail
KO Abraham PAYMENT,Shopping & Retail
NEFT-NEW CHOICE,Shopping & Retail
Vijay Stationary & General Stores,Shopping & Retail
POS DEBIT A+VE LAPTOP SOLUTIONS,Shopping & Retail
UPI-USHASS,Shopping & Retail
Burhani industrial solutions PAYMENT,Shopping & Retail
NEFT-SONU GENERAL STORE,Shopping & Retail
Tiana jewelery,Shopping & Retail
POS DEBIT MATHA STORE,Shopping & Retail
UPI-JOS JEWELLERY,Shopping & Retail
RK BAZZAR PAYMENT,Shopping & Retail
NEFT-BALAJI STATIONERY,Shopping & Retail
ELIZIYA,Shopping & Retail
POS DEBIT M. J. T. VEGETABLES & FRUITS MERCHANTS,Shopping & Retail
UPI-NAYAK CHICKEN AND MEAT SHOP,Shopping & Retail
Radha Krishna Jewelry house PAYMENT,Shopping & Retail
NEFT-VARIETY CHICKEN CENTER,Shopping & Retail
JINTU ENTERPREISE,Shopping & Retail
POS DEBIT KERALA STATE POTHUVIDHARANA KENDRAM,Shopping & Retail
UPI-MIR,Shopping & Retail
M brands PAYMENT,Shopping & Retail
NEFT-SREELEKSHMI AND GARMENTS,Shopping & Retail
Mallya Enterprises,Shopping & Retail
POS DEBIT IK ONKAR RCM PUC,Shopping & Retail
UPI-PREMIUM PRE-OWNED CARS,Shopping & Retail
Studio11 Spa PAYMENT,Shopping & Retail
NEFT-CH NAGAR,Shopping & Retail
Parivartan Hair Saloon,Shopping & Retail
POS DEBIT MALIK LIFAFA DISPOSABLE STORE,Shopping & Retail
UPI-NOOR ABDUL GAFFOOR & SONS,Shopping & Retail
Thayil traders PAYMENT,Shopping & Retail
NEFT-ANNA STORE,Shopping & Retail
Nataraj Saloon,Shopping & Retail
POS DEBIT ULTRATECH IT HUB,Shopping & Retail
UPI-BLUEBERRY WINES,Shopping & Retail
Ankush Walia PAYMENT,Shopping & Retail
NEFT-TODDLERS RETAIL INDIA,Shopping & Retail
vishvakrma mall,Shopping & Retail
POS DEBIT CORPORATION BUTCHER SHOP,Shopping & Retail
UPI-TAJ TOUR AND TRAVELS,Shopping & Retail
Elite Machine Tools PAYMENT,Shopping & Retail
NEFT-STATIONARY SHOP,Shopping & Retail
T S Store,Shopping & Retail
POS DEBIT HOLIDAY FREAKERS,Shopping & Retail
UPI-NOORA TRAVELS,Shopping & Retail
Devi Stores PAYMENT,Shopping & Retail
NEFT-KSIS FASHIONS,Shopping & Retail
Dhama Saree Center,Shopping & Retail
POS DEBIT HI TECH MOBILE WORLD,Shopping & Retail
UPI-IBIZ - APPLE AUTHORIZED RESELLER,Shopping & Retail
English Wines PAYMENT,Shopping & Retail
NEFT-UMATIICS,Shopping & Retail
Majestic Communication,Shopping & Retail
POS DEBIT SAREENIKETRHAN SHOPPING MALL,Shopping & Retail
UPI-THE BOOKHIVE,Shopping & Retail
Westside Mall PAYMENT,Shopping & Retail
NEFT-MAULI BAZAR,Shopping & Retail
The Cuts & Curls Salon,Shopping & Retail
POS DEBIT VERNEKAR JEWELLERY WORKSHOP,Shopping & Retail
UPI-DARSHAN TRADERS,Shopping & Retail
Sai General Stores PAYMENT,Shopping & Retail
NEFT-SHOBHAS MAKEOVER STUDIO,Shopping & Retail
Kiah Jewelers,Shopping & Retail
POS DEBIT COMBONATION,Shopping & Retail
UPI-SKYKAR,Shopping & Retail
Look Salon PAYMENT,Shopping & Retail
NEFT-RAJIV ENTERPRISES,Shopping & Retail
Nails Modification,Shopping & Retail
POS DEBIT KV STORES,Shopping & Retail
UPI-SHANTADURGA GENERAL STORE,Shopping & Retail
Mobile Shop PAYMENT,Shopping & Retail
NEFT-SRI VISHNU CARS,Shopping & Retail
Halal Chicken center,Shopping & Retail
POS DEBIT FRUIT AND VEGETABLE CO-OPERATIVE STORE,Shopping & Retail
UPI-KHUSHI ENTERPRISES,Shopping & Retail
Daily Bazaar PAYMENT,Shopping & Retail
NEFT-CLOTHING ATORE,Shopping & Retail
Barber Shop,Shopping & Retail
POS DEBIT DOUBLE M JEWELLERY,Shopping & Retail
UPI-KVR CARS,Shopping & Retail
Glam Studios PAYMENT,Shopping & Retail
"NEFT-A.R.MOTORS,TOKYO MARKET,CHILANKA JUNCTION,VADANAPALLY",Shopping & Retail
chhabra sports,Shopping & Retail
POS DEBIT AAHAAR SUPERMARKET,Shopping & Retail
UPI-DIANA BEAUTY CLINIC,Shopping & Retail
NEW CHILARAY MEDICOS PAYMENT,Shopping & Retail
NEFT-THEERTHAM,Shopping & Retail
Rathore crockery store,Shopping & Retail
POS DEBIT CHANTHAM,Shopping & Retail
UPI-MEND,Shopping & Retail
New Tanu Soapes & General Stores PAYMENT,Shopping & Retail
NEFT-TIIARA BEAUTY SHOP,Shopping & Retail
Pravasi Stationary Store,Shopping & Retail
POS DEBIT ARYAN ARTICAL,Shopping & Retail
UPI-LALITHAKALA SHOPPING MALL,Shopping & Retail
Ganesh Cloth Store PAYMENT,Shopping & Retail
NEFT-NEELKAMAL MALL,Shopping & Retail
Pooja general store,Shopping & Retail
POS DEBIT SARGAM,Shopping & Retail
UPI-MUNDAKATHIL STORES,Shopping & Retail
Zen Unisex Salon PAYMENT,Shopping & Retail
NEFT-FASHIONISTA,Shopping & Retail
"Ration Shop-18, Zakariya bazar",Shopping & Retail
POS DEBIT GEORGE MALL,Shopping & Retail
UPI-KARMALAYA,Shopping & Retail
Zion Stores PAYMENT,Shopping & Retail
NEFT-MEWARI HOME FURNISHING,Shopping & Retail
Sahani Pan Ghar,Shopping & Retail
POS DEBIT 100,Shopping & Retail
UPI-SAMSUNG CUSTOMER SERVICE,Shopping & Retail
R.T. Shoes PAYMENT,Shopping & Retail
NEFT-OM MANGALA PHALA DOKAN,Shopping & Retail
Laxmi Sports & Toys,Shopping & Retail
POS DEBIT SURABHI MODULES - INTERIOR | FURNITURE,Shopping & Retail
UPI-A.M. MOTORS,Shopping & Retail
SHIVA HARDWARE PAYMENT,Shopping & Retail
NEFT-MAK MALL,Shopping & Retail
Safari Bags,Shopping & Retail
POS DEBIT MALANCHA,Shopping & Retail
UPI-STUDIO 29 HAIR SALON,Shopping & Retail
DAZZLE LOOKS PAYMENT,Shopping & Retail
NEFT-THAKER KIRANA STORE DWARKA,Shopping & Retail
Vinod's Supernarket,Shopping & Retail
POS DEBIT SABARI GENCIES,Shopping & Retail
UPI-LENSMART,Shopping & Retail
Gulzar Atta Chaki PAYMENT,Shopping & Retail
NEFT-VARSHINI DESIGNERS,Shopping & Retail
Deepak General Store,Shopping & Retail
POS DEBIT SHINE CASUALS,Shopping & Retail
UPI-BOOTS CITY,Shopping & Retail
Arya Bhangy Hand Carved Doors PAYMENT,Shopping & Retail
NEFT-KARIM STORES,Shopping & Retail
Sangita Collection,Shopping & Retail
POS DEBIT MALDA PEARL EMPORIUM,Shopping & Retail
UPI-KATTOOR CHICKEN STORE,Shopping & Retail
Sona PAYMENT,Shopping & Retail
NEFT-CHIRATTAPARAMBIL SPORTS,Shopping & Retail
New Razia Store,Shopping & Retail
POS DEBIT FISHMARKET MUZHAPILANGAD,Shopping & Retail
UPI-YUVRAJ BIG BAZAR,Shopping & Retail
Atlanta Business Hub PAYMENT,Shopping & Retail
NEFT-KAMALA,Shopping & Retail
G.M Enterprise,Shopping & Retail
POS DEBIT ALANADA MARKET,Shopping & Retail
UPI-KRISHNA DEPARTMENTAL STORE,Shopping & Retail
High Himalayan adventure PAYMENT,Shopping & Retail
NEFT-G1 MOBILES,Shopping & Retail
Rubi Furniture,Shopping & Retail
POS DEBIT SRI VEERABHADRA SWAMY GENERAL STORE,Shopping & Retail
UPI-MOMIN BAKERY,Shopping & Retail
selfi mobiles PAYMENT,Shopping & Retail
NEFT-SOCH,Shopping & Retail
Lakshmi General Stores,Shopping & Retail
POS DEBIT KUNNEL STORE,Shopping & Retail
UPI-KUMAR OPTICALS,Shopping & Retail
United Brothers PAYMENT,Shopping & Retail
NEFT-ASHWINI SALOON,Shopping & Retail
Chotu Kirana Store,Shopping & Retail
POS DEBIT PUSHPA,Shopping & Retail
"UPI-NEW BOOK DEPOT , STATIONARY",Shopping & Retail
Thekkalur Weekly market PAYMENT,Shopping & Retail
NEFT-DAWA BAZAR,Shopping & Retail
Vanity Fashions,Shopping & Retail
POS DEBIT LOUIS PHILIPPE FACTORY OUTLET,Shopping & Retail
UPI-KHUSHBO KIRANA,Shopping & Retail
L-16 PREMIUM SPA SALON PAYMENT,Shopping & Retail
NEFT-VENKATESHWARA STATIONARY,Shopping & Retail
United Colours of Benetton,Shopping & Retail
POS DEBIT DEVI BOOK STALLS,Shopping & Retail
UPI-BSR MALL,Shopping & Retail
Bee Gee Market PAYMENT,Shopping & Retail
NEFT-MANASI GOLD,Shopping & Retail
Calangute Jewellery market,Shopping & Retail
POS DEBIT ASOBIS,Shopping & Retail
UPI-SHOPES,Shopping & Retail
Maria Mobiles PAYMENT,Shopping & Retail
NEFT-TIRAMISU,Shopping & Retail
Subzi Mandi,Shopping & Retail
POS DEBIT ROOP SANGAM,Shopping & Retail
UPI-PAUL PARA KALU GROCERY SHOP,Shopping & Retail
Sai Srinivasa Mobile Service PAYMENT,Shopping & Retail
NEFT-ARIHANT PRINT & STATIONARY,Shopping & Retail
Samridhi Gold,Shopping & Retail
POS DEBIT SUPPLYCO PEOPLES BAZAR,Shopping & Retail
UPI-RAJ VARIETY STORES,Shopping & Retail
NIRMAL ENTERPRISE PAYMENT,Shopping & Retail
NEFT-UNITY PLAZA,Shopping & Retail
One Wash,Shopping & Retail
POS DEBIT OLIVIYA GARMENTS,Shopping & Retail
UPI-CITY PLAZA MALL,Shopping & Retail
Thanimootil Bazar PAYMENT,Shopping & Retail
NEFT-TULASHI JEWELER STORE,Shopping & Retail
nandhi super market,Shopping & Retail
POS DEBIT JOEL STORES,Shopping & Retail
UPI-MISTERS CUTT,Shopping & Retail
One World PAYMENT,Shopping & Retail
NEFT-MONDAY MARKET GROUND,Shopping & Retail
Maruti Suzuki Highland Automobiles,Shopping & Retail
POS DEBIT SOUTHEND CONCLAVE,Shopping & Retail
UPI-KROWN,Shopping & Retail
Sulur Market PAYMENT,Shopping & Retail
"NEFT-VALLAMKULAM-EARTH,TOURIST&TRAVELS",Shopping & Retail
Khanna electronics(HCL store),Shopping & Retail
POS DEBIT MBH BOOK STALL,Shopping & Retail
UPI-CM SRI SUBBULAKSHMI SUPERMARKET,Shopping & Retail
Pullaloor Ration Shop PAYMENT,Shopping & Retail
NEFT-H&J MALL,Shopping & Retail
Beauty Unisex Salon,Shopping & Retail
POS DEBIT ISABELLA FASHION STORE,Shopping & Retail
UPI-MK HARDWARE,Shopping & Retail
Chinnan Gold And Diamonds PAYMENT,Shopping & Retail
NEFT-WOODY'S,Shopping & Retail
KDP Enterprise,Shopping & Retail
POS DEBIT PANTHIRIKKARA TOWN MARKET,Shopping & Retail
UPI-MALABAR SUPER MARKET,Shopping & Retail
Mathaji Jewellers PAYMENT,Shopping & Retail
NEFT-SHOP INK,Shopping & Retail
Ira Diana spa,Shopping & Retail
POS DEBIT REMA GARMENTS,Shopping & Retail
UPI-AGRAWAL CONFECTIONARY STORE,Shopping & Retail
Venkys Salon PAYMENT,Shopping & Retail
NEFT-LADLI COLLECTION,Shopping & Retail
Shree Ji Stationary,Shopping & Retail
POS DEBIT DR. KUMAR'S HOMEO CLINIC,Shopping & Retail
UPI-FRESH FRUITS SHOP,Shopping & Retail
Christ Pharma Medical Shop PAYMENT,Shopping & Retail
NEFT-KISAN HARDWARE CENTRE,Shopping & Retail
Tulsi grocery shop,Shopping & Retail
POS DEBIT MOOLANS SUPERMARKET,Shopping & Retail
UPI-MIDLANDS,Shopping & Retail
Weekly Market PAYMENT,Shopping & Retail
NEFT-MOBILE MART,Shopping & Retail
ttttti pheebriks,Shopping & Retail
POS DEBIT GANESH COMPUTERS (GCK),Shopping & Retail
UPI-EVERGREEN GOLF SHOP,Shopping & Retail
Saar Dream PAYMENT,Shopping & Retail
NEFT-SRI VENKATA SURAYA KIRANA,Shopping & Retail
Sohan Store,Shopping & Retail
POS DEBIT WASHPOINT DRY CLEANERS,Shopping & Retail
UPI-STAR BOOK STALL AND XEROX,Shopping & Retail
Old Goa Fruit Market PAYMENT,Shopping & Retail
NEFT-JANATHA STORE,Shopping & Retail
THOTTUNGAL Jewllery,Shopping & Retail
POS DEBIT CITY CENTRE OPTICS,Shopping & Retail
UPI-FLY TRAVELS,Shopping & Retail
Variety Fashions PAYMENT,Shopping & Retail
NEFT-DIANA BEAUTY PARLOUR,Shopping & Retail
Daily Needs - Seawoods,Shopping & Retail
POS DEBIT BIBIN AND BOBIN STORE,Shopping & Retail
UPI-SRESTA GARMENTS,Shopping & Retail
Nandoos Store PAYMENT,Shopping & Retail
NEFT-FASHION POINT EXPORT SURPLUS GARMENTS,Shopping & Retail
fathima,Shopping & Retail
POS DEBIT GOODLUCK COMMUNICATIONS,Shopping & Retail
UPI-SHAN TRADERS,Shopping & Retail
T. store PAYMENT,Shopping & Retail
NEFT-SIVATHA NANO MARKET,Shopping & Retail
Navnath Bhaji Bhandar,Shopping & Retail
POS DEBIT AGRAJ FOOD PROCESSORS,Shopping & Retail
UPI-RICE AND OIL MILL,Shopping & Retail
Lakshmi Furniture PAYMENT,Shopping & Retail
NEFT-KK JEWELLERS,Shopping & Retail
Spinn Weave Fabric Studios,Shopping & Retail
POS DEBIT SRI VAISHNAVI FASHIONS,Shopping & Retail
UPI-COLOR CORNER UNISEX HAIR AND BEAUTY STUDIO,Shopping & Retail
Lakshmi Hyundai Car Showroom PAYMENT,Shopping & Retail
NEFT-SIKHU VARITIES,Shopping & Retail
Soap Shop,Shopping & Retail
POS DEBIT SHARMA STORE,Shopping & Retail
UPI-BALUS KENNELS,Shopping & Retail
Durga Jewellers PAYMENT,Shopping & Retail
NEFT-SIVA COOL DRINKS,Shopping & Retail
A2 ( attractive & affordable ),Shopping & Retail
POS DEBIT JANHAVI BEAUTY PARLOUR,Shopping & Retail
UPI-SUNDER FRUIT STORE,Shopping & Retail
Nexus mobiles PAYMENT,Shopping & Retail
NEFT-GDS HYPERMART,Shopping & Retail
M.S. ANUSHREE,Shopping & Retail
POS DEBIT TOP N SHOP LADIES WEAR,Shopping & Retail
UPI-RAITHU BAZAR PARVATHIPURAM,Shopping & Retail
Cell Guru PAYMENT,Shopping & Retail
NEFT-CAR HUB,Shopping & Retail
sai chenist and druggist,Shopping & Retail
POS DEBIT LINEN HUB,Shopping & Retail
UPI-KHODIYAR WELDING WORKS,Shopping & Retail
Prakash Woolen Cloths PAYMENT,Shopping & Retail
NEFT-K.N TRADERS,Shopping & Retail
Handmade walnut wood ca,Shopping & Retail
POS DEBIT MAA BARAHI PROVISION STORE,Shopping & Retail
UPI-RYTU BAZAR,Shopping & Retail
Cazaro PAYMENT,Shopping & Retail
NEFT-VANESHA BEAUTY STUDIO,Shopping & Retail
Home Magic Mini Bazar,Shopping & Retail
POS DEBIT SALALA,Shopping & Retail
"UPI-MUNDAKKAL OPTICALS, VAZHAKULAM",Shopping & Retail
amar medical store PAYMENT,Shopping & Retail
NEFT-NARSINGH AMEERPET,Shopping & Retail
Mrignayani The Ethnic Store,Shopping & Retail
POS DEBIT ROODRAKSH,Shopping & Retail
UPI-VEGITABLE STORE,Shopping & Retail
Rani Sati Sales PAYMENT,Shopping & Retail
NEFT-WAHA UNIFORMS,Shopping & Retail
Ramps communications,Shopping & Retail
POS DEBIT OMG,Shopping & Retail
UPI-SANIA,Shopping & Retail
Kashmir Art Emporium PAYMENT,Shopping & Retail
NEFT-KASHVI,Shopping & Retail
RAVI Hair Style,Shopping & Retail
POS DEBIT PK THIRANI FL OFF SHOP,Shopping & Retail
UPI-SRIJANIA,Shopping & Retail
Kerala Textiles PAYMENT,Shopping & Retail
NEFT-REKHI DEPARTMENTAL STORE,Shopping & Retail
Lens & Frames Optician,Shopping & Retail
POS DEBIT ARVIND WINE SHOP,Shopping & Retail
UPI-ANSAL PLAZA,Shopping & Retail
City Food Point PAYMENT,Shopping & Retail
NEFT-PN GADGIL AND SONS,Shopping & Retail
Mangalam General store and stationary shop,Shopping & Retail
POS DEBIT SWAMI FOOTWEAR,Shopping & Retail
UPI-JUICE CO.,Shopping & Retail
London Bubbles Co. PAYMENT,Shopping & Retail
NEFT-SAMRDHI SUPER MARKET,Shopping & Retail
jockey,Shopping & Retail
POS DEBIT THACHAMPARA TRADERS,Shopping & Retail
UPI-REMANI STORES.,Shopping & Retail
Swaraj Tractors PAYMENT,Shopping & Retail
NEFT-DEEPAK GENERAL STORE,Shopping & Retail
Jaliwala Traders,Shopping & Retail
POS DEBIT BIG BAZAR,Shopping & Retail
UPI-S.S.BEAUTY SALOON AND TRAINING INSTITUTE,Shopping & Retail
MANVI FASHION COLLECTION PAYMENT,Shopping & Retail
NEFT-A.P POULOSE & SONS FURNITURE STORE,Shopping & Retail
Ponnara,Shopping & Retail
POS DEBIT RITUK BLOSSOM,Shopping & Retail
UPI-CHAMPINA,Shopping & Retail
MRA Stores PAYMENT,Shopping & Retail
NEFT-NFS CARWASH,Transportation
A to Z Car Wash,Transportation
POS DEBIT WASH MY CARS,Transportation
UPI-WIN CAR WASH,Transportation
St. Joseph's School PAYMENT,Transportation
NEFT-FUEL,Transportation
Turbo Car Wash,Transportation
"POS DEBIT WATER SERVICE, CAR & BIKE WASH",Transportation
UPI-CAR,Transportation
Sai Ram Service Station PAYMENT,Transportation
NEFT-KWA TANK,Transportation
Aarti service station,Transportation
POS DEBIT CROWN CAR WASH,Transportation
UPI-AUTOWASCHE CAR WASH,Transportation
HASIBA EXPRESS CAR WASH PAYMENT,Transportation
NEFT-FLORENCE CAR WASH - CERAMIC PRO COATINGS,Transportation
Neelkanth Auto,Transportation
POS DEBIT CIVIC CARWASH,Transportation
UPI-GALAXY AUTO SERVICE STATION,Transportation
Car Armor PAYMENT,Transportation
NEFT-TECHMAX AUTO SPA,Transportation
Carz,Transportation
POS DEBIT HANUMAN CAR WASH,Transportation
UPI-CAR WASHING STATION,Transportation
Car Wash Service Centre Chinikonam PAYMENT,Transportation
NEFT-CARI PRO,Transportation
Ballala Circle,Transportation
POS DEBIT NITU CAR SPA AND AUTO GLASS,Transportation
UPI-AIMA CAR WASH,Transportation
Autotech - Car Wash PAYMENT,Transportation
NEFT-RAJNI KANTA CAR WASH,Transportation
Vishwakarma Car Wash & Detailers,Transportation
POS DEBIT WASH MY CAR,Transportation
UPI-CAR & BIKE WASH,Transportation
Modern Car Wash PAYMENT,Transportation
NEFT-WASH ON RUSH,Transportation
Prerana Motors,Transportation
POS DEBIT HARDINGE CIRCLE,Transportation
UPI-PLATINWASCHE DETAILERS,Transportation
Planet Green Bikes PAYMENT,Transportation
NEFT-VISHNU SERVICE CENTRE,Transportation
Car care inn polishing and cleaning,Transportation
POS DEBIT AUTO TAG CAR WASH AND DETAILING,Transportation
UPI-PLANET GREEN BIKE,Transportation
Peetees car wash PAYMENT,Transportation
NEFT-SLV CAR WASH,Transportation
Foam car wash,Transportation
POS DEBIT CARZ SPA,Transportation
UPI-SUPER SHINE,Transportation
Garage PAYMENT,Transportation
NEFT-AL SAFA AUTO LAB,Transportation
Ayaan Car Wash,Transportation
POS DEBIT KTM WATER SERVICE,Transportation
UPI-SURYA CARWASH,Transportation
Madathumpadi Service Station PAYMENT,Transportation
NEFT-HARSHA CAR WASH,Transportation
St Philomena's Church,Transportation
POS DEBIT BOSCH CAR SERVICE,Transportation
UPI-ABSOLUTE CAR SPA,Transportation
Mahendra Car wash PAYMENT,Transportation
NEFT-ROSARIO CAR/BIKE WASHING .,Transportation
Eskay Wash and Rub,Transportation
POS DEBIT MYBYK NID SARDAR BRIDGE,Transportation
UPI-AMG SERVICE STATION,Transportation
Carma PAYMENT,Transportation
NEFT-ADNOC,Transportation
Gudoo Automobiles,Transportation
POS DEBIT MCP SECTOR 14 GOVT. GIRLS COLLEGE PUBLIC BIKE STATION,Transportation
UPI-MONKS GARAGE,Transportation
Sneha Washing Centre PAYMENT,Transportation
NEFT-CAREPOINT AUTOTOUCH,Transportation
Planet,Transportation
POS DEBIT SHEKAR WATER SERVICE CENTER,Transportation
UPI-MARUTI CAR WASH,Transportation
Maria Vehicle Wash Centre PAYMENT,Transportation
NEFT-MAGASIN DE VELOS PONDYWHEELS.COM,Transportation
Ocean Autospa,Transportation
POS DEBIT RUBY CARWASH,Transportation
UPI-SHINE MY CAR,Transportation
Ashley's Car Wash PAYMENT,Transportation
NEFT-BOSS CAR WASH,Transportation
P&P Service Station,Transportation
POS DEBIT QUALITY AUTO SPA,Transportation
UPI-BEST WATER WASH STATION,Transportation
"Polytechnic Women College, Shakti Nagar PAYMENT",Transportation
NEFT-CYCLES FOR RENT,Transportation
Xpress car wash,Transportation
POS DEBIT M7 CAR WASH,Transportation
UPI-MARIA CAR WASH,Transportation
Taluk office PAYMENT,Transportation
NEFT-X PRESS,Transportation
A1 Maruti Survice center,Transportation
POS DEBIT DEVI,Transportation
UPI-TENNIS COURT,Transportation
Om Bholenath Service Station PAYMENT,Transportation
NEFT-AUTO SPA,Transportation
"Maruti Suzuki Service, Thalayolaparambu",Transportation
POS DEBIT KAR CARE,Transportation
UPI-BHAGAVATHY WATER SERVICE CENTRE,Transportation
Speed Car Wash PAYMENT,Transportation
NEFT-SANJOSE,Transportation
Quality Motors,Transportation
POS DEBIT ONE SHOP CAR SOLUTION,Transportation
UPI-JISAN ENTERPRISE,Transportation
car wash shop PAYMENT,Transportation
NEFT-NEW LAND AUTOMATIC CAR WASH,Transportation
Alankar Car Wash,Transportation
POS DEBIT TIP TOP SHINERS,Transportation
UPI-S.P SERVICE CENTER,Transportation
Car Bath PAYMENT,Transportation
NEFT-CAR FORM WASH,Transportation
Cousin's Car Care,Transportation
POS DEBIT JANI SHOP,Transportation
UPI-TURTLE WAX CAR CARE STUDIO,Transportation
Highway Speed Car Wash PAYMENT,Transportation
NEFT-LOKNATH CAR & BIKE WASHING CENTER,Transportation
Government Ayurvedic Hospital,Transportation
POS DEBIT NAMMA NIMMA CYCLE FOUNDATION,Transportation
UPI-CAR WORLD,Transportation
Sparkle Service Station PAYMENT,Transportation
NEFT-RUDRA AUTOMOBILES,Transportation
Green Care,Transportation
POS DEBIT KALLAPRABMIL SERVICE STATION,Transportation
UPI-CHIRAKKAL AUTO HUB,Transportation
I Wash Robotic Car Wash PAYMENT,Transportation
NEFT-ELEPHANT&FOUR WISE MEN,Transportation
Star Water Service,Transportation
POS DEBIT THE DETAILING MAFIA,Transportation
UPI-CAR TECH MARUTI SERVICE CENTER,Transportation
Goes Auto Spa PAYMENT,Transportation
NEFT-M R CAR WASH,Transportation
Mall of Mysuru,Transportation
POS DEBIT SHA CAR WASH,Transportation
UPI-BHARATH CAR WASH,Transportation
Vehicle Service Station PAYMENT,Transportation
NEFT-MCP SECTOR 18 PUBLIC BIKE STATION,Transportation
Servizzy Ca experts & Automobiles,Transportation
POS DEBIT BABLO WASHING CENTRE,Transportation
UPI-MARUTI TRUE VALUE - ASPA BANDSONS AUTO PVT. LTD,Transportation
Bharat Car Wash PAYMENT,Transportation
NEFT-DETAILING DUDES,Transportation
MCP Sector 12 Public Bike Station,Transportation
POS DEBIT YULU BIKES ZONE - NMMC HEADQUARTERS,Transportation
UPI-POSE CAR CARE,Transportation
Happy Car Wash PAYMENT,Transportation
NEFT-GEETA,Transportation
Car Wash,Transportation
POS DEBIT ASV CAR SERVICES,Transportation
UPI-YAR AUTOMATIC CAR WASH,Transportation
splash service station PAYMENT,Transportation
NEFT-KUNJAKKA'S WASHING DONE,Transportation
Santosh Bike On Rent,Transportation
POS DEBIT SRI HANUMAN CAR WASH,Transportation
UPI-ADWIK EXPRESS CAR WASH,Transportation
max cycle shop PAYMENT,Transportation
NEFT-CAR WASH AND NITROGEN FILLING CENTRE,Transportation
NS Car Wash,Transportation
POS DEBIT POPULAR VEHICLE SERVICE,Transportation
UPI-INFINITY CAR WASH,Transportation
moryaa kaar kear aNdd veNsh PAYMENT,Transportation
NEFT-SHANTHAR CAR WASH,Transportation
GSL Service Centre,Transportation
POS DEBIT WASHINGTOWN CARSWASH AND DETAILING HUB,Transportation
UPI-MARUTHI ONE TOUCH WASH,Transportation
Nayagra Car Wash PAYMENT,Transportation
NEFT-AUTOCARE CAR WASH,Transportation
Autodrome,Transportation
POS DEBIT SHREE CHOTH MATA WASHING,Transportation
UPI-JH CAR WASH AND DETAILINGS,Transportation
Gun house circle PAYMENT,Transportation
NEFT-T. NARSIPURA CIRCLE,Transportation
New poppular,Transportation
POS DEBIT EASY CAR SPA,Transportation
UPI-EXPRESS CAR WASH,Transportation
"""DRIVE- BY MULTI BRAND CAR SOLUTIONS"" PAYMENT",Transportation
NEFT-WORKSHOP,Transportation
DC Office,Transportation
POS DEBIT AUTO THERAPY THE DETAILING STUDIO KURUKSHETRA,Transportation
UPI-DETAILING WOLVES,Transportation
Rajmohan Washing Point PAYMENT,Transportation
NEFT-RRR CAR CARE,Transportation
"Roop Nagar, Opp Furniture Shop",Transportation
POS DEBIT MAGIC WASH CAR DETAILING,Transportation
UPI-J&J WATER SERVICE,Transportation
MCP Sector 16 Roundabout Public Bike Station PAYMENT,Transportation
NEFT-CAR POOL - CAR AND TWO WHEELER WASH SERVICES,Transportation
Perfect auto hub g car wash,Transportation
POS DEBIT YSHIK'S SKYLINE CAR WASH,Transportation
UPI-CRYSTAL CAR WASH,Transportation
Srinivasa Circle PAYMENT,Transportation
NEFT-SHINEX CAR SPA,Transportation
Sparkle Car Spa,Transportation
POS DEBIT PULAVATH CAR WASH,Transportation
UPI-SHOLLA SERVICE STATION,Transportation
car rental PAYMENT,Transportation
NEFT-BHARAT CYCLE CO,Transportation
Crystal Auto SPA,Transportation
POS DEBIT HARSHA CAR WASH,Transportation
UPI-D.A CAR WASHING CENTER,Transportation
MCP Sector 15 Roundabout Public Bike Station PAYMENT,Transportation
NEFT-HBC BIKE STATION,Transportation
Total Car Care Solutions,Transportation
POS DEBIT SAGAR CAR WASHING,Transportation
UPI-HARI'S BIKE RENTAL,Transportation
Yulu Zone PAYMENT,Transportation
NEFT-HIGH TECH AUTO CARE CENTRE,Transportation
Santosh Sagar Hydraulic Water Servicing,Transportation
POS DEBIT GOLJU CAR WASHING CENTRE,Transportation
UPI-3M CAR CARE,Transportation
Splash Car Wash PAYMENT,Transportation
NEFT-U K CAR WASH,Transportation
Good Shine Elma Premium Car Care,Transportation
POS DEBIT AL-NOOR MOTORS,Transportation
UPI-CYCLINGZEN,Transportation
Vadivelu Cycle Renting PAYMENT,Transportation
NEFT-KINISI,Transportation
Mobile Carwash Caggo,Transportation
POS DEBIT WASH UP CAR CARE,Transportation
UPI-BRIGHT SERVICE STATION,Transportation
Kallalagar Water Service PAYMENT,Transportation
NEFT-PADMAVATI CAR WASH,Transportation
Quicky Clean Car Wash,Transportation
POS DEBIT KUNNATH BIKE SERVICE,Transportation
UPI-ANNAI CARS,Transportation
Manju Washing Center PAYMENT,Transportation
NEFT-RENT A BIKE,Transportation
Car washing shop,Transportation
POS DEBIT KAZHUNILATHIL CAR WATER SERVICE,Transportation
UPI-THE DETAILING COMPANY,Transportation
UR's Car Wash PAYMENT,Transportation
NEFT-BLUE FOX CAR WASH (IN DEVELOPMENT),Transportation
EYL Customs,Transportation
POS DEBIT THE FINE LINE AUTOMOTIVE DETAILING STUDIO,Transportation
UPI-PAPPU AUTO CARE,Transportation
Solitaire Car Studio PAYMENT,Transportation
NEFT-MARUTHI WATER SERVICE,Transportation
Sri Manikanta Car Wash,Transportation
POS DEBIT KARANJI LAKE,Transportation
UPI-MYBYK,Transportation
Krishna car washing PAYMENT,Transportation
NEFT-JAMMU UNIVERSITY FRONT,Transportation
Classy car wash,Transportation
POS DEBIT VAC CAR WASH,Transportation
UPI-EMERALD,Transportation
marithi susuki PAYMENT,Transportation
NEFT-YULU BIKE STAND,Transportation
"Eezee wash(car,bike)",Transportation
POS DEBIT SRI HARI CAR DETAILING,Transportation
UPI-HYUNDAI CAR SERVICE,Transportation
DULT Bike Share Point PAYMENT,Transportation
NEFT-WASH N WASH,Transportation
Parray Motors,Transportation
POS DEBIT ATI CAMPUS,Transportation
UPI-ST MARYS CAR SPA,Transportation
Parappil Water Service PAYMENT,Transportation
NEFT-ELEGANT CAR WASH,Transportation
LapOne,Transportation
"POS DEBIT MARUTI SUZUKI SERVICE, KOOTHATTUKULAM",Transportation
UPI-DIPESH CAR WASHING CENTER,Transportation
LIC Circle PAYMENT,Transportation
NEFT-CAR WATER SERVICE,Transportation
Mysuru Palace,Transportation
POS DEBIT MR WASH,Transportation
UPI-NINOV,Transportation
Maruti motors PAYMENT,Transportation
NEFT-BSM CAR WASH,Transportation
Naveena Car Wash,Transportation
POS DEBIT RTO CIRCLE,Transportation
UPI-ROY CAR & BIKE WASH,Transportation
Splash car wash and detailing centre PAYMENT,Transportation
NEFT-CITY BUS STAND,Transportation
Dynamic Car And Bike Wash Services,Transportation
POS DEBIT RAMAKRISHNA CAR WASH,Transportation
UPI-SMARTBIKE,Transportation
Khan car washing PAYMENT,Transportation
NEFT-DK AUTOMOBILES,Transportation
Shiney Car Wash & Spa,Transportation
POS DEBIT TURBO WASH,Transportation
UPI-CAR SHINE,Transportation
Chinchu Service Station PAYMENT,Transportation
NEFT-YULU BIKES ZONE - NRI COLONY MAIN GATE,Transportation
Nani,Transportation
POS DEBIT KINGS CAR WASH,Transportation
UPI-MATHEW RENTALS,Transportation
Mysuru Scooter rental PAYMENT,Transportation
NEFT-MIDLAND CAR CARE AND WHEEL CARE,Transportation
KUNNEL SERVICE STATION,Transportation
POS DEBIT MYSURU ZOO,Transportation
UPI-HEERA CAR WASH,Transportation
Pro Tone PAYMENT,Transportation
NEFT-CYCLE PATH,Transportation
Matru Mandali Circle,Transportation
POS DEBIT SRI SRINIVASA CAR AND BIKE WASHING,Transportation
UPI-300 CUSTOMS,Transportation
Superior Car clean PAYMENT,Transportation
NEFT-SHINE SERVICE STATION,Transportation
Vishanthi Car Wash,Transportation
POS DEBIT AUTOCLEANSER,Transportation
UPI-RAMASWAMY CIRCLE,Transportation
Om Palace Shakti Nagar PAYMENT,Transportation
NEFT-ZULU ELECTRIC BIKE RENTAL,Transportation
Kalarikkal Car Care,Transportation
"POS DEBIT HYDRA ADVENTURE - CYCLE RENTS, CAMPING & TREKKING EVENTS",Transportation
UPI-LORRY WASH SERVICE CENTRE,Transportation
"Abs car fancy,Vettichira PAYMENT",Transportation
NEFT-GURU CYCLE SHOP,Transportation
Pratheeksha Service Station,Transportation
POS DEBIT AUTOSPA AUTOMATIC CAR WASH,Transportation
UPI-MUTHOOT TATA SEVICE CENTER,Transportation
Gandhi Nagar Hospital Front PAYMENT,Transportation
NEFT-NEW POPPULAR WORK SHOP $CAR WASH,Transportation
yuvi express car wash,Transportation
POS DEBIT BIKE WASH,Transportation
UPI-S & S THE COMPLETE CAR WORK,Transportation
Garage 33 PAYMENT,Transportation
NEFT-SMART CAR WASH,Transportation
kukkuNbsirrrri,Transportation
POS DEBIT KUNAL CAR WASHING,Transportation
UPI-MOTTY'S CAR WASH,Transportation
Parade Women College Front PAYMENT,Transportation
"NEFT-MCP SECTOR 10, HOTEL SHIRAZ PUBLIC BIKE STATION",Transportation
Lucky Car Wash,Transportation
POS DEBIT THE DETAILLING ANGEL CAR WASH,Transportation
UPI-SUSHIMA AUTOMOBILE & CAR WASH,Transportation
Clean & Shine Car Care PAYMENT,Transportation
NEFT-DUBAI CAR WASH,Transportation
Mobiccarspa,Transportation
POS DEBIT PROSHINE,Transportation
UPI-MOTORIC AUTOMOTIVE,Transportation
Private Bus Stand PAYMENT,Transportation
NEFT-7 CAR WASH,Transportation
Najdh Car Spa,Transportation
POS DEBIT KEERTHANA HIGH POWER WASHING CENTRE,Transportation
UPI-S B S CAR WASH,Transportation
A-one car wash PAYMENT,Transportation
NEFT-VAILANKANNI CAR WASHING AND MAINTENANCE,Transportation
Clean & Shine,Transportation
POS DEBIT MUBARAK SPA,Transportation
UPI-ARMAN CAR WASH,Transportation
Express Car Care PAYMENT,Transportation
NEFT-JAYESH MOTORS,Transportation
Grand Total Car Care,Transportation
POS DEBIT AUTO PLANET,Transportation
UPI-RECIDENCY ROAD BICYCLE PARKING,Transportation
J.K. Servicing Centre PAYMENT,Transportation
NEFT-NOIDA CAR WASH,Transportation
Car wash & Detailing,Transportation
POS DEBIT SANGOLLI RAYANNA CIRCLE,Transportation
UPI-KVR AUTO CARS,Transportation
Tilt Bicycle Rental PAYMENT,Transportation
NEFT-TAWKLINGA VEHICLE SERVICING CENTER,Transportation
MCC Office,Transportation
POS DEBIT GOOD YEAR,Transportation
UPI-CHAUDHARY HYUNDAI,Transportation
HAPPY CAR WASH PAYMENT,Transportation
NEFT-SS AUTO GARAGE ANNAKUTTY,Transportation
NO 1 car washing,Transportation
POS DEBIT DOWN TOWN MOTO CARWASH,Transportation
UPI-AEON SERVICE STATION,Transportation
Saini car wash & detailing PAYMENT,Transportation
NEFT-GASMONKEY VEHICLE WATER SERVICE,Transportation
CAR WASH CENTRE,Transportation
POS DEBIT GREASE MONKEY AUTO HUB CAFE,Transportation
UPI-SURYA CHANDRA SERVICE STATION,Transportation
Car Service Center PAYMENT,Transportation
NEFT-LEBBAI'S CAR WASH,Transportation
City Car Washing Centre11,Transportation
POS DEBIT BUBBLE CAR SPA,Transportation
"UPI-SMART CAR WASH, VAZHAKULAM",Transportation
Raptor Auto Detailing PAYMENT,Transportation
NEFT-VENTATESHWARA CAR WASH,Transportation
Car DX,Transportation
POS DEBIT CAR CLINIC,Transportation
UPI-GUJARAT CARWASH,Transportation
Service centre PAYMENT,Transportation
NEFT-GOLE MARKET NEAR BUS SHELTER,Transportation
Yulu Bikes Zone - Maruti,Transportation
POS DEBIT WASH MY CAR,Transportation
UPI-SBM CAR NEEDS,Transportation
Yulu Bike Zone PAYMENT,Transportation
"NEFT-JACOB'S CAR DETALING CENTER,CAR WASHING",Transportation
Service Station,Transportation
POS DEBIT NILKANTH CAR CARE,Transportation
UPI-ROMA FOAM WASH,Transportation
Elite Aqua Chem Technologies PAYMENT,Transportation
NEFT-MK CAR WASH,Transportation
Royal service station,Transportation
POS DEBIT CAR WASHING,Transportation
UPI-MAA KAMAKHYA WASH SHOP,Transportation
Touch and Glow Car Wash PAYMENT,Transportation
NEFT-ATHARVA WASHING POINT,Transportation
VEHICLE WASH,Transportation
POS DEBIT ROYAL CAR WASH,Transportation
UPI-MANJEET CAR WASH POINT,Transportation
Grease Monkey Auto Hub PAYMENT,Transportation
NEFT-SERVICINGWALA,Transportation
BPM,Transportation
POS DEBIT SRI TULASI CAR WASH,Transportation
UPI-VEHICLE SERVICE,Transportation
Smartbike PAYMENT,Transportation
NEFT-F1 AUTO CAR WASH,Transportation
CAR WORLD POLISHING CORNER,Transportation
POS DEBIT MAGIC WASHH TRUCK DETAILING,Transportation
"UPI-CAR WASH STATION, ONAPPUDA",Transportation
Car Foam Wash PAYMENT,Transportation
NEFT-SS WATER WASH,Transportation
AAAA Car Washing,Transportation
POS DEBIT AMITA WASH,Transportation
UPI-UNIQUE CAR CARE SERVICE STATION,Transportation
Car-Ex-Perts Automobiles LLP PAYMENT,Transportation
NEFT-WATER SERVICE,Transportation
South Bopal,Transportation
POS DEBIT CAR GAIRIJ,Transportation
UPI-MCP SECTOR 10 ROUNDABOUT PUBLIC BIKE STATION,Transportation
KSRTC Bus Depot PAYMENT,Transportation
NEFT-PUNJAB SERVICE STATION AND CAR WASHING,Transportation
Ghadi fresh,Transportation
POS DEBIT JSS COLLEGE (OOTY ROAD),Transportation
UPI-MAA LAKSHMI BISHWAKARMA (MYRA) CARBON CLEANING,Transportation
Regal Express Car Wash PAYMENT,Transportation
NEFT-AKASHAVANI,Transportation
2M Auto Fresh Car Detailing Centre,Transportation
POS DEBIT POPULAR HYUNDAI,Transportation
UPI-MEGA CAR WASH & SPA,Transportation
Anu Car Wash PAYMENT,Transportation
NEFT-DON BOSCO SERVICE CENTRE,Transportation
Splash Auto Spa,Transportation
POS DEBIT ANAMALLIS GM CAR SERVICE CENTER,Transportation
UPI-CAR WASH STATION,Transportation
MCP Sector 14 Roundabout Public Bike Station PAYMENT,Transportation
NEFT-SERVICE CENTER,Transportation
Guru nanak service station,Transportation
POS DEBIT PRIME CAR WASH,Transportation
UPI-GO KLEEN,Transportation
A+ Car Detailing Studio PAYMENT,Transportation
NEFT-NAD CAR WASH,Transportation
Meer Automobiles,Transportation
POS DEBIT CRYSTAL CAR WASH,Transportation
UPI-SPARKX AUTO DETAILING,Transportation
quick n clean PAYMENT,Transportation
NEFT-CHAMUNDI VIHAR LAYOUT,Transportation
Magasin de velos de JP,Transportation
"POS DEBIT CAR & BIKE WASH, WORKSHOP",Transportation
UPI-LINGAYYA CIRCLE,Transportation
Shree Swami Samarth Service Centre PAYMENT,Transportation
NEFT-A^2 ROBOTIC CAR WASH,Transportation
Green Shine (Daily Doorstep Car wash),Transportation
POS DEBIT OM CAR WASH,Transportation
UPI-RENTRA CAR WASH,Transportation
Detailing Dreams - Car Detailing Services | Ceramic Coating | PPF Coating PAYMENT,Transportation
NEFT-RAJU TWO AND THREE WHEEL WASH,Transportation
Rutujya Washing Center,Transportation
POS DEBIT JAMSHEED AUTOMOBILES,Transportation
UPI-SIVA,Transportation
ultimate car spa PAYMENT,Transportation
NEFT-AUTOMATIC CAR WASH,Transportation
Ganesh Medar,Transportation
POS DEBIT TELCO CAR WASH,Transportation
UPI-CAR/BIKE SERVICE CENTRE,Transportation
Wash Buddy PAYMENT,Transportation
NEFT-OLIVIA AUTOMATIC CAR WASH,Transportation
Ace Car Wash,Transportation
POS DEBIT CYCLE SHOP AND REPAIRS,Transportation
UPI-SERVICE STATION,Transportation
wash point PAYMENT,Transportation
NEFT-WATERDANCE CAR WASH,Transportation
"Janipur Police Station,Roop Nagar",Transportation
POS DEBIT UMPUPUK 2 WHEELER & 4 WHEELER CAR WASH,Transportation
UPI-VEHICLE WASHING,Transportation
Hi-Tech Automatic brushless car and bike wash PAYMENT,Transportation
NEFT-CARWASH,Transportation
Shastri Nagar Opp. Durga Mandir,Transportation
POS DEBIT ITS - INTEGRATED TRANSPORT SOLUTIONS,Transportation
UPI-MORRIS GARAGE (SALES AND SERVICE),Transportation
Pay n Spray PAYMENT,Transportation
NEFT-POOZHIKUNNEL SERVICE CENTRE,Transportation
Sita Vilasa Chathra,Transportation
POS DEBIT AQUA CARS AND SERVICES,Transportation
UPI-KALAMANDIRA,Transportation
Fast Track Service Station PAYMENT,Transportation
NEFT-NILDHARA WASHING CENTER,Transportation
Nilachal Servicing Centre,Transportation
POS DEBIT CYCLE REPAIR,Transportation
UPI-AJ'S CAR CARE,Transportation
Kukkarahalli Kere University Gate PAYMENT,Transportation
NEFT-S-CARS,Transportation
Car Doctor's Wheels and Wash,Transportation
POS DEBIT COMFORT RIDE,Transportation
UPI-CAR DECOR,Transportation
Vailankanni Auto Works PAYMENT,Transportation
NEFT-WADHWA WHEELS PERFECTION,Transportation
Vontikoppalu,Transportation
POS DEBIT MOTOSERVE CARWASH,Transportation
UPI-YULU BIKES ZONE - NRI COLONY GATE 2,Transportation
BEST PAYMENT,Transportation
NEFT-SRI VINAYAGA WATER SERVICE STATION,Transportation
79 Lights LLP Washing Centre,Transportation
POS DEBIT NAGPHAY AUTOMOBILE WORKSHOP,Transportation
UPI-CAR AND INTERIOR CLEANING,Transportation
MCP Sector 11 Roundabout Public Bike Station PAYMENT,Transportation
NEFT-VANNAPURAM WASH STATION,Transportation
hyson motors,Transportation
POS DEBIT BIOGREEN WATERLESS CAR WASH,Transportation
UPI-DVK BIKING,Transportation
SP Office Circle PAYMENT,Transportation
NEFT-SPARKLING CAR WASH,Transportation
Jewel Chownk Matador Stand,Transportation
POS DEBIT LULU SERVICE STATION AND DETAILING CENTRE,Transportation
UPI-CAR WASH,Transportation
Xpress Car Wash and Shine Autocare PAYMENT,Transportation
NEFT-A1 CAR CARE,Transportation
CARLUX Auto Detailing And Washing,Transportation
POS DEBIT SHREYASH CAR WASHING CENTRE AND SPARE PARTS,Transportation
UPI-SREERAM WATER SERVICE,Transportation
City Car Washing PAYMENT,Transportation
NEFT-HM CAR CARE,Transportation
H.R. Car Spa,Transportation
POS DEBIT CAR WASHING POINT,Transportation
UPI-SPARKLES CAR WASH,Transportation
Bhat Washing Point PAYMENT,Transportation
NEFT-ANGELO'S BIKES RENTALS,Transportation
Monu Car Was and Service Center,Transportation
POS DEBIT THE DETAILING PANDA,Transportation
UPI-DD URS ROAD,Transportation
Nand Bike on Rent PAYMENT,Transportation
NEFT-FAIZAN MOTORS,Transportation
Raghava Car Wash,Transportation
POS DEBIT KAPRIMO,Transportation
UPI-SUPER SPECIALITY HOSPITAL BAKSHI NAGAR,Transportation
Prince Car Wash PAYMENT,Transportation
NEFT-GALAXY CAR WASH,Transportation
Hindustan Auto Hub,Transportation
POS DEBIT SCANDIA CAR WASH,Transportation
UPI-BALAJI MULTIBRAND CAR WORKSHOP - BEST CAR WORKSHOP,Transportation
BrandWash PAYMENT,Transportation
NEFT-DETAILING WOLVES - VISAKHAPATNAM,Transportation
SHREE VINAYAK,Transportation
POS DEBIT NEW CAR GARAGE,Transportation
UPI-PERFECT CAR CARE NEAR MANAMOOLA BRIDGE,Transportation
Nexgen AutoSpa Varkala PAYMENT,Transportation
NEFT-SURESH CYCLES,Transportation
Tyre Puncture Repair,Transportation
POS DEBIT PM CAR DECOR,Transportation
UPI-XPRESS WASH AND WAX,Transportation
Johney's Express Car Wash PAYMENT,Transportation
NEFT-PATIL WASHING CENTER,Transportation
Sai Car Caare,Transportation
POS DEBIT SHREE CAR AND BIKE WASH,Transportation
UPI-SEA LAND CAR POLISH,Transportation
Wani Automobiles and Detailing Centre PAYMENT,Transportation
NEFT-ADDINOL,Transportation
Muthi Camp,Transportation
POS DEBIT WATER WASH SERVICE CENTER,Transportation
UPI-4D CAR WASH,Transportation
Rayyans Car Detailing PAYMENT,Transportation
NEFT-BAVA'S CAR WASH AND POLLUTION TESTING CENTRE,Transportation
Chamundi Hills Foot,Transportation
POS DEBIT SPICK N SPAN CAR AND BIKE WASHING CENTER,Transportation
UPI-CITY SERVICING CENTRE,Transportation
Cheverolet Automobile PAYMENT,Transportation
NEFT-CAR POLISH,Transportation
Car Spa,Transportation
POS DEBIT PIT CARWASH,Transportation
UPI-CAR WASING STATION,Transportation
Nakshathra Car Wash PAYMENT,Transportation
NEFT-KULKARNI AUTOMOBILES,Transportation
Kalladikkode Service Station,Transportation
POS DEBIT CAR WASH & SERVICE STATION,Transportation
UPI-MCP SECTOR 7 HOUSING BOARD COLONY PUBLIC BIKE STATION,Transportation
KR Mohalla PAYMENT,Transportation
NEFT-ABSOLUTE CAR SPA,Transportation
R.K Car Washing station & pollution centre,Transportation
POS DEBIT MAHINDRA SERVICE CENTRE,Transportation
UPI-VIGNESH CAR WASH,Transportation
Pedl PAYMENT,Transportation
NEFT-SS CAR WASHING CENTER,Transportation
Pranavam Service Center,Transportation
POS DEBIT CAR AND BIKE WASH STATION,Transportation
UPI-APNA WASH - AUTO CARE,Transportation
Venkateshwara Auto Works PAYMENT,Transportation
NEFT-WASH HUB,Transportation
Car Armour,Transportation
POS DEBIT TC MOTOR WASH,Transportation
UPI-EXCELLENT CAR WASH,Transportation
Crown Car Detailing PAYMENT,Transportation
NEFT-EXPRESS CAR WASH,Transportation
chunkzz car wash,Transportation
POS DEBIT BK CYCLE MART,Transportation
UPI-JET CAR WASH,Transportation
Clean care PAYMENT,Transportation
NEFT-MCP SECTOR 5 PARADE GROUND STATION,Transportation
Tamam car wash,Transportation
"POS DEBIT ASIAN SERVICE CENTRE, WATER SERVICE",Transportation
UPI-OZONE CAR SPA,Transportation
Auto World PAYMENT,Transportation
NEFT-MARSHAL SERVICE STATION,Transportation
Sri Sai Durga Car Wash,Transportation
POS DEBIT BLAKOX AUTOSPA,Transportation
UPI-KOTHRUD PETROL CIRCLE,Transportation
car wash PAYMENT,Transportation
NEFT-SG CAR FOAM WASH,Transportation
SKA Washing Center,Transportation
POS DEBIT SOHAIL'S WASH STOP,Transportation
UPI-JAI MA LAXMI GARAGE,Transportation
Chotu Bike Service & Wash PAYMENT,Transportation
NEFT-THE CAR SPA - AUO HUB,Transportation
Splash On,Transportation
POS DEBIT YULU BIKES ZONE - SUBWAY,Transportation
UPI-V CARE AUTOMATIC SERVICE STATION,Transportation
Yadav Car Washing Centre PAYMENT,Transportation
NEFT-KANHAYA SERVICE STATION,Transportation
The Car Laundry,Transportation
POS DEBIT GOKULAM,Transportation
UPI-EVO DRIVE,Transportation
Bohagi Car Wash PAYMENT,Transportation
NEFT-CAR PANTING AND WASH,Transportation
karwash,Transportation
POS DEBIT CAR WASHING,Transportation
UPI-BOUNCE,Transportation
Yulu Bikes Zone - Sector-48 PAYMENT,Transportation
NEFT-AMBADIYIL CAR WASH,Transportation
Bhat Service Station,Transportation
POS DEBIT CHAUDARY CAR WASH,Transportation
UPI-APNA CAR WASHING CENTRE,Transportation
Sober Car Wash And Cafe PAYMENT,Transportation
NEFT-MYSURU RAILWAY STATION,Transportation
5k Car care,Transportation
POS DEBIT WASHHUB,Transportation
UPI-FAIZY CAR SPA,Transportation
Nitin Automobiles PAYMENT,Transportation
NEFT-AUTO SPA CAR WASH,Transportation
saifu's washing done,Transportation
POS DEBIT WASH WORLD,Transportation
UPI-AXOM HYDROLIC CAR WASH CENTER,Transportation
Car's Spa PAYMENT,Transportation
NEFT-RAPID AUTO CAR WASH,Transportation
adhwan auto carwash,Transportation
POS DEBIT MCC ZONE-2,Transportation
UPI-HYDROLUXE GARAGE,Transportation
Balaji Car Washing & Machine Center PAYMENT,Transportation
NEFT-DADA KRUPA CAR SERVICE CENTER,Transportation
Kritika motors,Transportation
"POS DEBIT RENAULT SERVICE CENTRE, KAKKAD",Transportation
UPI-D'SOUZA CIRCLE BICYCLE PARKING,Transportation
Automobile Service Station PAYMENT,Transportation
NEFT-NEWAY CAR WASH,Transportation
meppadath car wash and services,Transportation
POS DEBIT BICYCLE RENT,Transportation
UPI-GALAXY CAR WASH,Transportation
Super Washing Centre PAYMENT,Transportation
NEFT-NEW BORN,Transportation
City Car Spa,Transportation
POS DEBIT SHRI GANESH CAR WASH AND CARE,Transportation
UPI-DRAG RACER CAR WASH,Transportation
Motozone Carwash and Detailing PAYMENT,Transportation
NEFT-AMIGO AUTOSPA,Transportation
CAR WASH A-ONE SERVICING,Transportation
POS DEBIT UNIQUE CAR WASH,Transportation
UPI-A.M.MOTORS SERVICE,Transportation
Mr Car wash PAYMENT,Transportation
NEFT-AIZOOM CAR WASH,Transportation
Koickakudyil Service Station,Transportation
POS DEBIT RENEE EXPRESS CAR WASH,Transportation
UPI-MUDA OFFICE,Transportation
Siva Sai PAYMENT,Transportation
NEFT-UNIVERSITY GATE (OPPOSITE TO MAIN ENTRANCE),Transportation
ict cabs,Transportation
POS DEBIT SHINE CARE - CAR WASH & CLOTH LAUNDRY,Transportation
UPI-MORNING STAR CAR WASH,Transportation
Trident Hyundai Car Service PAYMENT,Transportation
NEFT-KUKKARAHALLI KERE,Transportation
Kombanathottathil Auto Wash,Transportation
POS DEBIT YULU,Transportation
UPI-CAR SERVICE CENTRE,Transportation
Chamundi Hills Top PAYMENT,Transportation
NEFT-MYBYK,Transportation
irshaad car washing center,Transportation
POS DEBIT JAGANMOHAN PALACE,Transportation
